###################### Train App Config ####################
scratch:
  resolution: 1024
  train_batch_size: 2
  num_train_workers: 4
  num_frames: 1
  max_num_objects: 10
  base_lr: 5.0e-06
  vision_lr: 3.0e-06
  phases_per_epoch: 1
  num_epochs: 100
dataset:
  img_folder: /home/tien.nguyen/workspace/project/common/data/fbm/commercial/specialty_segmentation_dataset_for_sam2_20260916_sahi/images/train
  gt_folder: /home/tien.nguyen/workspace/project/common/data/fbm/commercial/specialty_segmentation_dataset_for_sam2_20260916_sahi/masks/train
  file_list_txt: null
  multiplier: 2
vos:
  train_transforms:
  - _target_: training.dataset.transforms.ComposeAPI
    transforms:
    - _target_: training.dataset.transforms.RandomHorizontalFlip
      consistent_transform: true
    - _target_: training.dataset.transforms.RandomAffine
      degrees: 25
      shear: 20
      image_interpolation: bilinear
      consistent_transform: true
    - _target_: training.dataset.transforms.RandomResizeAPI
      sizes: ${scratch.resolution}
      square: true
      consistent_transform: true
    - _target_: training.dataset.transforms.ColorJitter
      consistent_transform: true
      brightness: 0.1
      contrast: 0.03
      saturation: 0.03
      hue: null
    - _target_: training.dataset.transforms.RandomGrayscale
      p: 0.05
      consistent_transform: true
    - _target_: training.dataset.transforms.ColorJitter
      consistent_transform: false
      brightness: 0.1
      contrast: 0.05
      saturation: 0.05
      hue: null
    - _target_: training.dataset.transforms.ToTensorAPI
    - _target_: training.dataset.transforms.NormalizeAPI
      mean:
      - 0.485
      - 0.456
      - 0.406
      std:
      - 0.229
      - 0.224
      - 0.225
trainer:
  _target_: training.best_coco_trainer.BestCOCOTrainer
  mode: train_only
  max_epochs: ${times:${scratch.num_epochs},${scratch.phases_per_epoch}}
  accelerator: cuda
  seed_value: 123
  instance_eval:
    image_dir: /home/tien.nguyen/workspace/project/common/data/fbm/commercial/specialty_segmentation_dataset_for_sam2_20260916_sahi/images/valid
    mask_dir: /home/tien.nguyen/workspace/project/common/data/fbm/commercial/specialty_segmentation_dataset_for_sam2_20260916_sahi/masks/valid
    annotation_file: null
    category_id: 0
    background_label: 0
    every_n_epochs: 1
    metric: AP
    max_dets: 100
    amp_dtype: bfloat16
    num_images: 100
    sample_seed: 42
    generator:
      points_per_side: 32
      points_per_batch: 64
      pred_iou_thresh: 0.8
      stability_score_thresh: 0.95
      box_nms_thresh: 0.7
      crop_n_layers: 0
      min_mask_region_area: 0
      use_m2m: false
      multimask_output: true
  model:
    _target_: training.model.grid_negative_sam2.GridNegativeSAM2Train
    sample_all_correct_region: true
    max_ratio_of_negative_objs: 1
    image_encoder:
      _target_: sam2.modeling.backbones.image_encoder.ImageEncoder
      scalp: 1
      trunk:
        _target_: sam2.modeling.backbones.hieradet.Hiera
        embed_dim: 112
        num_heads: 2
        drop_path_rate: 0.1
      neck:
        _target_: sam2.modeling.backbones.image_encoder.FpnNeck
        position_encoding:
          _target_: sam2.modeling.position_encoding.PositionEmbeddingSine
          num_pos_feats: 256
          normalize: true
          scale: null
          temperature: 10000
        d_model: 256
        backbone_channel_list:
        - 896
        - 448
        - 224
        - 112
        fpn_top_down_levels:
        - 2
        - 3
        fpn_interp_model: nearest
    memory_attention:
      _target_: sam2.modeling.memory_attention.MemoryAttention
      d_model: 256
      pos_enc_at_input: true
      layer:
        _target_: sam2.modeling.memory_attention.MemoryAttentionLayer
        activation: relu
        dim_feedforward: 2048
        dropout: 0.1
        pos_enc_at_attn: false
        self_attention:
          _target_: sam2.modeling.sam.transformer.RoPEAttention
          rope_theta: 10000.0
          feat_sizes:
          - 64
          - 64
          embedding_dim: 256
          num_heads: 1
          downsample_rate: 1
          dropout: 0.1
        d_model: 256
        pos_enc_at_cross_attn_keys: true
        pos_enc_at_cross_attn_queries: false
        cross_attention:
          _target_: sam2.modeling.sam.transformer.RoPEAttention
          rope_theta: 10000.0
          feat_sizes:
          - 64
          - 64
          rope_k_repeat: true
          embedding_dim: 256
          num_heads: 1
          downsample_rate: 1
          dropout: 0.1
          kv_in_dim: 64
      num_layers: 4
    memory_encoder:
      _target_: sam2.modeling.memory_encoder.MemoryEncoder
      out_dim: 64
      position_encoding:
        _target_: sam2.modeling.position_encoding.PositionEmbeddingSine
        num_pos_feats: 64
        normalize: true
        scale: null
        temperature: 10000
      mask_downsampler:
        _target_: sam2.modeling.memory_encoder.MaskDownSampler
        kernel_size: 3
        stride: 2
        padding: 1
      fuser:
        _target_: sam2.modeling.memory_encoder.Fuser
        layer:
          _target_: sam2.modeling.memory_encoder.CXBlock
          dim: 256
          kernel_size: 7
          padding: 3
          layer_scale_init_value: 1.0e-06
          use_dwconv: true
        num_layers: 2
    num_maskmem: 7
    image_size: ${scratch.resolution}
    sigmoid_scale_for_mem_enc: 20.0
    sigmoid_bias_for_mem_enc: -10.0
    use_mask_input_as_output_without_sam: true
    directly_add_no_mem_embed: true
    no_obj_embed_spatial: true
    use_high_res_features_in_sam: true
    multimask_output_in_sam: true
    iou_prediction_use_sigmoid: true
    use_obj_ptrs_in_encoder: true
    add_tpos_enc_to_obj_ptrs: true
    proj_tpos_enc_in_obj_ptrs: true
    use_signed_tpos_enc_to_obj_ptrs: true
    only_obj_ptrs_in_the_past_for_eval: true
    pred_obj_scores: true
    pred_obj_scores_mlp: true
    fixed_no_obj_ptr: true
    multimask_output_for_tracking: true
    use_multimask_token_for_obj_ptr: true
    multimask_min_pt_num: 0
    multimask_max_pt_num: 1
    use_mlp_for_obj_ptr_proj: true
    prob_to_use_pt_input_for_train: 1.0
    prob_to_use_pt_input_for_eval: 0.0
    prob_to_use_box_input_for_train: 0.0
    prob_to_use_box_input_for_eval: 0.0
    prob_to_sample_from_gt_for_train: 0.1
    num_frames_to_correct_for_train: 1
    num_frames_to_correct_for_eval: 1
    rand_frames_to_correct_for_train: false
    add_all_frames_to_correct_as_cond: true
    num_init_cond_frames_for_train: 1
    rand_init_cond_frames_for_train: false
    num_correction_pt_per_frame: 0
    use_act_ckpt_iterative_pt_sampling: false
    num_init_cond_frames_for_eval: 1
    forward_backbone_per_frame_for_eval: true
  data:
    train:
      _target_: training.dataset.sam2_datasets.TorchTrainMixedDataset
      phases_per_epoch: ${scratch.phases_per_epoch}
      batch_sizes:
      - ${scratch.train_batch_size}
      datasets:
      - _target_: training.dataset.vos_dataset.VOSDataset
        training: true
        multiplier: ${dataset.multiplier}
        video_dataset:
          _target_: training.dataset.vos_raw_dataset.PNGRawDataset
          img_folder: ${dataset.img_folder}
          gt_folder: ${dataset.gt_folder}
          file_list_txt: null
        sampler:
          _target_: training.dataset.vos_sampler.RandomUniformSampler
          num_frames: 1
          max_num_objects: ${scratch.max_num_objects}
        transforms:
        - _target_: training.dataset.transforms.RandomHorizontalFlip
          consistent_transform: true
        - _target_: training.dataset.transforms.RandomAffine
          degrees: 25
          shear: 20
          image_interpolation: bilinear
          consistent_transform: true
        - _target_: training.dataset.transforms.RandomResizeAPI
          sizes: ${scratch.resolution}
          square: true
          consistent_transform: true
        - _target_: training.dataset.transforms.ColorJitter
          consistent_transform: true
          brightness: 0.1
          contrast: 0.03
          saturation: 0.03
          hue: null
        - _target_: training.dataset.transforms.RandomGrayscale
          p: 0.05
          consistent_transform: true
        - _target_: training.dataset.transforms.ColorJitter
          consistent_transform: false
          brightness: 0.1
          contrast: 0.05
          saturation: 0.05
          hue: null
        - _target_: training.dataset.transforms.ToTensorAPI
        - _target_: training.dataset.transforms.NormalizeAPI
          mean:
          - 0.485
          - 0.456
          - 0.406
          std:
          - 0.229
          - 0.224
          - 0.225
        - _target_: training.dataset.grid_negative_targets.AddGridNegativeTarget
          probability: 1.0
          max_ratio_of_negative_objs: 1
      shuffle: true
      num_workers: ${scratch.num_train_workers}
      pin_memory: true
      drop_last: true
      collate_fn:
        _target_: training.utils.data_utils.collate_fn
        _partial_: true
        dict_key: all
  optim:
    amp:
      enabled: true
      amp_dtype: bfloat16
    optimizer:
      _target_: torch.optim.AdamW
    gradient_clip:
      _target_: training.optimizer.GradientClipper
      max_norm: 0.1
      norm_type: 2
    param_group_modifiers:
    - _target_: training.optimizer.layer_decay_param_modifier
      _partial_: true
      layer_decay_value: 0.9
      apply_to: image_encoder.trunk
      overrides:
      - pattern: '*pos_embed*'
        value: 1.0
    options:
      lr:
      - scheduler:
          _target_: fvcore.common.param_scheduler.CosineParamScheduler
          start_value: ${scratch.base_lr}
          end_value: ${divide:${scratch.base_lr},10}
      - scheduler:
          _target_: fvcore.common.param_scheduler.CosineParamScheduler
          start_value: ${scratch.vision_lr}
          end_value: ${divide:${scratch.vision_lr},10}
        param_names:
        - image_encoder.*
      weight_decay:
      - scheduler:
          _target_: fvcore.common.param_scheduler.ConstantParamScheduler
          value: 0.1
      - scheduler:
          _target_: fvcore.common.param_scheduler.ConstantParamScheduler
          value: 0.0
        param_names:
        - '*bias*'
        module_cls_names:
        - torch.nn.LayerNorm
  loss:
    all:
      _target_: training.loss_fns.MultiStepMultiMasksAndIous
      weight_dict:
        loss_mask: 20
        loss_dice: 1
        loss_iou: 1
        loss_class: 1
      supervise_all_iou: true
      iou_use_l1_loss: true
      pred_obj_scores: true
      focal_gamma_obj_score: 0.0
      focal_alpha_obj_score: -1.0
  distributed:
    backend: nccl
    find_unused_parameters: true
  logging:
    tensorboard_writer:
      _target_: training.utils.logger.make_tensorboard_logger
      log_dir: ${launcher.experiment_log_dir}/tensorboard
      flush_secs: 120
      should_log: true
    log_dir: ${launcher.experiment_log_dir}/logs
    log_freq: 10
  checkpoint:
    save_dir: ${launcher.experiment_log_dir}/checkpoints
    save_freq: 0
    model_weight_initializer:
      _partial_: true
      _target_: training.utils.checkpoint_utils.load_state_dict_into_model
      strict: true
      ignore_unexpected_keys: null
      ignore_missing_keys: null
      state_dict:
        _target_: training.utils.checkpoint_utils.load_checkpoint_and_apply_kernels
        checkpoint_path: ./checkpoints/sam2.1_hiera_base_plus.pt
        ckpt_state_dict_keys:
        - model
launcher:
  num_nodes: 1
  gpus_per_node: 8
  experiment_log_dir: /data1/workspace/tien.nguyen/project/sam2/sam2_logs/configs/sam2.1_training/sam2.1_hiera_b+_FBM_finetune_sahi_points_only_with_neg_samples_2_with_eval.yaml
submitit:
  partition: null
  account: null
  qos: null
  cpus_per_task: 10
  use_cluster: false
  timeout_hour: 24
  name: null
  port_range:
  - 10000
  - 65000

############################################################
INFO 2026-09-28 10:21:59,501 train_utils.py: 108: MACHINE SEED: 12300
INFO 2026-09-28 10:21:59,505 train_utils.py: 154: Logging ENV_VARIABLES
INFO 2026-09-28 10:21:59,505 train_utils.py: 155: BASH_FUNC__module_raw%%=() {  eval `/usr/bin/tclsh8.6 /usr/lib/x86_64-linux-gnu/modulecmd.tcl bash "$@"`;
 _mlstatus=$?;
 return $_mlstatus
}
BASH_FUNC_ml%%=() {  module ml "$@"
}
BASH_FUNC_module%%=() {  _module_raw "$@" 2>&1
}
CONDA_DEFAULT_ENV=sam2
CONDA_EXE=/data1/workspace/tien.nguyen/miniconda3/bin/conda
CONDA_PREFIX=/data1/workspace/tien.nguyen/miniconda3/envs/sam2
CONDA_PREFIX_1=/data1/workspace/tien.nguyen/miniconda3
CONDA_PROMPT_MODIFIER=(sam2) 
CONDA_PYTHON_EXE=/data1/workspace/tien.nguyen/miniconda3/bin/python
CONDA_SHLVL=2
CUDA_VISIBLE_DEVICES=6
DBUS_SESSION_BUS_ADDRESS=unix:path=/run/user/1006/bus
GOROOT=/opt/go/1.23.3
HOME=/home/tien.nguyen
HYDRA_FULL_ERROR=1
LANG=en_US
LANGUAGE=en_US
LC_ALL=en_US.UTF-8
LD_LIBRARY_PATH=/opt/slurm/22.05.2/lib
LESSCLOSE=/usr/bin/lesspipe %s %s
LESSOPEN=| /usr/bin/lesspipe %s
LIBVIRT_DEFAULT_URI=qemu:///system
LOADEDMODULES=go/1.23.3:singularity/4.2.2:slurm/22.05.2
LOCAL_RANK=0
LOGNAME=tien.nguyen
LS_COLORS=rs=0:di=01;34:ln=01;36:mh=00:pi=40;33:so=01;35:do=01;35:bd=40;33;01:cd=40;33;01:or=40;31;01:mi=00:su=37;41:sg=30;43:ca=30;41:tw=30;42:ow=34;42:st=37;44:ex=01;32:*.tar=01;31:*.tgz=01;31:*.arc=01;31:*.arj=01;31:*.taz=01;31:*.lha=01;31:*.lz4=01;31:*.lzh=01;31:*.lzma=01;31:*.tlz=01;31:*.txz=01;31:*.tzo=01;31:*.t7z=01;31:*.zip=01;31:*.z=01;31:*.dz=01;31:*.gz=01;31:*.lrz=01;31:*.lz=01;31:*.lzo=01;31:*.xz=01;31:*.zst=01;31:*.tzst=01;31:*.bz2=01;31:*.bz=01;31:*.tbz=01;31:*.tbz2=01;31:*.tz=01;31:*.deb=01;31:*.rpm=01;31:*.jar=01;31:*.war=01;31:*.ear=01;31:*.sar=01;31:*.rar=01;31:*.alz=01;31:*.ace=01;31:*.zoo=01;31:*.cpio=01;31:*.7z=01;31:*.rz=01;31:*.cab=01;31:*.wim=01;31:*.swm=01;31:*.dwm=01;31:*.esd=01;31:*.jpg=01;35:*.jpeg=01;35:*.mjpg=01;35:*.mjpeg=01;35:*.gif=01;35:*.bmp=01;35:*.pbm=01;35:*.pgm=01;35:*.ppm=01;35:*.tga=01;35:*.xbm=01;35:*.xpm=01;35:*.tif=01;35:*.tiff=01;35:*.png=01;35:*.svg=01;35:*.svgz=01;35:*.mng=01;35:*.pcx=01;35:*.mov=01;35:*.mpg=01;35:*.mpeg=01;35:*.m2v=01;35:*.mkv=01;35:*.webm=01;35:*.webp=01;35:*.ogm=01;35:*.mp4=01;35:*.m4v=01;35:*.mp4v=01;35:*.vob=01;35:*.qt=01;35:*.nuv=01;35:*.wmv=01;35:*.asf=01;35:*.rm=01;35:*.rmvb=01;35:*.flc=01;35:*.avi=01;35:*.fli=01;35:*.flv=01;35:*.gl=01;35:*.dl=01;35:*.xcf=01;35:*.xwd=01;35:*.yuv=01;35:*.cgm=01;35:*.emf=01;35:*.ogv=01;35:*.ogx=01;35:*.aac=00;36:*.au=00;36:*.flac=00;36:*.m4a=00;36:*.mid=00;36:*.midi=00;36:*.mka=00;36:*.mp3=00;36:*.mpc=00;36:*.ogg=00;36:*.ra=00;36:*.wav=00;36:*.oga=00;36:*.opus=00;36:*.spx=00;36:*.xspf=00;36:
MANPATH=/home/tien.nguyen/.nvm/versions/node/v24.14.0/share/man:/opt/slurm/22.05.2/share/man:/usr/local/share/man:/usr/share/man
MASTER_ADDR=localhost
MASTER_PORT=52346
MAX_JOBS=8
MODULEPATH=/etc/environment-modules/modules:/usr/share/modules/versions:/usr/share/modules/modulefiles:/opt/modulefiles:/opt/nvidia/hpc_sdk/modulefiles:/opt/intel/oneapi/modulefiles
MODULESHOME=/usr/share/modules
MODULES_AUTO_HANDLING=1
MODULES_CMD=/usr/lib/x86_64-linux-gnu/modulecmd.tcl
MODULES_VERBOSITY=concise
MOTD_SHOWN=pam
NVM_BIN=/home/tien.nguyen/.nvm/versions/node/v24.14.0/bin
NVM_CD_FLAGS=
NVM_DIR=/home/tien.nguyen/.nvm
NVM_INC=/home/tien.nguyen/.nvm/versions/node/v24.14.0/include/node
OLDPWD=/data1/workspace/tien.nguyen/project/sam2/checkpoints
PATH=/home/tien.nguyen/.local/bin:/home/tien.nguyen/.local/bin:/home/tien.nguyen/.local/share/VSCode-linux-x64/bin:/home/tien.nguyen/.local/bin:/home/tien.nguyen/.local/share/VSCode-linux-x64/bin:/home/tien.nguyen/.vscode/cli/servers/Stable-560a9dba96f961efea7b1612916f89e5d5d4d679/server/bin/remote-cli:/home/tien.nguyen/.local/bin:/home/tien.nguyen/.local/bin:/home/tien.nguyen/.local/share/VSCode-linux-x64/bin:/home/tien.nguyen/.local/bin:/home/tien.nguyen/.local/bin:/home/tien.nguyen/.local/share/VSCode-linux-x64/bin:/home/tien.nguyen/.local/bin:/home/tien.nguyen/.cargo/bin:/home/tien.nguyen/.local/bin:/home/tien.nguyen/.local/share/VSCode-linux-x64/bin:/home/tien.nguyen/.nvm/versions/node/v24.14.0/bin:/data1/workspace/tien.nguyen/miniconda3/envs/sam2/bin:/data1/workspace/tien.nguyen/miniconda3/condabin:/opt/slurm/22.05.2/bin:/opt/singularity/4.2.2/bin:/opt/go/1.23.3/bin:/opt/go/1.23.3/pkg/tool/linux_amd64:/usr/local/sbin:/usr/local/bin:/usr/sbin:/usr/bin:/sbin:/bin:/usr/games:/usr/local/games:/snap/bin
PWD=/data1/workspace/tien.nguyen/project/sam2
RANK=0
SALLOC_ACCOUNT=tien.nguyen
SHELL=/bin/bash
SHLVL=1
SLURM_ROOT=/opt/slurm/22.05.2
SSH_CLIENT=10.30.1.55 58882 22
SSH_CONNECTION=10.30.1.55 58882 192.168.100.9 22
SSH_TTY=/dev/pts/51
TERM=screen
TERM_PROGRAM=tmux
TERM_PROGRAM_VERSION=3.2a
TMUX=/tmp/tmux-1006/default,1407625,2
TMUX_PANE=%5
TORCHINDUCTOR_CACHE_DIR=/tmp/torchinductor_tien.nguyen
TORCH_NCCL_ASYNC_ERROR_HANDLING=1
USER=tien.nguyen
UV_INDEX_INTERNAL_AWS_USERNAME=aws
UV_KEYRING_PROVIDER=subprocess
WORLD_SIZE=1
XDG_DATA_DIRS=/usr/share/gnome:/usr/local/share:/usr/share:/var/lib/snapd/desktop
XDG_RUNTIME_DIR=/run/user/1006
XDG_SESSION_CLASS=user
XDG_SESSION_ID=508
XDG_SESSION_TYPE=tty
_=/data1/workspace/tien.nguyen/miniconda3/envs/sam2/bin/python
_CE_CONDA=
_CE_M=
_CONDA_EXE=/data1/workspace/tien.nguyen/miniconda3/bin/conda
_CONDA_ROOT=/data1/workspace/tien.nguyen/miniconda3
_LMFILES_=/opt/modulefiles/go/1.23.3:/opt/modulefiles/singularity/4.2.2:/opt/modulefiles/slurm/22.05.2
__MODULES_LMALTNAME=go/1.23.3&as|go/default&as|go/latest:singularity/4.2.2&as|singularity/default&as|singularity/latest:slurm/22.05.2&as|slurm/default&as|slurm/latest
__MODULES_LMPREREQ=singularity/4.2.2&go/1.23.3
__MODULES_LMTAG=go/1.23.3&auto-loaded

INFO 2026-09-28 10:21:59,505 trainer.py: 989: Setting up components: Model, loss, optim, meters etc.
INFO 2026-09-28 10:21:59,507 logger.py:  66: TensorBoard SummaryWriter instantiated. Files will be stored in: /data1/workspace/tien.nguyen/project/sam2/sam2_logs/configs/sam2.1_training/sam2.1_hiera_b+_FBM_finetune_sahi_points_only_with_neg_samples_2_with_eval.yaml/tensorboard
INFO 2026-09-28 10:22:00,299 sam2.py:  84: Training with points (sampled from masks) as inputs with p=1.0
INFO 2026-09-28 10:22:00,303 trainer.py:1059: ====================
INFO 2026-09-28 10:22:00,303 trainer.py:1060: Summary for model <class 'training.model.grid_negative_sam2.GridNegativeSAM2Train'>
INFO 2026-09-28 10:22:00,306 trainer.py:1061: Model is GridNegativeSAM2Train(
  (image_encoder): ImageEncoder(
    (trunk): Hiera(
      (patch_embed): PatchEmbed(
        (proj): Conv2d(3, 112, kernel_size=(7, 7), stride=(4, 4), padding=(3, 3))
      )
      (blocks): ModuleList(
        (0): MultiScaleBlock(
          (norm1): LayerNorm((112,), eps=1e-06, elementwise_affine=True, bias=True)
          (attn): MultiScaleAttention(
            (qkv): Linear(in_features=112, out_features=336, bias=True)
            (proj): Linear(in_features=112, out_features=112, bias=True)
          )
          (drop_path): Identity()
          (norm2): LayerNorm((112,), eps=1e-06, elementwise_affine=True, bias=True)
          (mlp): MLP(
            (layers): ModuleList(
              (0): Linear(in_features=112, out_features=448, bias=True)
              (1): Linear(in_features=448, out_features=112, bias=True)
            )
            (act): GELU(approximate='none')
          )
        )
        (1): MultiScaleBlock(
          (norm1): LayerNorm((112,), eps=1e-06, elementwise_affine=True, bias=True)
          (attn): MultiScaleAttention(
            (qkv): Linear(in_features=112, out_features=336, bias=True)
            (proj): Linear(in_features=112, out_features=112, bias=True)
          )
          (drop_path): DropPath()
          (norm2): LayerNorm((112,), eps=1e-06, elementwise_affine=True, bias=True)
          (mlp): MLP(
            (layers): ModuleList(
              (0): Linear(in_features=112, out_features=448, bias=True)
              (1): Linear(in_features=448, out_features=112, bias=True)
            )
            (act): GELU(approximate='none')
          )
        )
        (2): MultiScaleBlock(
          (norm1): LayerNorm((112,), eps=1e-06, elementwise_affine=True, bias=True)
          (pool): MaxPool2d(kernel_size=(2, 2), stride=(2, 2), padding=0, dilation=1, ceil_mode=False)
          (attn): MultiScaleAttention(
            (q_pool): MaxPool2d(kernel_size=(2, 2), stride=(2, 2), padding=0, dilation=1, ceil_mode=False)
            (qkv): Linear(in_features=112, out_features=672, bias=True)
            (proj): Linear(in_features=224, out_features=224, bias=True)
          )
          (drop_path): DropPath()
          (norm2): LayerNorm((224,), eps=1e-06, elementwise_affine=True, bias=True)
          (mlp): MLP(
            (layers): ModuleList(
              (0): Linear(in_features=224, out_features=896, bias=True)
              (1): Linear(in_features=896, out_features=224, bias=True)
            )
            (act): GELU(approximate='none')
          )
          (proj): Linear(in_features=112, out_features=224, bias=True)
        )
        (3-4): 2 x MultiScaleBlock(
          (norm1): LayerNorm((224,), eps=1e-06, elementwise_affine=True, bias=True)
          (attn): MultiScaleAttention(
            (qkv): Linear(in_features=224, out_features=672, bias=True)
            (proj): Linear(in_features=224, out_features=224, bias=True)
          )
          (drop_path): DropPath()
          (norm2): LayerNorm((224,), eps=1e-06, elementwise_affine=True, bias=True)
          (mlp): MLP(
            (layers): ModuleList(
              (0): Linear(in_features=224, out_features=896, bias=True)
              (1): Linear(in_features=896, out_features=224, bias=True)
            )
            (act): GELU(approximate='none')
          )
        )
        (5): MultiScaleBlock(
          (norm1): LayerNorm((224,), eps=1e-06, elementwise_affine=True, bias=True)
          (pool): MaxPool2d(kernel_size=(2, 2), stride=(2, 2), padding=0, dilation=1, ceil_mode=False)
          (attn): MultiScaleAttention(
            (q_pool): MaxPool2d(kernel_size=(2, 2), stride=(2, 2), padding=0, dilation=1, ceil_mode=False)
            (qkv): Linear(in_features=224, out_features=1344, bias=True)
            (proj): Linear(in_features=448, out_features=448, bias=True)
          )
          (drop_path): DropPath()
          (norm2): LayerNorm((448,), eps=1e-06, elementwise_affine=True, bias=True)
          (mlp): MLP(
            (layers): ModuleList(
              (0): Linear(in_features=448, out_features=1792, bias=True)
              (1): Linear(in_features=1792, out_features=448, bias=True)
            )
            (act): GELU(approximate='none')
          )
          (proj): Linear(in_features=224, out_features=448, bias=True)
        )
        (6-20): 15 x MultiScaleBlock(
          (norm1): LayerNorm((448,), eps=1e-06, elementwise_affine=True, bias=True)
          (attn): MultiScaleAttention(
            (qkv): Linear(in_features=448, out_features=1344, bias=True)
            (proj): Linear(in_features=448, out_features=448, bias=True)
          )
          (drop_path): DropPath()
          (norm2): LayerNorm((448,), eps=1e-06, elementwise_affine=True, bias=True)
          (mlp): MLP(
            (layers): ModuleList(
              (0): Linear(in_features=448, out_features=1792, bias=True)
              (1): Linear(in_features=1792, out_features=448, bias=True)
            )
            (act): GELU(approximate='none')
          )
        )
        (21): MultiScaleBlock(
          (norm1): LayerNorm((448,), eps=1e-06, elementwise_affine=True, bias=True)
          (pool): MaxPool2d(kernel_size=(2, 2), stride=(2, 2), padding=0, dilation=1, ceil_mode=False)
          (attn): MultiScaleAttention(
            (q_pool): MaxPool2d(kernel_size=(2, 2), stride=(2, 2), padding=0, dilation=1, ceil_mode=False)
            (qkv): Linear(in_features=448, out_features=2688, bias=True)
            (proj): Linear(in_features=896, out_features=896, bias=True)
          )
          (drop_path): DropPath()
          (norm2): LayerNorm((896,), eps=1e-06, elementwise_affine=True, bias=True)
          (mlp): MLP(
            (layers): ModuleList(
              (0): Linear(in_features=896, out_features=3584, bias=True)
              (1): Linear(in_features=3584, out_features=896, bias=True)
            )
            (act): GELU(approximate='none')
          )
          (proj): Linear(in_features=448, out_features=896, bias=True)
        )
        (22-23): 2 x MultiScaleBlock(
          (norm1): LayerNorm((896,), eps=1e-06, elementwise_affine=True, bias=True)
          (attn): MultiScaleAttention(
            (qkv): Linear(in_features=896, out_features=2688, bias=True)
            (proj): Linear(in_features=896, out_features=896, bias=True)
          )
          (drop_path): DropPath()
          (norm2): LayerNorm((896,), eps=1e-06, elementwise_affine=True, bias=True)
          (mlp): MLP(
            (layers): ModuleList(
              (0): Linear(in_features=896, out_features=3584, bias=True)
              (1): Linear(in_features=3584, out_features=896, bias=True)
            )
            (act): GELU(approximate='none')
          )
        )
      )
    )
    (neck): FpnNeck(
      (position_encoding): PositionEmbeddingSine()
      (convs): ModuleList(
        (0): Sequential(
          (conv): Conv2d(896, 256, kernel_size=(1, 1), stride=(1, 1))
        )
        (1): Sequential(
          (conv): Conv2d(448, 256, kernel_size=(1, 1), stride=(1, 1))
        )
        (2): Sequential(
          (conv): Conv2d(224, 256, kernel_size=(1, 1), stride=(1, 1))
        )
        (3): Sequential(
          (conv): Conv2d(112, 256, kernel_size=(1, 1), stride=(1, 1))
        )
      )
    )
  )
  (mask_downsample): Conv2d(1, 1, kernel_size=(4, 4), stride=(4, 4))
  (memory_attention): MemoryAttention(
    (layers): ModuleList(
      (0-3): 4 x MemoryAttentionLayer(
        (self_attn): RoPEAttention(
          (q_proj): Linear(in_features=256, out_features=256, bias=True)
          (k_proj): Linear(in_features=256, out_features=256, bias=True)
          (v_proj): Linear(in_features=256, out_features=256, bias=True)
          (out_proj): Linear(in_features=256, out_features=256, bias=True)
        )
        (cross_attn_image): RoPEAttention(
          (q_proj): Linear(in_features=256, out_features=256, bias=True)
          (k_proj): Linear(in_features=64, out_features=256, bias=True)
          (v_proj): Linear(in_features=64, out_features=256, bias=True)
          (out_proj): Linear(in_features=256, out_features=256, bias=True)
        )
        (linear1): Linear(in_features=256, out_features=2048, bias=True)
        (dropout): Dropout(p=0.1, inplace=False)
        (linear2): Linear(in_features=2048, out_features=256, bias=True)
        (norm1): LayerNorm((256,), eps=1e-05, elementwise_affine=True, bias=True)
        (norm2): LayerNorm((256,), eps=1e-05, elementwise_affine=True, bias=True)
        (norm3): LayerNorm((256,), eps=1e-05, elementwise_affine=True, bias=True)
        (dropout1): Dropout(p=0.1, inplace=False)
        (dropout2): Dropout(p=0.1, inplace=False)
        (dropout3): Dropout(p=0.1, inplace=False)
      )
    )
    (norm): LayerNorm((256,), eps=1e-05, elementwise_affine=True, bias=True)
  )
  (memory_encoder): MemoryEncoder(
    (mask_downsampler): MaskDownSampler(
      (encoder): Sequential(
        (0): Conv2d(1, 4, kernel_size=(3, 3), stride=(2, 2), padding=(1, 1))
        (1): LayerNorm2d()
        (2): GELU(approximate='none')
        (3): Conv2d(4, 16, kernel_size=(3, 3), stride=(2, 2), padding=(1, 1))
        (4): LayerNorm2d()
        (5): GELU(approximate='none')
        (6): Conv2d(16, 64, kernel_size=(3, 3), stride=(2, 2), padding=(1, 1))
        (7): LayerNorm2d()
        (8): GELU(approximate='none')
        (9): Conv2d(64, 256, kernel_size=(3, 3), stride=(2, 2), padding=(1, 1))
        (10): LayerNorm2d()
        (11): GELU(approximate='none')
        (12): Conv2d(256, 256, kernel_size=(1, 1), stride=(1, 1))
      )
    )
    (pix_feat_proj): Conv2d(256, 256, kernel_size=(1, 1), stride=(1, 1))
    (fuser): Fuser(
      (proj): Identity()
      (layers): ModuleList(
        (0-1): 2 x CXBlock(
          (dwconv): Conv2d(256, 256, kernel_size=(7, 7), stride=(1, 1), padding=(3, 3), groups=256)
          (norm): LayerNorm2d()
          (pwconv1): Linear(in_features=256, out_features=1024, bias=True)
          (act): GELU(approximate='none')
          (pwconv2): Linear(in_features=1024, out_features=256, bias=True)
          (drop_path): Identity()
        )
      )
    )
    (position_encoding): PositionEmbeddingSine()
    (out_proj): Conv2d(256, 64, kernel_size=(1, 1), stride=(1, 1))
  )
  (sam_prompt_encoder): PromptEncoder(
    (pe_layer): PositionEmbeddingRandom()
    (point_embeddings): ModuleList(
      (0-3): 4 x Embedding(1, 256)
    )
    (not_a_point_embed): Embedding(1, 256)
    (mask_downscaling): Sequential(
      (0): Conv2d(1, 4, kernel_size=(2, 2), stride=(2, 2))
      (1): LayerNorm2d()
      (2): GELU(approximate='none')
      (3): Conv2d(4, 16, kernel_size=(2, 2), stride=(2, 2))
      (4): LayerNorm2d()
      (5): GELU(approximate='none')
      (6): Conv2d(16, 256, kernel_size=(1, 1), stride=(1, 1))
    )
    (no_mask_embed): Embedding(1, 256)
  )
  (sam_mask_decoder): MaskDecoder(
    (transformer): TwoWayTransformer(
      (layers): ModuleList(
        (0-1): 2 x TwoWayAttentionBlock(
          (self_attn): Attention(
            (q_proj): Linear(in_features=256, out_features=256, bias=True)
            (k_proj): Linear(in_features=256, out_features=256, bias=True)
            (v_proj): Linear(in_features=256, out_features=256, bias=True)
            (out_proj): Linear(in_features=256, out_features=256, bias=True)
          )
          (norm1): LayerNorm((256,), eps=1e-05, elementwise_affine=True, bias=True)
          (cross_attn_token_to_image): Attention(
            (q_proj): Linear(in_features=256, out_features=128, bias=True)
            (k_proj): Linear(in_features=256, out_features=128, bias=True)
            (v_proj): Linear(in_features=256, out_features=128, bias=True)
            (out_proj): Linear(in_features=128, out_features=256, bias=True)
          )
          (norm2): LayerNorm((256,), eps=1e-05, elementwise_affine=True, bias=True)
          (mlp): MLP(
            (layers): ModuleList(
              (0): Linear(in_features=256, out_features=2048, bias=True)
              (1): Linear(in_features=2048, out_features=256, bias=True)
            )
            (act): ReLU()
          )
          (norm3): LayerNorm((256,), eps=1e-05, elementwise_affine=True, bias=True)
          (norm4): LayerNorm((256,), eps=1e-05, elementwise_affine=True, bias=True)
          (cross_attn_image_to_token): Attention(
            (q_proj): Linear(in_features=256, out_features=128, bias=True)
            (k_proj): Linear(in_features=256, out_features=128, bias=True)
            (v_proj): Linear(in_features=256, out_features=128, bias=True)
            (out_proj): Linear(in_features=128, out_features=256, bias=True)
          )
        )
      )
      (final_attn_token_to_image): Attention(
        (q_proj): Linear(in_features=256, out_features=128, bias=True)
        (k_proj): Linear(in_features=256, out_features=128, bias=True)
        (v_proj): Linear(in_features=256, out_features=128, bias=True)
        (out_proj): Linear(in_features=128, out_features=256, bias=True)
      )
      (norm_final_attn): LayerNorm((256,), eps=1e-05, elementwise_affine=True, bias=True)
    )
    (iou_token): Embedding(1, 256)
    (mask_tokens): Embedding(4, 256)
    (obj_score_token): Embedding(1, 256)
    (output_upscaling): Sequential(
      (0): ConvTranspose2d(256, 64, kernel_size=(2, 2), stride=(2, 2))
      (1): LayerNorm2d()
      (2): GELU(approximate='none')
      (3): ConvTranspose2d(64, 32, kernel_size=(2, 2), stride=(2, 2))
      (4): GELU(approximate='none')
    )
    (conv_s0): Conv2d(256, 32, kernel_size=(1, 1), stride=(1, 1))
    (conv_s1): Conv2d(256, 64, kernel_size=(1, 1), stride=(1, 1))
    (output_hypernetworks_mlps): ModuleList(
      (0-3): 4 x MLP(
        (layers): ModuleList(
          (0-1): 2 x Linear(in_features=256, out_features=256, bias=True)
          (2): Linear(in_features=256, out_features=32, bias=True)
        )
        (act): ReLU()
      )
    )
    (iou_prediction_head): MLP(
      (layers): ModuleList(
        (0-1): 2 x Linear(in_features=256, out_features=256, bias=True)
        (2): Linear(in_features=256, out_features=4, bias=True)
      )
      (act): ReLU()
    )
    (pred_obj_score_head): MLP(
      (layers): ModuleList(
        (0-1): 2 x Linear(in_features=256, out_features=256, bias=True)
        (2): Linear(in_features=256, out_features=1, bias=True)
      )
      (act): ReLU()
    )
  )
  (obj_ptr_proj): MLP(
    (layers): ModuleList(
      (0-2): 3 x Linear(in_features=256, out_features=256, bias=True)
    )
    (act): ReLU()
  )
  (obj_ptr_tpos_proj): Linear(in_features=256, out_features=64, bias=True)
)
INFO 2026-09-28 10:22:00,306 trainer.py:1062: 	Total parameters 80.9 M
INFO 2026-09-28 10:22:00,306 trainer.py:1063: 	Trainable parameters 11.7 M
INFO 2026-09-28 10:22:00,306 trainer.py:1066: 	Non-Trainable parameters 69.1 M
INFO 2026-09-28 10:22:00,306 trainer.py:1069: ====================
INFO 2026-09-28 10:22:00,309 trainer.py:1023: Finished setting up components: Model, loss, optim, meters etc.
INFO 2026-09-28 10:22:00,310 trainer.py: 314: Moving components to device cuda:0 and local rank 0.
INFO 2026-09-28 10:22:00,426 trainer.py: 320: Done moving components to device cuda:0 and local rank 0.
INFO 2026-09-28 10:22:00,440 optimizer.py: 248: Matches for param_name [image_encoder.*]: {'image_encoder.trunk.blocks.23.norm1.weight', 'image_encoder.trunk.blocks.8.norm1.weight', 'image_encoder.trunk.blocks.6.norm1.weight', 'image_encoder.trunk.blocks.5.proj.bias', 'image_encoder.trunk.blocks.11.mlp.layers.1.bias', 'image_encoder.trunk.blocks.9.mlp.layers.1.bias', 'image_encoder.trunk.blocks.6.mlp.layers.0.weight', 'image_encoder.trunk.blocks.10.norm1.weight', 'image_encoder.trunk.blocks.14.mlp.layers.1.weight', 'image_encoder.trunk.blocks.3.norm2.bias', 'image_encoder.trunk.blocks.2.attn.qkv.weight', 'image_encoder.trunk.blocks.23.mlp.layers.1.weight', 'image_encoder.trunk.blocks.9.mlp.layers.1.weight', 'image_encoder.trunk.blocks.4.mlp.layers.0.weight', 'image_encoder.trunk.blocks.17.norm2.weight', 'image_encoder.trunk.blocks.2.attn.qkv.bias', 'image_encoder.trunk.blocks.11.attn.qkv.bias', 'image_encoder.trunk.blocks.5.norm2.bias', 'image_encoder.trunk.blocks.2.mlp.layers.1.weight', 'image_encoder.trunk.blocks.1.mlp.layers.1.weight', 'image_encoder.trunk.blocks.5.proj.weight', 'image_encoder.trunk.blocks.7.norm2.weight', 'image_encoder.trunk.blocks.11.norm1.weight', 'image_encoder.trunk.blocks.19.norm1.weight', 'image_encoder.trunk.blocks.6.mlp.layers.1.bias', 'image_encoder.trunk.blocks.2.norm1.weight', 'image_encoder.neck.convs.0.conv.weight', 'image_encoder.trunk.blocks.23.mlp.layers.1.bias', 'image_encoder.trunk.blocks.20.norm1.bias', 'image_encoder.trunk.blocks.2.mlp.layers.0.bias', 'image_encoder.trunk.blocks.9.norm1.weight', 'image_encoder.trunk.blocks.13.attn.proj.weight', 'image_encoder.trunk.blocks.23.norm1.bias', 'image_encoder.trunk.blocks.18.mlp.layers.1.bias', 'image_encoder.trunk.blocks.21.attn.qkv.bias', 'image_encoder.trunk.blocks.3.mlp.layers.1.weight', 'image_encoder.trunk.patch_embed.proj.bias', 'image_encoder.trunk.blocks.20.attn.proj.weight', 'image_encoder.trunk.blocks.8.norm1.bias', 'image_encoder.trunk.blocks.9.attn.proj.weight', 'image_encoder.trunk.blocks.18.mlp.layers.0.weight', 'image_encoder.trunk.blocks.2.mlp.layers.0.weight', 'image_encoder.trunk.blocks.18.mlp.layers.1.weight', 'image_encoder.trunk.blocks.1.attn.proj.bias', 'image_encoder.trunk.blocks.2.norm2.bias', 'image_encoder.trunk.blocks.16.attn.proj.bias', 'image_encoder.trunk.blocks.22.norm1.bias', 'image_encoder.trunk.blocks.8.mlp.layers.1.bias', 'image_encoder.trunk.blocks.0.mlp.layers.0.weight', 'image_encoder.trunk.blocks.8.attn.qkv.weight', 'image_encoder.trunk.blocks.3.attn.proj.bias', 'image_encoder.trunk.blocks.16.norm1.weight', 'image_encoder.trunk.blocks.16.mlp.layers.0.bias', 'image_encoder.trunk.blocks.0.mlp.layers.1.bias', 'image_encoder.trunk.blocks.21.mlp.layers.1.weight', 'image_encoder.trunk.blocks.1.norm2.bias', 'image_encoder.trunk.blocks.14.attn.proj.bias', 'image_encoder.trunk.blocks.11.norm1.bias', 'image_encoder.trunk.blocks.0.norm1.weight', 'image_encoder.trunk.blocks.17.mlp.layers.0.bias', 'image_encoder.trunk.blocks.23.attn.qkv.weight', 'image_encoder.trunk.blocks.22.mlp.layers.1.bias', 'image_encoder.trunk.blocks.13.norm1.weight', 'image_encoder.trunk.blocks.2.attn.proj.weight', 'image_encoder.trunk.blocks.15.attn.qkv.weight', 'image_encoder.trunk.blocks.16.norm2.bias', 'image_encoder.trunk.blocks.1.mlp.layers.0.weight', 'image_encoder.trunk.blocks.6.mlp.layers.0.bias', 'image_encoder.trunk.blocks.17.norm1.bias', 'image_encoder.trunk.blocks.9.norm2.weight', 'image_encoder.trunk.blocks.6.norm2.bias', 'image_encoder.trunk.blocks.5.norm1.bias', 'image_encoder.trunk.blocks.4.attn.qkv.weight', 'image_encoder.trunk.blocks.14.norm2.bias', 'image_encoder.trunk.blocks.10.attn.qkv.weight', 'image_encoder.trunk.blocks.14.attn.qkv.weight', 'image_encoder.trunk.blocks.14.mlp.layers.0.bias', 'image_encoder.trunk.blocks.14.mlp.layers.0.weight', 'image_encoder.trunk.blocks.18.attn.qkv.bias', 'image_encoder.trunk.blocks.10.mlp.layers.0.weight', 'image_encoder.trunk.blocks.12.norm1.bias', 'image_encoder.trunk.blocks.10.attn.qkv.bias', 'image_encoder.trunk.blocks.8.attn.proj.bias', 'image_encoder.trunk.blocks.19.attn.proj.weight', 'image_encoder.trunk.blocks.10.mlp.layers.0.bias', 'image_encoder.trunk.blocks.20.attn.qkv.bias', 'image_encoder.trunk.blocks.0.norm2.bias', 'image_encoder.trunk.blocks.18.norm2.bias', 'image_encoder.trunk.blocks.13.mlp.layers.0.weight', 'image_encoder.trunk.blocks.11.mlp.layers.1.weight', 'image_encoder.trunk.blocks.16.attn.qkv.weight', 'image_encoder.trunk.blocks.22.norm2.weight', 'image_encoder.trunk.blocks.17.attn.proj.weight', 'image_encoder.trunk.blocks.1.attn.qkv.weight', 'image_encoder.trunk.blocks.18.attn.qkv.weight', 'image_encoder.trunk.blocks.19.attn.proj.bias', 'image_encoder.trunk.blocks.15.attn.proj.weight', 'image_encoder.neck.convs.2.conv.weight', 'image_encoder.trunk.blocks.13.norm1.bias', 'image_encoder.trunk.blocks.23.norm2.bias', 'image_encoder.trunk.blocks.19.norm2.bias', 'image_encoder.trunk.blocks.22.mlp.layers.0.bias', 'image_encoder.trunk.blocks.4.attn.proj.bias', 'image_encoder.trunk.blocks.13.attn.proj.bias', 'image_encoder.trunk.blocks.4.norm2.weight', 'image_encoder.trunk.blocks.9.norm1.bias', 'image_encoder.trunk.blocks.3.mlp.layers.0.weight', 'image_encoder.trunk.blocks.9.mlp.layers.0.bias', 'image_encoder.trunk.blocks.11.mlp.layers.0.bias', 'image_encoder.trunk.blocks.19.mlp.layers.1.bias', 'image_encoder.trunk.blocks.3.norm2.weight', 'image_encoder.trunk.blocks.4.norm2.bias', 'image_encoder.trunk.blocks.11.attn.proj.weight', 'image_encoder.trunk.blocks.10.mlp.layers.1.weight', 'image_encoder.trunk.blocks.3.mlp.layers.1.bias', 'image_encoder.trunk.blocks.12.mlp.layers.0.bias', 'image_encoder.trunk.blocks.5.mlp.layers.1.weight', 'image_encoder.trunk.blocks.22.norm2.bias', 'image_encoder.trunk.patch_embed.proj.weight', 'image_encoder.trunk.blocks.6.attn.proj.bias', 'image_encoder.trunk.blocks.19.norm2.weight', 'image_encoder.trunk.blocks.21.mlp.layers.1.bias', 'image_encoder.trunk.blocks.15.norm2.weight', 'image_encoder.trunk.blocks.3.attn.qkv.bias', 'image_encoder.trunk.blocks.21.norm2.weight', 'image_encoder.trunk.blocks.13.norm2.bias', 'image_encoder.trunk.blocks.17.norm1.weight', 'image_encoder.trunk.blocks.2.norm1.bias', 'image_encoder.trunk.blocks.3.norm1.weight', 'image_encoder.trunk.blocks.22.mlp.layers.1.weight', 'image_encoder.trunk.blocks.7.norm2.bias', 'image_encoder.trunk.blocks.16.attn.proj.weight', 'image_encoder.trunk.blocks.0.attn.qkv.bias', 'image_encoder.trunk.blocks.5.attn.proj.weight', 'image_encoder.trunk.blocks.22.attn.qkv.weight', 'image_encoder.neck.convs.3.conv.weight', 'image_encoder.trunk.blocks.18.mlp.layers.0.bias', 'image_encoder.trunk.blocks.7.attn.proj.weight', 'image_encoder.trunk.blocks.20.norm1.weight', 'image_encoder.trunk.blocks.8.attn.qkv.bias', 'image_encoder.neck.convs.1.conv.bias', 'image_encoder.trunk.blocks.13.norm2.weight', 'image_encoder.trunk.blocks.6.attn.proj.weight', 'image_encoder.trunk.blocks.20.mlp.layers.1.weight', 'image_encoder.trunk.blocks.15.mlp.layers.1.bias', 'image_encoder.trunk.blocks.4.norm1.weight', 'image_encoder.trunk.blocks.12.mlp.layers.1.weight', 'image_encoder.trunk.blocks.7.attn.proj.bias', 'image_encoder.trunk.blocks.0.mlp.layers.0.bias', 'image_encoder.trunk.blocks.22.attn.qkv.bias', 'image_encoder.trunk.blocks.12.norm2.bias', 'image_encoder.trunk.blocks.21.mlp.layers.0.weight', 'image_encoder.trunk.blocks.22.norm1.weight', 'image_encoder.trunk.blocks.23.attn.qkv.bias', 'image_encoder.trunk.blocks.6.norm1.bias', 'image_encoder.trunk.blocks.5.norm1.weight', 'image_encoder.trunk.blocks.19.attn.qkv.bias', 'image_encoder.trunk.blocks.10.norm2.bias', 'image_encoder.trunk.blocks.20.norm2.weight', 'image_encoder.trunk.blocks.23.attn.proj.weight', 'image_encoder.neck.convs.2.conv.bias', 'image_encoder.trunk.blocks.17.mlp.layers.1.bias', 'image_encoder.trunk.blocks.20.norm2.bias', 'image_encoder.trunk.blocks.15.norm1.bias', 'image_encoder.trunk.blocks.11.norm2.bias', 'image_encoder.trunk.blocks.16.norm1.bias', 'image_encoder.trunk.blocks.7.norm1.bias', 'image_encoder.trunk.blocks.10.attn.proj.weight', 'image_encoder.trunk.blocks.14.norm1.bias', 'image_encoder.neck.convs.1.conv.weight', 'image_encoder.trunk.blocks.23.attn.proj.bias', 'image_encoder.trunk.blocks.23.mlp.layers.0.bias', 'image_encoder.trunk.blocks.5.attn.qkv.weight', 'image_encoder.trunk.blocks.7.norm1.weight', 'image_encoder.trunk.blocks.15.mlp.layers.0.weight', 'image_encoder.trunk.blocks.12.norm1.weight', 'image_encoder.trunk.blocks.19.mlp.layers.1.weight', 'image_encoder.trunk.blocks.22.attn.proj.bias', 'image_encoder.trunk.blocks.4.attn.proj.weight', 'image_encoder.trunk.blocks.1.norm1.weight', 'image_encoder.trunk.blocks.16.attn.qkv.bias', 'image_encoder.trunk.blocks.18.attn.proj.bias', 'image_encoder.trunk.blocks.15.norm2.bias', 'image_encoder.trunk.blocks.2.attn.proj.bias', 'image_encoder.trunk.blocks.4.mlp.layers.0.bias', 'image_encoder.trunk.blocks.7.attn.qkv.bias', 'image_encoder.trunk.pos_embed', 'image_encoder.trunk.blocks.16.norm2.weight', 'image_encoder.trunk.blocks.5.attn.qkv.bias', 'image_encoder.trunk.blocks.13.attn.qkv.weight', 'image_encoder.trunk.blocks.15.attn.proj.bias', 'image_encoder.trunk.blocks.7.mlp.layers.1.bias', 'image_encoder.trunk.blocks.16.mlp.layers.0.weight', 'image_encoder.trunk.blocks.12.mlp.layers.0.weight', 'image_encoder.trunk.blocks.4.mlp.layers.1.bias', 'image_encoder.trunk.blocks.23.mlp.layers.0.weight', 'image_encoder.trunk.blocks.0.norm2.weight', 'image_encoder.trunk.blocks.0.attn.qkv.weight', 'image_encoder.trunk.blocks.13.mlp.layers.1.weight', 'image_encoder.trunk.blocks.21.attn.proj.weight', 'image_encoder.trunk.blocks.9.mlp.layers.0.weight', 'image_encoder.trunk.blocks.11.attn.proj.bias', 'image_encoder.trunk.blocks.21.proj.weight', 'image_encoder.trunk.blocks.4.mlp.layers.1.weight', 'image_encoder.trunk.blocks.14.mlp.layers.1.bias', 'image_encoder.trunk.blocks.8.mlp.layers.1.weight', 'image_encoder.trunk.pos_embed_window', 'image_encoder.trunk.blocks.15.mlp.layers.1.weight', 'image_encoder.trunk.blocks.21.proj.bias', 'image_encoder.trunk.blocks.5.mlp.layers.1.bias', 'image_encoder.neck.convs.3.conv.bias', 'image_encoder.trunk.blocks.6.mlp.layers.1.weight', 'image_encoder.trunk.blocks.12.attn.proj.bias', 'image_encoder.trunk.blocks.5.mlp.layers.0.bias', 'image_encoder.trunk.blocks.17.attn.qkv.weight', 'image_encoder.trunk.blocks.14.norm2.weight', 'image_encoder.trunk.blocks.8.mlp.layers.0.bias', 'image_encoder.trunk.blocks.18.norm1.weight', 'image_encoder.trunk.blocks.6.norm2.weight', 'image_encoder.trunk.blocks.17.mlp.layers.0.weight', 'image_encoder.trunk.blocks.19.mlp.layers.0.bias', 'image_encoder.trunk.blocks.17.attn.proj.bias', 'image_encoder.trunk.blocks.18.attn.proj.weight', 'image_encoder.trunk.blocks.2.mlp.layers.1.bias', 'image_encoder.trunk.blocks.2.norm2.weight', 'image_encoder.neck.convs.0.conv.bias', 'image_encoder.trunk.blocks.20.attn.qkv.weight', 'image_encoder.trunk.blocks.14.attn.qkv.bias', 'image_encoder.trunk.blocks.14.attn.proj.weight', 'image_encoder.trunk.blocks.9.attn.qkv.bias', 'image_encoder.trunk.blocks.10.mlp.layers.1.bias', 'image_encoder.trunk.blocks.0.attn.proj.weight', 'image_encoder.trunk.blocks.6.attn.qkv.bias', 'image_encoder.trunk.blocks.8.mlp.layers.0.weight', 'image_encoder.trunk.blocks.17.norm2.bias', 'image_encoder.trunk.blocks.0.mlp.layers.1.weight', 'image_encoder.trunk.blocks.1.attn.qkv.bias', 'image_encoder.trunk.blocks.20.mlp.layers.0.bias', 'image_encoder.trunk.blocks.10.attn.proj.bias', 'image_encoder.trunk.blocks.7.mlp.layers.0.bias', 'image_encoder.trunk.blocks.15.mlp.layers.0.bias', 'image_encoder.trunk.blocks.0.attn.proj.bias', 'image_encoder.trunk.blocks.19.norm1.bias', 'image_encoder.trunk.blocks.16.mlp.layers.1.weight', 'image_encoder.trunk.blocks.21.mlp.layers.0.bias', 'image_encoder.trunk.blocks.14.norm1.weight', 'image_encoder.trunk.blocks.21.norm1.bias', 'image_encoder.trunk.blocks.9.attn.proj.bias', 'image_encoder.trunk.blocks.18.norm2.weight', 'image_encoder.trunk.blocks.4.attn.qkv.bias', 'image_encoder.trunk.blocks.21.norm2.bias', 'image_encoder.trunk.blocks.17.attn.qkv.bias', 'image_encoder.trunk.blocks.16.mlp.layers.1.bias', 'image_encoder.trunk.blocks.20.attn.proj.bias', 'image_encoder.trunk.blocks.1.attn.proj.weight', 'image_encoder.trunk.blocks.1.norm2.weight', 'image_encoder.trunk.blocks.10.norm1.bias', 'image_encoder.trunk.blocks.5.mlp.layers.0.weight', 'image_encoder.trunk.blocks.11.attn.qkv.weight', 'image_encoder.trunk.blocks.11.mlp.layers.0.weight', 'image_encoder.trunk.blocks.1.norm1.bias', 'image_encoder.trunk.blocks.6.attn.qkv.weight', 'image_encoder.trunk.blocks.10.norm2.weight', 'image_encoder.trunk.blocks.5.attn.proj.bias', 'image_encoder.trunk.blocks.21.attn.proj.bias', 'image_encoder.trunk.blocks.3.norm1.bias', 'image_encoder.trunk.blocks.15.attn.qkv.bias', 'image_encoder.trunk.blocks.12.attn.proj.weight', 'image_encoder.trunk.blocks.12.attn.qkv.weight', 'image_encoder.trunk.blocks.8.attn.proj.weight', 'image_encoder.trunk.blocks.9.norm2.bias', 'image_encoder.trunk.blocks.12.mlp.layers.1.bias', 'image_encoder.trunk.blocks.3.mlp.layers.0.bias', 'image_encoder.trunk.blocks.20.mlp.layers.0.weight', 'image_encoder.trunk.blocks.17.mlp.layers.1.weight', 'image_encoder.trunk.blocks.23.norm2.weight', 'image_encoder.trunk.blocks.9.attn.qkv.weight', 'image_encoder.trunk.blocks.4.norm1.bias', 'image_encoder.trunk.blocks.21.attn.qkv.weight', 'image_encoder.trunk.blocks.1.mlp.layers.1.bias', 'image_encoder.trunk.blocks.7.mlp.layers.1.weight', 'image_encoder.trunk.blocks.1.mlp.layers.0.bias', 'image_encoder.trunk.blocks.13.mlp.layers.1.bias', 'image_encoder.trunk.blocks.5.norm2.weight', 'image_encoder.trunk.blocks.22.attn.proj.weight', 'image_encoder.trunk.blocks.8.norm2.bias', 'image_encoder.trunk.blocks.12.attn.qkv.bias', 'image_encoder.trunk.blocks.7.attn.qkv.weight', 'image_encoder.trunk.blocks.19.attn.qkv.weight', 'image_encoder.trunk.blocks.21.norm1.weight', 'image_encoder.trunk.blocks.7.mlp.layers.0.weight', 'image_encoder.trunk.blocks.2.proj.weight', 'image_encoder.trunk.blocks.19.mlp.layers.0.weight', 'image_encoder.trunk.blocks.3.attn.proj.weight', 'image_encoder.trunk.blocks.20.mlp.layers.1.bias', 'image_encoder.trunk.blocks.2.proj.bias', 'image_encoder.trunk.blocks.13.mlp.layers.0.bias', 'image_encoder.trunk.blocks.3.attn.qkv.weight', 'image_encoder.trunk.blocks.0.norm1.bias', 'image_encoder.trunk.blocks.15.norm1.weight', 'image_encoder.trunk.blocks.22.mlp.layers.0.weight', 'image_encoder.trunk.blocks.8.norm2.weight', 'image_encoder.trunk.blocks.12.norm2.weight', 'image_encoder.trunk.blocks.18.norm1.bias', 'image_encoder.trunk.blocks.11.norm2.weight', 'image_encoder.trunk.blocks.13.attn.qkv.bias'}
INFO 2026-09-28 10:22:00,441 optimizer.py: 248: Matches for param_name [*bias*]: {'obj_ptr_proj.layers.2.bias', 'memory_attention.layers.3.cross_attn_image.out_proj.bias', 'sam_mask_decoder.transformer.final_attn_token_to_image.q_proj.bias', 'memory_attention.layers.0.cross_attn_image.k_proj.bias', 'image_encoder.trunk.blocks.5.proj.bias', 'image_encoder.trunk.blocks.11.mlp.layers.1.bias', 'image_encoder.trunk.blocks.9.mlp.layers.1.bias', 'sam_mask_decoder.transformer.layers.1.cross_attn_token_to_image.k_proj.bias', 'memory_encoder.fuser.layers.0.pwconv1.bias', 'sam_mask_decoder.transformer.layers.1.self_attn.k_proj.bias', 'memory_attention.layers.3.norm1.bias', 'sam_mask_decoder.transformer.final_attn_token_to_image.v_proj.bias', 'sam_mask_decoder.transformer.layers.1.cross_attn_image_to_token.q_proj.bias', 'memory_attention.layers.1.norm2.bias', 'sam_mask_decoder.transformer.layers.1.self_attn.v_proj.bias', 'memory_attention.layers.2.self_attn.q_proj.bias', 'image_encoder.trunk.blocks.3.norm2.bias', 'image_encoder.trunk.blocks.2.attn.qkv.bias', 'sam_mask_decoder.transformer.layers.1.mlp.layers.0.bias', 'sam_mask_decoder.transformer.norm_final_attn.bias', 'image_encoder.trunk.blocks.11.attn.qkv.bias', 'image_encoder.trunk.blocks.5.norm2.bias', 'memory_encoder.fuser.layers.1.dwconv.bias', 'sam_mask_decoder.pred_obj_score_head.layers.2.bias', 'sam_mask_decoder.conv_s1.bias', 'sam_mask_decoder.iou_prediction_head.layers.2.bias', 'sam_mask_decoder.output_hypernetworks_mlps.3.layers.0.bias', 'image_encoder.trunk.blocks.6.mlp.layers.1.bias', 'sam_mask_decoder.transformer.final_attn_token_to_image.out_proj.bias', 'image_encoder.trunk.blocks.20.norm1.bias', 'image_encoder.trunk.blocks.2.mlp.layers.0.bias', 'image_encoder.trunk.blocks.23.norm1.bias', 'image_encoder.trunk.blocks.18.mlp.layers.1.bias', 'image_encoder.trunk.blocks.21.attn.qkv.bias', 'image_encoder.trunk.patch_embed.proj.bias', 'sam_mask_decoder.output_hypernetworks_mlps.2.layers.2.bias', 'memory_attention.layers.2.self_attn.v_proj.bias', 'image_encoder.trunk.blocks.8.norm1.bias', 'image_encoder.trunk.blocks.1.attn.proj.bias', 'memory_encoder.mask_downsampler.encoder.0.bias', 'image_encoder.trunk.blocks.2.norm2.bias', 'image_encoder.trunk.blocks.16.attn.proj.bias', 'image_encoder.trunk.blocks.22.norm1.bias', 'sam_mask_decoder.transformer.layers.1.cross_attn_image_to_token.v_proj.bias', 'image_encoder.trunk.blocks.8.mlp.layers.1.bias', 'sam_mask_decoder.transformer.layers.0.cross_attn_image_to_token.k_proj.bias', 'image_encoder.trunk.blocks.14.attn.proj.bias', 'image_encoder.trunk.blocks.3.attn.proj.bias', 'image_encoder.trunk.blocks.16.mlp.layers.0.bias', 'image_encoder.trunk.blocks.0.mlp.layers.1.bias', 'image_encoder.trunk.blocks.11.norm1.bias', 'image_encoder.trunk.blocks.1.norm2.bias', 'image_encoder.trunk.blocks.17.mlp.layers.0.bias', 'sam_mask_decoder.output_hypernetworks_mlps.2.layers.0.bias', 'sam_prompt_encoder.mask_downscaling.1.bias', 'image_encoder.trunk.blocks.22.mlp.layers.1.bias', 'image_encoder.trunk.blocks.16.norm2.bias', 'image_encoder.trunk.blocks.6.mlp.layers.0.bias', 'memory_attention.layers.3.self_attn.v_proj.bias', 'memory_attention.norm.bias', 'image_encoder.trunk.blocks.17.norm1.bias', 'image_encoder.trunk.blocks.6.norm2.bias', 'image_encoder.trunk.blocks.5.norm1.bias', 'memory_attention.layers.3.norm2.bias', 'sam_mask_decoder.transformer.layers.0.cross_attn_image_to_token.q_proj.bias', 'sam_mask_decoder.transformer.layers.1.norm1.bias', 'sam_mask_decoder.transformer.layers.1.cross_attn_image_to_token.out_proj.bias', 'memory_encoder.mask_downsampler.encoder.4.bias', 'image_encoder.trunk.blocks.14.norm2.bias', 'sam_mask_decoder.transformer.layers.1.cross_attn_token_to_image.q_proj.bias', 'image_encoder.trunk.blocks.14.mlp.layers.0.bias', 'memory_attention.layers.0.self_attn.k_proj.bias', 'image_encoder.trunk.blocks.18.attn.qkv.bias', 'image_encoder.trunk.blocks.12.norm1.bias', 'image_encoder.trunk.blocks.10.mlp.layers.0.bias', 'image_encoder.trunk.blocks.10.attn.qkv.bias', 'image_encoder.trunk.blocks.8.attn.proj.bias', 'image_encoder.trunk.blocks.20.attn.qkv.bias', 'image_encoder.trunk.blocks.0.norm2.bias', 'sam_mask_decoder.output_hypernetworks_mlps.3.layers.1.bias', 'image_encoder.trunk.blocks.18.norm2.bias', 'memory_encoder.pix_feat_proj.bias', 'memory_encoder.mask_downsampler.encoder.10.bias', 'sam_mask_decoder.transformer.layers.0.cross_attn_token_to_image.v_proj.bias', 'image_encoder.trunk.blocks.13.norm1.bias', 'image_encoder.trunk.blocks.19.attn.proj.bias', 'image_encoder.trunk.blocks.23.norm2.bias', 'image_encoder.neck.convs.2.conv.bias', 'sam_mask_decoder.iou_prediction_head.layers.0.bias', 'image_encoder.trunk.blocks.22.mlp.layers.0.bias', 'image_encoder.trunk.blocks.4.attn.proj.bias', 'image_encoder.trunk.blocks.13.attn.proj.bias', 'image_encoder.trunk.blocks.19.norm2.bias', 'memory_attention.layers.2.cross_attn_image.v_proj.bias', 'memory_attention.layers.1.linear1.bias', 'memory_attention.layers.1.cross_attn_image.q_proj.bias', 'image_encoder.trunk.blocks.9.mlp.layers.0.bias', 'image_encoder.trunk.blocks.9.norm1.bias', 'image_encoder.trunk.blocks.11.mlp.layers.0.bias', 'image_encoder.trunk.blocks.19.mlp.layers.1.bias', 'memory_attention.layers.0.linear1.bias', 'sam_mask_decoder.output_hypernetworks_mlps.0.layers.2.bias', 'image_encoder.trunk.blocks.4.norm2.bias', 'sam_mask_decoder.transformer.final_attn_token_to_image.k_proj.bias', 'sam_mask_decoder.output_hypernetworks_mlps.2.layers.1.bias', 'image_encoder.trunk.blocks.3.mlp.layers.1.bias', 'sam_mask_decoder.transformer.layers.1.norm4.bias', 'image_encoder.trunk.blocks.12.mlp.layers.0.bias', 'memory_attention.layers.1.cross_attn_image.k_proj.bias', 'image_encoder.trunk.blocks.22.norm2.bias', 'image_encoder.trunk.blocks.6.attn.proj.bias', 'image_encoder.trunk.blocks.21.mlp.layers.1.bias', 'sam_mask_decoder.output_upscaling.1.bias', 'image_encoder.trunk.blocks.3.attn.qkv.bias', 'memory_attention.layers.2.self_attn.k_proj.bias', 'image_encoder.trunk.blocks.13.norm2.bias', 'obj_ptr_tpos_proj.bias', 'image_encoder.trunk.blocks.2.norm1.bias', 'memory_attention.layers.0.norm3.bias', 'sam_mask_decoder.transformer.layers.1.cross_attn_image_to_token.k_proj.bias', 'image_encoder.trunk.blocks.7.norm2.bias', 'image_encoder.trunk.blocks.0.attn.qkv.bias', 'sam_mask_decoder.transformer.layers.0.norm2.bias', 'image_encoder.trunk.blocks.18.mlp.layers.0.bias', 'memory_attention.layers.0.cross_attn_image.v_proj.bias', 'memory_attention.layers.0.norm2.bias', 'sam_mask_decoder.output_upscaling.0.bias', 'image_encoder.trunk.blocks.8.attn.qkv.bias', 'image_encoder.neck.convs.1.conv.bias', 'obj_ptr_proj.layers.1.bias', 'image_encoder.trunk.blocks.15.mlp.layers.1.bias', 'image_encoder.trunk.blocks.7.attn.proj.bias', 'image_encoder.trunk.blocks.0.mlp.layers.0.bias', 'image_encoder.trunk.blocks.22.attn.qkv.bias', 'image_encoder.trunk.blocks.12.norm2.bias', 'sam_mask_decoder.transformer.layers.0.cross_attn_image_to_token.out_proj.bias', 'image_encoder.trunk.blocks.23.attn.qkv.bias', 'memory_attention.layers.3.cross_attn_image.v_proj.bias', 'sam_prompt_encoder.mask_downscaling.3.bias', 'image_encoder.trunk.blocks.6.norm1.bias', 'sam_prompt_encoder.mask_downscaling.4.bias', 'memory_attention.layers.1.norm1.bias', 'image_encoder.trunk.blocks.19.attn.qkv.bias', 'memory_attention.layers.2.cross_attn_image.k_proj.bias', 'image_encoder.trunk.blocks.10.norm2.bias', 'memory_attention.layers.2.norm3.bias', 'image_encoder.trunk.blocks.17.mlp.layers.1.bias', 'image_encoder.trunk.blocks.20.norm2.bias', 'memory_attention.layers.2.self_attn.out_proj.bias', 'image_encoder.trunk.blocks.15.norm1.bias', 'sam_prompt_encoder.mask_downscaling.0.bias', 'sam_mask_decoder.transformer.layers.1.norm2.bias', 'memory_attention.layers.0.norm1.bias', 'image_encoder.trunk.blocks.11.norm2.bias', 'memory_attention.layers.1.cross_attn_image.out_proj.bias', 'memory_attention.layers.2.linear2.bias', 'image_encoder.trunk.blocks.16.norm1.bias', 'image_encoder.trunk.blocks.7.norm1.bias', 'sam_mask_decoder.transformer.layers.1.norm3.bias', 'memory_attention.layers.3.self_attn.q_proj.bias', 'image_encoder.trunk.blocks.14.norm1.bias', 'sam_mask_decoder.transformer.layers.1.mlp.layers.1.bias', 'image_encoder.trunk.blocks.23.attn.proj.bias', 'sam_mask_decoder.output_hypernetworks_mlps.1.layers.0.bias', 'memory_attention.layers.1.self_attn.k_proj.bias', 'sam_mask_decoder.transformer.layers.0.cross_attn_token_to_image.k_proj.bias', 'image_encoder.trunk.blocks.23.mlp.layers.0.bias', 'image_encoder.trunk.blocks.22.attn.proj.bias', 'image_encoder.trunk.blocks.15.norm2.bias', 'image_encoder.trunk.blocks.16.attn.qkv.bias', 'image_encoder.trunk.blocks.18.attn.proj.bias', 'memory_attention.layers.3.linear1.bias', 'image_encoder.trunk.blocks.2.attn.proj.bias', 'image_encoder.trunk.blocks.4.mlp.layers.0.bias', 'memory_encoder.mask_downsampler.encoder.12.bias', 'image_encoder.trunk.blocks.7.attn.qkv.bias', 'memory_attention.layers.0.self_attn.out_proj.bias', 'sam_mask_decoder.transformer.layers.1.cross_attn_token_to_image.v_proj.bias', 'image_encoder.trunk.blocks.5.attn.qkv.bias', 'sam_mask_decoder.transformer.layers.0.self_attn.v_proj.bias', 'image_encoder.trunk.blocks.15.attn.proj.bias', 'image_encoder.trunk.blocks.7.mlp.layers.1.bias', 'memory_encoder.out_proj.bias', 'image_encoder.trunk.blocks.23.mlp.layers.1.bias', 'image_encoder.trunk.blocks.4.mlp.layers.1.bias', 'memory_attention.layers.1.self_attn.out_proj.bias', 'sam_mask_decoder.output_hypernetworks_mlps.1.layers.2.bias', 'sam_mask_decoder.transformer.layers.1.self_attn.q_proj.bias', 'memory_encoder.fuser.layers.0.dwconv.bias', 'image_encoder.trunk.blocks.11.attn.proj.bias', 'memory_encoder.mask_downsampler.encoder.3.bias', 'sam_mask_decoder.pred_obj_score_head.layers.1.bias', 'sam_mask_decoder.transformer.layers.0.self_attn.out_proj.bias', 'image_encoder.trunk.blocks.14.mlp.layers.1.bias', 'sam_mask_decoder.transformer.layers.0.cross_attn_image_to_token.v_proj.bias', 'memory_attention.layers.1.norm3.bias', 'sam_mask_decoder.output_hypernetworks_mlps.0.layers.0.bias', 'image_encoder.trunk.blocks.21.proj.bias', 'image_encoder.trunk.blocks.5.mlp.layers.1.bias', 'image_encoder.neck.convs.3.conv.bias', 'sam_mask_decoder.transformer.layers.0.norm4.bias', 'obj_ptr_proj.layers.0.bias', 'memory_attention.layers.3.self_attn.k_proj.bias', 'image_encoder.trunk.blocks.12.attn.proj.bias', 'memory_encoder.mask_downsampler.encoder.1.bias', 'memory_attention.layers.2.linear1.bias', 'image_encoder.trunk.blocks.5.mlp.layers.0.bias', 'mask_downsample.bias', 'memory_attention.layers.0.self_attn.q_proj.bias', 'image_encoder.trunk.blocks.8.mlp.layers.0.bias', 'image_encoder.trunk.blocks.19.mlp.layers.0.bias', 'image_encoder.trunk.blocks.17.attn.proj.bias', 'image_encoder.trunk.blocks.2.mlp.layers.1.bias', 'memory_encoder.mask_downsampler.encoder.9.bias', 'image_encoder.neck.convs.0.conv.bias', 'memory_attention.layers.2.cross_attn_image.out_proj.bias', 'image_encoder.trunk.blocks.14.attn.qkv.bias', 'sam_mask_decoder.pred_obj_score_head.layers.0.bias', 'image_encoder.trunk.blocks.9.attn.qkv.bias', 'image_encoder.trunk.blocks.10.mlp.layers.1.bias', 'memory_attention.layers.1.linear2.bias', 'image_encoder.trunk.blocks.6.attn.qkv.bias', 'memory_attention.layers.2.cross_attn_image.q_proj.bias', 'image_encoder.trunk.blocks.17.norm2.bias', 'memory_attention.layers.0.linear2.bias', 'sam_mask_decoder.transformer.layers.1.self_attn.out_proj.bias', 'sam_mask_decoder.output_hypernetworks_mlps.0.layers.1.bias', 'image_encoder.trunk.blocks.1.attn.qkv.bias', 'sam_prompt_encoder.mask_downscaling.6.bias', 'image_encoder.trunk.blocks.20.mlp.layers.0.bias', 'image_encoder.trunk.blocks.10.attn.proj.bias', 'image_encoder.trunk.blocks.15.mlp.layers.0.bias', 'image_encoder.trunk.blocks.7.mlp.layers.0.bias', 'image_encoder.trunk.blocks.0.attn.proj.bias', 'memory_encoder.fuser.layers.1.pwconv1.bias', 'memory_attention.layers.0.cross_attn_image.q_proj.bias', 'sam_mask_decoder.transformer.layers.0.norm3.bias', 'image_encoder.trunk.blocks.19.norm1.bias', 'image_encoder.trunk.blocks.21.mlp.layers.0.bias', 'sam_mask_decoder.transformer.layers.0.cross_attn_token_to_image.q_proj.bias', 'image_encoder.trunk.blocks.9.attn.proj.bias', 'image_encoder.trunk.blocks.21.norm1.bias', 'image_encoder.trunk.blocks.4.attn.qkv.bias', 'image_encoder.trunk.blocks.21.norm2.bias', 'sam_mask_decoder.transformer.layers.0.mlp.layers.0.bias', 'image_encoder.trunk.blocks.17.attn.qkv.bias', 'sam_mask_decoder.iou_prediction_head.layers.1.bias', 'image_encoder.trunk.blocks.20.attn.proj.bias', 'image_encoder.trunk.blocks.16.mlp.layers.1.bias', 'sam_mask_decoder.transformer.layers.0.self_attn.k_proj.bias', 'sam_mask_decoder.output_hypernetworks_mlps.1.layers.1.bias', 'memory_attention.layers.3.linear2.bias', 'image_encoder.trunk.blocks.10.norm1.bias', 'memory_attention.layers.3.cross_attn_image.k_proj.bias', 'image_encoder.trunk.blocks.1.norm1.bias', 'memory_attention.layers.2.norm1.bias', 'memory_attention.layers.3.norm3.bias', 'memory_attention.layers.2.norm2.bias', 'sam_mask_decoder.conv_s0.bias', 'memory_attention.layers.3.self_attn.out_proj.bias', 'image_encoder.trunk.blocks.21.attn.proj.bias', 'image_encoder.trunk.blocks.5.attn.proj.bias', 'memory_encoder.mask_downsampler.encoder.7.bias', 'image_encoder.trunk.blocks.3.norm1.bias', 'image_encoder.trunk.blocks.15.attn.qkv.bias', 'image_encoder.trunk.blocks.9.norm2.bias', 'memory_attention.layers.1.self_attn.q_proj.bias', 'image_encoder.trunk.blocks.12.mlp.layers.1.bias', 'sam_mask_decoder.transformer.layers.0.norm1.bias', 'image_encoder.trunk.blocks.3.mlp.layers.0.bias', 'memory_encoder.fuser.layers.0.norm.bias', 'sam_mask_decoder.output_hypernetworks_mlps.3.layers.2.bias', 'memory_attention.layers.1.cross_attn_image.v_proj.bias', 'memory_attention.layers.0.cross_attn_image.out_proj.bias', 'sam_mask_decoder.transformer.layers.0.self_attn.q_proj.bias', 'sam_mask_decoder.transformer.layers.0.mlp.layers.1.bias', 'image_encoder.trunk.blocks.4.norm1.bias', 'image_encoder.trunk.blocks.1.mlp.layers.1.bias', 'memory_encoder.fuser.layers.1.norm.bias', 'memory_encoder.fuser.layers.0.pwconv2.bias', 'image_encoder.trunk.blocks.1.mlp.layers.0.bias', 'image_encoder.trunk.blocks.13.mlp.layers.1.bias', 'memory_attention.layers.0.self_attn.v_proj.bias', 'sam_mask_decoder.output_upscaling.3.bias', 'image_encoder.trunk.blocks.12.attn.qkv.bias', 'image_encoder.trunk.blocks.8.norm2.bias', 'memory_encoder.mask_downsampler.encoder.6.bias', 'memory_attention.layers.3.cross_attn_image.q_proj.bias', 'memory_encoder.fuser.layers.1.pwconv2.bias', 'image_encoder.trunk.blocks.20.mlp.layers.1.bias', 'image_encoder.trunk.blocks.2.proj.bias', 'image_encoder.trunk.blocks.13.mlp.layers.0.bias', 'image_encoder.trunk.blocks.0.norm1.bias', 'sam_mask_decoder.transformer.layers.0.cross_attn_token_to_image.out_proj.bias', 'memory_attention.layers.1.self_attn.v_proj.bias', 'image_encoder.trunk.blocks.18.norm1.bias', 'sam_mask_decoder.transformer.layers.1.cross_attn_token_to_image.out_proj.bias', 'image_encoder.trunk.blocks.13.attn.qkv.bias'}
INFO 2026-09-28 10:22:00,441 optimizer.py: 220: Matches for module_cls_name [torch.nn.LayerNorm]: {'image_encoder.trunk.blocks.8.norm1.weight', 'image_encoder.trunk.blocks.23.norm1.weight', 'image_encoder.trunk.blocks.6.norm1.weight', 'image_encoder.trunk.blocks.10.norm1.weight', 'memory_attention.layers.3.norm1.bias', 'image_encoder.trunk.blocks.3.norm2.bias', 'memory_attention.layers.1.norm2.bias', 'image_encoder.trunk.blocks.17.norm2.weight', 'sam_mask_decoder.transformer.norm_final_attn.bias', 'image_encoder.trunk.blocks.5.norm2.bias', 'image_encoder.trunk.blocks.7.norm2.weight', 'image_encoder.trunk.blocks.11.norm1.weight', 'image_encoder.trunk.blocks.19.norm1.weight', 'image_encoder.trunk.blocks.2.norm1.weight', 'memory_attention.layers.3.norm3.weight', 'image_encoder.trunk.blocks.20.norm1.bias', 'image_encoder.trunk.blocks.9.norm1.weight', 'image_encoder.trunk.blocks.23.norm1.bias', 'memory_attention.layers.0.norm3.weight', 'image_encoder.trunk.blocks.8.norm1.bias', 'sam_mask_decoder.transformer.layers.1.norm3.weight', 'image_encoder.trunk.blocks.2.norm2.bias', 'image_encoder.trunk.blocks.22.norm1.bias', 'sam_mask_decoder.transformer.layers.0.norm2.weight', 'image_encoder.trunk.blocks.11.norm1.bias', 'image_encoder.trunk.blocks.16.norm1.weight', 'image_encoder.trunk.blocks.1.norm2.bias', 'image_encoder.trunk.blocks.0.norm1.weight', 'memory_attention.layers.3.norm2.weight', 'image_encoder.trunk.blocks.13.norm1.weight', 'image_encoder.trunk.blocks.16.norm2.bias', 'memory_attention.layers.2.norm1.weight', 'memory_attention.norm.bias', 'image_encoder.trunk.blocks.17.norm1.bias', 'image_encoder.trunk.blocks.9.norm2.weight', 'image_encoder.trunk.blocks.6.norm2.bias', 'image_encoder.trunk.blocks.5.norm1.bias', 'memory_attention.layers.3.norm2.bias', 'sam_mask_decoder.transformer.layers.1.norm1.bias', 'image_encoder.trunk.blocks.14.norm2.bias', 'image_encoder.trunk.blocks.12.norm1.bias', 'image_encoder.trunk.blocks.1.norm1.weight', 'image_encoder.trunk.blocks.0.norm2.bias', 'image_encoder.trunk.blocks.18.norm2.bias', 'image_encoder.trunk.blocks.22.norm2.weight', 'image_encoder.trunk.blocks.23.norm2.bias', 'image_encoder.trunk.blocks.13.norm1.bias', 'sam_mask_decoder.transformer.layers.1.norm1.weight', 'image_encoder.trunk.blocks.19.norm2.bias', 'image_encoder.trunk.blocks.4.norm2.weight', 'image_encoder.trunk.blocks.9.norm1.bias', 'image_encoder.trunk.blocks.3.norm2.weight', 'image_encoder.trunk.blocks.4.norm2.bias', 'sam_mask_decoder.transformer.layers.1.norm4.bias', 'image_encoder.trunk.blocks.22.norm2.bias', 'image_encoder.trunk.blocks.19.norm2.weight', 'image_encoder.trunk.blocks.15.norm2.weight', 'image_encoder.trunk.blocks.21.norm2.weight', 'image_encoder.trunk.blocks.13.norm2.bias', 'image_encoder.trunk.blocks.2.norm1.bias', 'image_encoder.trunk.blocks.17.norm1.weight', 'memory_attention.layers.0.norm3.bias', 'image_encoder.trunk.blocks.3.norm1.weight', 'image_encoder.trunk.blocks.7.norm2.bias', 'sam_mask_decoder.transformer.layers.0.norm2.bias', 'memory_attention.layers.1.norm3.weight', 'memory_attention.layers.0.norm2.bias', 'image_encoder.trunk.blocks.20.norm1.weight', 'image_encoder.trunk.blocks.13.norm2.weight', 'image_encoder.trunk.blocks.4.norm1.weight', 'image_encoder.trunk.blocks.22.norm1.weight', 'image_encoder.trunk.blocks.12.norm2.bias', 'image_encoder.trunk.blocks.5.norm1.weight', 'image_encoder.trunk.blocks.6.norm1.bias', 'memory_attention.layers.1.norm1.bias', 'memory_attention.layers.2.norm2.weight', 'image_encoder.trunk.blocks.10.norm2.bias', 'image_encoder.trunk.blocks.20.norm2.weight', 'memory_attention.layers.2.norm3.bias', 'image_encoder.trunk.blocks.20.norm2.bias', 'image_encoder.trunk.blocks.15.norm1.bias', 'memory_attention.layers.0.norm1.bias', 'sam_mask_decoder.transformer.layers.1.norm2.bias', 'image_encoder.trunk.blocks.11.norm2.bias', 'image_encoder.trunk.blocks.16.norm1.bias', 'image_encoder.trunk.blocks.7.norm1.bias', 'sam_mask_decoder.transformer.layers.1.norm3.bias', 'sam_mask_decoder.transformer.layers.0.norm3.weight', 'image_encoder.trunk.blocks.14.norm1.bias', 'image_encoder.trunk.blocks.7.norm1.weight', 'image_encoder.trunk.blocks.12.norm1.weight', 'image_encoder.trunk.blocks.15.norm2.bias', 'image_encoder.trunk.blocks.16.norm2.weight', 'sam_mask_decoder.transformer.layers.0.norm1.weight', 'image_encoder.trunk.blocks.0.norm2.weight', 'memory_attention.layers.1.norm3.bias', 'sam_mask_decoder.transformer.layers.0.norm4.bias', 'memory_attention.layers.0.norm2.weight', 'image_encoder.trunk.blocks.18.norm1.weight', 'image_encoder.trunk.blocks.6.norm2.weight', 'image_encoder.trunk.blocks.14.norm2.weight', 'sam_mask_decoder.transformer.layers.1.norm4.weight', 'image_encoder.trunk.blocks.2.norm2.weight', 'sam_mask_decoder.transformer.norm_final_attn.weight', 'image_encoder.trunk.blocks.17.norm2.bias', 'memory_attention.layers.3.norm1.weight', 'sam_mask_decoder.transformer.layers.0.norm3.bias', 'image_encoder.trunk.blocks.19.norm1.bias', 'memory_attention.layers.1.norm2.weight', 'image_encoder.trunk.blocks.14.norm1.weight', 'image_encoder.trunk.blocks.21.norm1.bias', 'image_encoder.trunk.blocks.18.norm2.weight', 'image_encoder.trunk.blocks.21.norm2.bias', 'memory_attention.layers.2.norm3.weight', 'image_encoder.trunk.blocks.1.norm2.weight', 'image_encoder.trunk.blocks.10.norm1.bias', 'memory_attention.layers.1.norm1.weight', 'image_encoder.trunk.blocks.1.norm1.bias', 'memory_attention.layers.2.norm1.bias', 'memory_attention.layers.3.norm3.bias', 'memory_attention.layers.2.norm2.bias', 'image_encoder.trunk.blocks.10.norm2.weight', 'memory_attention.norm.weight', 'image_encoder.trunk.blocks.3.norm1.bias', 'memory_attention.layers.0.norm1.weight', 'image_encoder.trunk.blocks.9.norm2.bias', 'sam_mask_decoder.transformer.layers.0.norm1.bias', 'image_encoder.trunk.blocks.23.norm2.weight', 'image_encoder.trunk.blocks.4.norm1.bias', 'image_encoder.trunk.blocks.5.norm2.weight', 'image_encoder.trunk.blocks.8.norm2.bias', 'image_encoder.trunk.blocks.21.norm1.weight', 'sam_mask_decoder.transformer.layers.0.norm4.weight', 'image_encoder.trunk.blocks.0.norm1.bias', 'sam_mask_decoder.transformer.layers.1.norm2.weight', 'image_encoder.trunk.blocks.15.norm1.weight', 'image_encoder.trunk.blocks.8.norm2.weight', 'image_encoder.trunk.blocks.12.norm2.weight', 'image_encoder.trunk.blocks.18.norm1.bias', 'image_encoder.trunk.blocks.11.norm2.weight'} 
Raw dataset length = 4221
INFO 2026-09-28 10:22:00,790 sam2_datasets.py: 125: Dataset mixing probabilities: [1.0]
INFO 2026-09-28 10:22:01,052 trainer.py: 417: Loading pretrained checkpoint from {'_partial_': True, '_target_': 'training.utils.checkpoint_utils.load_state_dict_into_model', 'strict': True, 'ignore_unexpected_keys': None, 'ignore_missing_keys': None, 'state_dict': {'_target_': 'training.utils.checkpoint_utils.load_checkpoint_and_apply_kernels', 'checkpoint_path': './checkpoints/sam2.1_hiera_base_plus.pt', 'ckpt_state_dict_keys': ['model']}}
/data1/workspace/tien.nguyen/miniconda3/envs/sam2/lib/python3.14/site-packages/torch/distributed/c10d_logger.py:83: UserWarning: barrier(): using the device under current context. You can specify `device_id` in `init_process_group` to mute this warning.
  return func(*args, **kwargs)
WARNING:root:Skip RandomAffine for zero-area mask in first frame after 1 tentatives
WARNING:root:Skip RandomAffine for zero-area mask in first frame after 1 tentatives
/data1/workspace/tien.nguyen/project/sam2/training/trainer.py:861: FutureWarning: `torch.cuda.amp.autocast(args...)` is deprecated. Please use `torch.amp.autocast('cuda', args...)` instead.
  with torch.cuda.amp.autocast(
WARNING:root:Skip RandomAffine for zero-area mask in first frame after 1 tentatives
WARNING:root:Skip RandomAffine for zero-area mask in first frame after 1 tentatives
WARNING:root:Skip RandomAffine for zero-area mask in first frame after 1 tentatives
/data1/workspace/tien.nguyen/miniconda3/envs/sam2/lib/python3.14/site-packages/torch/autograd/graph.py:1072: UserWarning: Grad strides do not match bucket view strides. This may indicate grad was not created according to the gradient layout contract, or that the param's strides changed since DDP was constructed.  This is not an error, but may impair performance.
grad.sizes() = [64, 256, 1, 1], strides() = [256, 1, 256, 256]
bucket_view.sizes() = [64, 256, 1, 1], strides() = [256, 1, 1, 1] (Triggered internally at /__w/pytorch/pytorch/torch/csrc/distributed/c10d/reducer.cpp:335.)
  return Variable._execution_engine.run_backward(  # Calls into the C++ engine to run the backward pass
INFO 2026-09-28 10:24:03,442 train_utils.py: 271: Train Epoch: [0][   0/2110] | Batch Time: 8.01 (8.01) | Data Time: 5.34 (5.34) | Mem (GB): 8.00 (8.00/8.00) | Time Elapsed: 00d 00h 02m | Losses/train_all_loss: 8.17e+00 (8.17e+00)
WARNING:root:Skip RandomAffine for zero-area mask in first frame after 1 tentatives
WARNING:root:Skip RandomAffine for zero-area mask in first frame after 1 tentatives
INFO 2026-09-28 10:24:08,043 train_utils.py: 271: Train Epoch: [0][  10/2110] | Batch Time: 0.69 (1.15) | Data Time: 0.00 (0.49) | Mem (GB): 10.00 (8.18/14.00) | Time Elapsed: 00d 00h 02m | Losses/train_all_loss: 7.73e+00 (7.12e+00)
INFO 2026-09-28 10:24:11,170 train_utils.py: 271: Train Epoch: [0][  20/2110] | Batch Time: 0.15 (0.75) | Data Time: 0.00 (0.26) | Mem (GB): 9.00 (7.14/14.00) | Time Elapsed: 00d 00h 02m | Losses/train_all_loss: 3.21e+00 (6.28e+00)
WARNING:root:Skip RandomAffine for zero-area mask in first frame after 1 tentatives
WARNING:root:Skip RandomAffine for zero-area mask in first frame after 1 tentatives
WARNING:root:Skip RandomAffine for zero-area mask in first frame after 1 tentatives
WARNING:root:Skip RandomAffine for zero-area mask in first frame after 1 tentatives
INFO 2026-09-28 10:24:16,187 train_utils.py: 271: Train Epoch: [0][  30/2110] | Batch Time: 0.11 (0.67) | Data Time: 0.00 (0.23) | Mem (GB): 5.00 (7.19/15.00) | Time Elapsed: 00d 00h 02m | Losses/train_all_loss: 9.74e+01 (2.58e+01)
INFO 2026-09-28 10:24:18,644 train_utils.py: 271: Train Epoch: [0][  40/2110] | Batch Time: 0.11 (0.57) | Data Time: 0.00 (0.19) | Mem (GB): 5.00 (7.22/15.00) | Time Elapsed: 00d 00h 02m | Losses/train_all_loss: 1.56e+02 (3.81e+01)
WARNING:root:Skip RandomAffine for zero-area mask in first frame after 1 tentatives
WARNING:root:Skip RandomAffine for zero-area mask in first frame after 1 tentatives
INFO 2026-09-28 10:24:23,269 train_utils.py: 271: Train Epoch: [0][  50/2110] | Batch Time: 1.04 (0.55) | Data Time: 0.87 (0.21) | Mem (GB): 10.00 (7.43/15.00) | Time Elapsed: 00d 00h 02m | Losses/train_all_loss: 1.12e+01 (4.44e+01)
WARNING:root:Skip RandomAffine for zero-area mask in first frame after 1 tentatives
WARNING:root:Skip RandomAffine for zero-area mask in first frame after 1 tentatives
INFO 2026-09-28 10:24:28,672 train_utils.py: 271: Train Epoch: [0][  60/2110] | Batch Time: 0.85 (0.54) | Data Time: 0.00 (0.22) | Mem (GB): 13.00 (7.41/15.00) | Time Elapsed: 00d 00h 02m | Losses/train_all_loss: 3.39e+01 (5.89e+01)
WARNING:root:Skip RandomAffine for zero-area mask in first frame after 1 tentatives
WARNING:root:Skip RandomAffine for zero-area mask in first frame after 1 tentatives
WARNING:root:Skip RandomAffine for zero-area mask in first frame after 1 tentatives
INFO 2026-09-28 10:24:31,129 train_utils.py: 271: Train Epoch: [0][  70/2110] | Batch Time: 0.19 (0.50) | Data Time: 0.07 (0.21) | Mem (GB): 6.00 (7.38/15.00) | Time Elapsed: 00d 00h 02m | Losses/train_all_loss: 6.83e-01 (5.68e+01)
WARNING:root:Skip RandomAffine for zero-area mask in first frame after 1 tentatives
INFO 2026-09-28 10:24:34,876 train_utils.py: 271: Train Epoch: [0][  80/2110] | Batch Time: 0.11 (0.49) | Data Time: 0.00 (0.21) | Mem (GB): 5.00 (7.41/15.00) | Time Elapsed: 00d 00h 02m | Losses/train_all_loss: 1.46e+02 (5.92e+01)
WARNING:root:Skip RandomAffine for zero-area mask in first frame after 1 tentatives
WARNING:root:Skip RandomAffine for zero-area mask in first frame after 1 tentatives
WARNING:root:Skip RandomAffine for zero-area mask in first frame after 1 tentatives
WARNING:root:Skip RandomAffine for zero-area mask in first frame after 1 tentatives
WARNING:root:Skip RandomAffine for zero-area mask in first frame after 1 tentatives
INFO 2026-09-28 10:24:39,724 train_utils.py: 271: Train Epoch: [0][  90/2110] | Batch Time: 0.22 (0.49) | Data Time: 0.00 (0.22) | Mem (GB): 15.00 (7.31/15.00) | Time Elapsed: 00d 00h 02m | Losses/train_all_loss: 4.23e-01 (6.21e+01)
WARNING:root:Skip RandomAffine for zero-area mask in first frame after 1 tentatives
WARNING:root:Skip RandomAffine for zero-area mask in first frame after 1 tentatives
WARNING:root:Skip RandomAffine for zero-area mask in first frame after 1 tentatives
INFO 2026-09-28 10:24:45,523 train_utils.py: 271: Train Epoch: [0][ 100/2110] | Batch Time: 0.13 (0.50) | Data Time: 0.00 (0.24) | Mem (GB): 6.00 (7.28/15.00) | Time Elapsed: 00d 00h 02m | Losses/train_all_loss: 5.14e+00 (6.71e+01)
WARNING:root:Skip RandomAffine for zero-area mask in first frame after 1 tentatives
WARNING:root:Skip RandomAffine for zero-area mask in first frame after 1 tentatives
WARNING:root:Skip RandomAffine for zero-area mask in first frame after 1 tentatives
INFO 2026-09-28 10:24:47,676 train_utils.py: 271: Train Epoch: [0][ 110/2110] | Batch Time: 0.15 (0.47) | Data Time: 0.00 (0.23) | Mem (GB): 9.00 (7.22/15.00) | Time Elapsed: 00d 00h 02m | Losses/train_all_loss: 1.30e+01 (7.07e+01)
WARNING:root:Skip RandomAffine for zero-area mask in first frame after 1 tentatives
WARNING:root:Skip RandomAffine for zero-area mask in first frame after 1 tentatives
WARNING:root:Skip RandomAffine for zero-area mask in first frame after 1 tentatives
INFO 2026-09-28 10:24:51,147 train_utils.py: 271: Train Epoch: [0][ 120/2110] | Batch Time: 0.13 (0.46) | Data Time: 0.00 (0.23) | Mem (GB): 7.00 (7.18/15.00) | Time Elapsed: 00d 00h 02m | Losses/train_all_loss: 2.98e+02 (6.85e+01)
WARNING:root:Skip RandomAffine for zero-area mask in first frame after 1 tentatives
INFO 2026-09-28 10:24:54,585 train_utils.py: 271: Train Epoch: [0][ 130/2110] | Batch Time: 0.12 (0.45) | Data Time: 0.00 (0.22) | Mem (GB): 7.00 (7.23/15.00) | Time Elapsed: 00d 00h 02m | Losses/train_all_loss: 3.97e-01 (6.98e+01)
WARNING:root:Skip RandomAffine for zero-area mask in first frame after 1 tentatives
WARNING:root:Skip RandomAffine for zero-area mask in first frame after 1 tentatives
WARNING:root:Skip RandomAffine for zero-area mask in first frame after 1 tentatives
INFO 2026-09-28 10:24:59,834 train_utils.py: 271: Train Epoch: [0][ 140/2110] | Batch Time: 0.09 (0.46) | Data Time: 0.00 (0.24) | Mem (GB): 2.00 (7.15/15.00) | Time Elapsed: 00d 00h 03m | Losses/train_all_loss: 6.68e-01 (6.70e+01)
WARNING:root:Skip RandomAffine for zero-area mask in first frame after 1 tentatives
WARNING:root:Skip RandomAffine for zero-area mask in first frame after 1 tentatives
WARNING:root:Skip RandomAffine for zero-area mask in first frame after 1 tentatives
WARNING:root:Skip RandomAffine for zero-area mask in first frame after 1 tentatives
INFO 2026-09-28 10:25:02,694 train_utils.py: 271: Train Epoch: [0][ 150/2110] | Batch Time: 0.96 (0.45) | Data Time: 0.80 (0.23) | Mem (GB): 9.00 (7.17/15.00) | Time Elapsed: 00d 00h 03m | Losses/train_all_loss: 5.39e+01 (6.53e+01)
WARNING:root:Skip RandomAffine for zero-area mask in first frame after 1 tentatives
WARNING:root:Skip RandomAffine for zero-area mask in first frame after 1 tentatives
WARNING:root:Skip RandomAffine for zero-area mask in first frame after 1 tentatives
WARNING:root:Skip RandomAffine for zero-area mask in first frame after 1 tentatives
INFO 2026-09-28 10:25:06,060 train_utils.py: 271: Train Epoch: [0][ 160/2110] | Batch Time: 0.13 (0.44) | Data Time: 0.00 (0.23) | Mem (GB): 7.00 (7.19/15.00) | Time Elapsed: 00d 00h 03m | Losses/train_all_loss: 1.40e+02 (6.77e+01)
WARNING:root:Skip RandomAffine for zero-area mask in first frame after 1 tentatives
WARNING:root:Skip RandomAffine for zero-area mask in first frame after 1 tentatives
INFO 2026-09-28 10:25:09,308 train_utils.py: 271: Train Epoch: [0][ 170/2110] | Batch Time: 0.08 (0.43) | Data Time: 0.00 (0.23) | Mem (GB): 2.00 (7.15/15.00) | Time Elapsed: 00d 00h 03m | Losses/train_all_loss: 1.36e+00 (6.80e+01)
WARNING:root:Skip RandomAffine for zero-area mask in first frame after 1 tentatives
WARNING:root:Skip RandomAffine for zero-area mask in first frame after 1 tentatives
WARNING:root:Skip RandomAffine for zero-area mask in first frame after 1 tentatives
WARNING:root:Skip RandomAffine for zero-area mask in first frame after 1 tentatives
WARNING:root:Skip RandomAffine for zero-area mask in first frame after 1 tentatives
WARNING:root:Skip RandomAffine for zero-area mask in first frame after 1 tentatives
INFO 2026-09-28 10:25:12,365 train_utils.py: 271: Train Epoch: [0][ 180/2110] | Batch Time: 0.17 (0.43) | Data Time: 0.00 (0.22) | Mem (GB): 10.00 (7.13/15.00) | Time Elapsed: 00d 00h 03m | Losses/train_all_loss: 5.50e-01 (6.47e+01)
WARNING:root:Skip RandomAffine for zero-area mask in first frame after 1 tentatives
INFO 2026-09-28 10:25:15,054 train_utils.py: 271: Train Epoch: [0][ 190/2110] | Batch Time: 0.09 (0.42) | Data Time: 0.00 (0.22) | Mem (GB): 2.00 (7.09/15.00) | Time Elapsed: 00d 00h 03m | Losses/train_all_loss: 1.66e+02 (6.43e+01)
WARNING:root:Skip RandomAffine for zero-area mask in first frame after 1 tentatives
WARNING:root:Skip RandomAffine for zero-area mask in first frame after 1 tentatives
WARNING:root:Skip RandomAffine for zero-area mask in first frame after 1 tentatives
WARNING:root:Skip RandomAffine for zero-area mask in first frame after 1 tentatives
WARNING:root:Skip RandomAffine for zero-area mask in first frame after 1 tentatives
WARNING:root:Skip RandomAffine for zero-area mask in first frame after 1 tentatives
INFO 2026-09-28 10:25:18,407 train_utils.py: 271: Train Epoch: [0][ 200/2110] | Batch Time: 0.10 (0.41) | Data Time: 0.00 (0.22) | Mem (GB): 4.00 (7.12/15.00) | Time Elapsed: 00d 00h 03m | Losses/train_all_loss: 5.85e-01 (7.21e+01)
WARNING:root:Skip RandomAffine for zero-area mask in first frame after 1 tentatives
WARNING:root:Skip RandomAffine for zero-area mask in first frame after 1 tentatives
INFO 2026-09-28 10:25:20,809 train_utils.py: 271: Train Epoch: [0][ 210/2110] | Batch Time: 0.16 (0.40) | Data Time: 0.00 (0.21) | Mem (GB): 10.00 (7.13/15.00) | Time Elapsed: 00d 00h 03m | Losses/train_all_loss: 6.14e+00 (7.21e+01)
WARNING:root:Skip RandomAffine for zero-area mask in first frame after 1 tentatives
WARNING:root:Skip RandomAffine for zero-area mask in first frame after 1 tentatives
WARNING:root:Skip RandomAffine for zero-area mask in first frame after 1 tentatives
WARNING:root:Skip RandomAffine for zero-area mask in first frame after 1 tentatives
INFO 2026-09-28 10:25:26,691 train_utils.py: 271: Train Epoch: [0][ 220/2110] | Batch Time: 1.99 (0.41) | Data Time: 1.84 (0.22) | Mem (GB): 9.00 (7.15/15.00) | Time Elapsed: 00d 00h 03m | Losses/train_all_loss: 8.73e-01 (7.04e+01)
WARNING:root:Skip RandomAffine for zero-area mask in first frame after 1 tentatives
WARNING:root:Skip RandomAffine for zero-area mask in first frame after 1 tentatives
WARNING:root:Skip RandomAffine for zero-area mask in first frame after 1 tentatives
WARNING:root:Skip RandomAffine for zero-area mask in first frame after 1 tentatives
WARNING:root:Skip RandomAffine for zero-area mask in first frame after 1 tentatives
INFO 2026-09-28 10:25:29,324 train_utils.py: 271: Train Epoch: [0][ 230/2110] | Batch Time: 0.15 (0.41) | Data Time: 0.00 (0.22) | Mem (GB): 9.00 (7.18/15.00) | Time Elapsed: 00d 00h 03m | Losses/train_all_loss: 3.99e-01 (6.80e+01)
WARNING:root:Skip RandomAffine for zero-area mask in first frame after 1 tentatives
WARNING:root:Skip RandomAffine for zero-area mask in first frame after 1 tentatives
INFO 2026-09-28 10:25:33,112 train_utils.py: 271: Train Epoch: [0][ 240/2110] | Batch Time: 0.20 (0.41) | Data Time: 0.06 (0.22) | Mem (GB): 8.00 (7.22/15.00) | Time Elapsed: 00d 00h 03m | Losses/train_all_loss: 5.06e-01 (6.71e+01)
WARNING:root:Skip RandomAffine for zero-area mask in first frame after 1 tentatives
WARNING:root:Skip RandomAffine for zero-area mask in first frame after 1 tentatives
WARNING:root:Skip RandomAffine for zero-area mask in first frame after 1 tentatives
INFO 2026-09-28 10:25:35,814 train_utils.py: 271: Train Epoch: [0][ 250/2110] | Batch Time: 0.12 (0.40) | Data Time: 0.00 (0.22) | Mem (GB): 5.00 (7.20/15.00) | Time Elapsed: 00d 00h 03m | Losses/train_all_loss: 7.47e+01 (6.71e+01)
WARNING:root:Skip RandomAffine for zero-area mask in first frame after 1 tentatives
WARNING:root:Skip RandomAffine for zero-area mask in first frame after 1 tentatives
WARNING:root:Skip RandomAffine for zero-area mask in first frame after 1 tentatives
WARNING:root:Skip RandomAffine for zero-area mask in first frame after 1 tentatives
INFO 2026-09-28 10:25:39,323 train_utils.py: 271: Train Epoch: [0][ 260/2110] | Batch Time: 0.73 (0.40) | Data Time: 0.61 (0.22) | Mem (GB): 7.00 (7.20/15.00) | Time Elapsed: 00d 00h 03m | Losses/train_all_loss: 1.75e+00 (6.67e+01)
WARNING:root:Skip RandomAffine for zero-area mask in first frame after 1 tentatives
WARNING:root:Skip RandomAffine for zero-area mask in first frame after 1 tentatives
WARNING:root:Skip RandomAffine for zero-area mask in first frame after 1 tentatives
WARNING:root:Skip RandomAffine for zero-area mask in first frame after 1 tentatives
INFO 2026-09-28 10:25:42,085 train_utils.py: 271: Train Epoch: [0][ 270/2110] | Batch Time: 0.15 (0.39) | Data Time: 0.00 (0.21) | Mem (GB): 9.00 (7.24/15.00) | Time Elapsed: 00d 00h 03m | Losses/train_all_loss: 2.65e+01 (6.51e+01)
WARNING:root:Skip RandomAffine for zero-area mask in first frame after 1 tentatives
WARNING:root:Skip RandomAffine for zero-area mask in first frame after 1 tentatives
INFO 2026-09-28 10:25:45,678 train_utils.py: 271: Train Epoch: [0][ 280/2110] | Batch Time: 0.36 (0.39) | Data Time: 0.21 (0.21) | Mem (GB): 9.00 (7.28/15.00) | Time Elapsed: 00d 00h 03m | Losses/train_all_loss: 1.08e+00 (6.46e+01)
WARNING:root:Skip RandomAffine for zero-area mask in first frame after 1 tentatives
WARNING:root:Skip RandomAffine for zero-area mask in first frame after 1 tentatives
WARNING:root:Skip RandomAffine for zero-area mask in first frame after 1 tentatives
WARNING:root:Skip RandomAffine for zero-area mask in first frame after 1 tentatives
WARNING:root:Skip RandomAffine for zero-area mask in first frame after 1 tentatives
INFO 2026-09-28 10:25:50,646 train_utils.py: 271: Train Epoch: [0][ 290/2110] | Batch Time: 0.13 (0.40) | Data Time: 0.00 (0.22) | Mem (GB): 7.00 (7.31/15.00) | Time Elapsed: 00d 00h 03m | Losses/train_all_loss: 5.34e+00 (6.33e+01)
WARNING:root:Skip RandomAffine for zero-area mask in first frame after 1 tentatives
WARNING:root:Skip RandomAffine for zero-area mask in first frame after 1 tentatives
WARNING:root:Skip RandomAffine for zero-area mask in first frame after 1 tentatives
INFO 2026-09-28 10:25:53,152 train_utils.py: 271: Train Epoch: [0][ 300/2110] | Batch Time: 0.12 (0.39) | Data Time: 0.00 (0.21) | Mem (GB): 5.00 (7.27/15.00) | Time Elapsed: 00d 00h 03m | Losses/train_all_loss: 4.51e-01 (6.26e+01)
WARNING:root:Skip RandomAffine for zero-area mask in first frame after 1 tentatives
WARNING:root:Skip RandomAffine for zero-area mask in first frame after 1 tentatives
WARNING:root:Skip RandomAffine for zero-area mask in first frame after 1 tentatives
WARNING:root:Skip RandomAffine for zero-area mask in first frame after 1 tentatives
INFO 2026-09-28 10:25:56,889 train_utils.py: 271: Train Epoch: [0][ 310/2110] | Batch Time: 0.12 (0.39) | Data Time: 0.00 (0.21) | Mem (GB): 6.00 (7.27/15.00) | Time Elapsed: 00d 00h 03m | Losses/train_all_loss: 8.25e+01 (6.22e+01)
WARNING:root:Skip RandomAffine for zero-area mask in first frame after 1 tentatives
WARNING:root:Skip RandomAffine for zero-area mask in first frame after 1 tentatives
INFO 2026-09-28 10:25:58,860 train_utils.py: 271: Train Epoch: [0][ 320/2110] | Batch Time: 0.18 (0.38) | Data Time: 0.00 (0.21) | Mem (GB): 11.00 (7.25/15.00) | Time Elapsed: 00d 00h 03m | Losses/train_all_loss: 1.32e+02 (6.24e+01)
WARNING:root:Skip RandomAffine for zero-area mask in first frame after 1 tentatives
WARNING:root:Skip RandomAffine for zero-area mask in first frame after 1 tentatives
WARNING:root:Skip RandomAffine for zero-area mask in first frame after 1 tentatives
WARNING:root:Skip RandomAffine for zero-area mask in first frame after 1 tentatives
WARNING:root:Skip RandomAffine for zero-area mask in first frame after 1 tentatives
INFO 2026-09-28 10:26:03,720 train_utils.py: 271: Train Epoch: [0][ 330/2110] | Batch Time: 0.11 (0.39) | Data Time: 0.04 (0.21) | Mem (GB): 2.00 (7.30/15.00) | Time Elapsed: 00d 00h 04m | Losses/train_all_loss: 2.71e+02 (6.33e+01)
WARNING:root:Skip RandomAffine for zero-area mask in first frame after 1 tentatives
WARNING:root:Skip RandomAffine for zero-area mask in first frame after 1 tentatives
WARNING:root:Skip RandomAffine for zero-area mask in first frame after 1 tentatives
WARNING:root:Skip RandomAffine for zero-area mask in first frame after 1 tentatives
WARNING:root:Skip RandomAffine for zero-area mask in first frame after 1 tentatives
WARNING:root:Skip RandomAffine for zero-area mask in first frame after 1 tentatives
INFO 2026-09-28 10:26:07,664 train_utils.py: 271: Train Epoch: [0][ 340/2110] | Batch Time: 0.51 (0.39) | Data Time: 0.38 (0.22) | Mem (GB): 7.00 (7.28/15.00) | Time Elapsed: 00d 00h 04m | Losses/train_all_loss: 6.50e+01 (6.20e+01)
WARNING:root:Skip RandomAffine for zero-area mask in first frame after 1 tentatives
WARNING:root:Skip RandomAffine for zero-area mask in first frame after 1 tentatives
WARNING:root:Skip RandomAffine for zero-area mask in first frame after 1 tentatives
WARNING:root:Skip RandomAffine for zero-area mask in first frame after 1 tentatives
INFO 2026-09-28 10:26:10,179 train_utils.py: 271: Train Epoch: [0][ 350/2110] | Batch Time: 0.11 (0.38) | Data Time: 0.00 (0.21) | Mem (GB): 5.00 (7.32/15.00) | Time Elapsed: 00d 00h 04m | Losses/train_all_loss: 4.63e+00 (6.08e+01)
WARNING:root:Skip RandomAffine for zero-area mask in first frame after 1 tentatives
WARNING:root:Skip RandomAffine for zero-area mask in first frame after 1 tentatives
WARNING:root:Skip RandomAffine for zero-area mask in first frame after 1 tentatives
INFO 2026-09-28 10:26:15,088 train_utils.py: 271: Train Epoch: [0][ 360/2110] | Batch Time: 0.11 (0.39) | Data Time: 0.00 (0.22) | Mem (GB): 6.00 (7.34/15.00) | Time Elapsed: 00d 00h 04m | Losses/train_all_loss: 7.76e-01 (6.00e+01)
WARNING:root:Skip RandomAffine for zero-area mask in first frame after 1 tentatives
INFO 2026-09-28 10:26:18,495 train_utils.py: 271: Train Epoch: [0][ 370/2110] | Batch Time: 0.12 (0.39) | Data Time: 0.00 (0.21) | Mem (GB): 7.00 (7.37/15.00) | Time Elapsed: 00d 00h 04m | Losses/train_all_loss: 2.33e+01 (5.96e+01)
WARNING:root:Skip RandomAffine for zero-area mask in first frame after 1 tentatives
WARNING:root:Skip RandomAffine for zero-area mask in first frame after 1 tentatives
WARNING:root:Skip RandomAffine for zero-area mask in first frame after 1 tentatives
WARNING:root:Skip RandomAffine for zero-area mask in first frame after 1 tentatives
WARNING:root:Skip RandomAffine for zero-area mask in first frame after 1 tentatives
WARNING:root:Skip RandomAffine for zero-area mask in first frame after 1 tentatives
WARNING:root:Skip RandomAffine for zero-area mask in first frame after 1 tentatives
INFO 2026-09-28 10:26:22,726 train_utils.py: 271: Train Epoch: [0][ 380/2110] | Batch Time: 0.14 (0.39) | Data Time: 0.00 (0.22) | Mem (GB): 6.00 (7.42/15.00) | Time Elapsed: 00d 00h 04m | Losses/train_all_loss: 1.78e+01 (5.86e+01)
WARNING:root:Skip RandomAffine for zero-area mask in first frame after 1 tentatives
WARNING:root:Skip RandomAffine for zero-area mask in first frame after 1 tentatives
WARNING:root:Skip RandomAffine for zero-area mask in first frame after 1 tentatives
WARNING:root:Skip RandomAffine for zero-area mask in first frame after 1 tentatives
INFO 2026-09-28 10:26:26,079 train_utils.py: 271: Train Epoch: [0][ 390/2110] | Batch Time: 0.14 (0.39) | Data Time: 0.00 (0.22) | Mem (GB): 8.00 (7.47/15.00) | Time Elapsed: 00d 00h 04m | Losses/train_all_loss: 6.26e+00 (5.77e+01)
WARNING:root:Skip RandomAffine for zero-area mask in first frame after 1 tentatives
WARNING:root:Skip RandomAffine for zero-area mask in first frame after 1 tentatives
WARNING:root:Skip RandomAffine for zero-area mask in first frame after 1 tentatives
WARNING:root:Skip RandomAffine for zero-area mask in first frame after 1 tentatives
WARNING:root:Skip RandomAffine for zero-area mask in first frame after 1 tentatives
WARNING:root:Skip RandomAffine for zero-area mask in first frame after 1 tentatives
WARNING:root:Skip RandomAffine for zero-area mask in first frame after 1 tentatives
INFO 2026-09-28 10:26:29,736 train_utils.py: 271: Train Epoch: [0][ 400/2110] | Batch Time: 0.78 (0.38) | Data Time: 0.53 (0.22) | Mem (GB): 14.00 (7.50/15.00) | Time Elapsed: 00d 00h 04m | Losses/train_all_loss: 4.82e+01 (5.77e+01)
WARNING:root:Skip RandomAffine for zero-area mask in first frame after 1 tentatives
WARNING:root:Skip RandomAffine for zero-area mask in first frame after 1 tentatives
WARNING:root:Skip RandomAffine for zero-area mask in first frame after 1 tentatives
INFO 2026-09-28 10:26:33,382 train_utils.py: 271: Train Epoch: [0][ 410/2110] | Batch Time: 0.14 (0.38) | Data Time: 0.00 (0.21) | Mem (GB): 7.00 (7.53/15.00) | Time Elapsed: 00d 00h 04m | Losses/train_all_loss: 5.51e+00 (5.75e+01)
WARNING:root:Skip RandomAffine for zero-area mask in first frame after 1 tentatives
WARNING:root:Skip RandomAffine for zero-area mask in first frame after 1 tentatives
INFO 2026-09-28 10:26:37,124 train_utils.py: 271: Train Epoch: [0][ 420/2110] | Batch Time: 0.65 (0.38) | Data Time: 0.49 (0.22) | Mem (GB): 9.00 (7.52/15.00) | Time Elapsed: 00d 00h 04m | Losses/train_all_loss: 2.34e+01 (5.75e+01)
WARNING:root:Skip RandomAffine for zero-area mask in first frame after 1 tentatives
WARNING:root:Skip RandomAffine for zero-area mask in first frame after 1 tentatives
INFO 2026-09-28 10:26:40,087 train_utils.py: 271: Train Epoch: [0][ 430/2110] | Batch Time: 0.11 (0.38) | Data Time: 0.00 (0.21) | Mem (GB): 2.00 (7.52/15.00) | Time Elapsed: 00d 00h 04m | Losses/train_all_loss: 6.82e+02 (5.81e+01)
WARNING:root:Skip RandomAffine for zero-area mask in first frame after 1 tentatives
INFO 2026-09-28 10:26:43,678 train_utils.py: 271: Train Epoch: [0][ 440/2110] | Batch Time: 0.48 (0.38) | Data Time: 0.26 (0.21) | Mem (GB): 15.00 (7.51/15.00) | Time Elapsed: 00d 00h 04m | Losses/train_all_loss: 5.43e-01 (5.94e+01)
WARNING:root:Skip RandomAffine for zero-area mask in first frame after 1 tentatives
INFO 2026-09-28 10:26:46,152 train_utils.py: 271: Train Epoch: [0][ 450/2110] | Batch Time: 0.20 (0.38) | Data Time: 0.04 (0.21) | Mem (GB): 10.00 (7.49/15.00) | Time Elapsed: 00d 00h 04m | Losses/train_all_loss: 1.03e+02 (5.88e+01)
WARNING:root:Skip RandomAffine for zero-area mask in first frame after 1 tentatives
WARNING:root:Skip RandomAffine for zero-area mask in first frame after 1 tentatives
WARNING:root:Skip RandomAffine for zero-area mask in first frame after 1 tentatives
WARNING:root:Skip RandomAffine for zero-area mask in first frame after 1 tentatives
INFO 2026-09-28 10:26:49,185 train_utils.py: 271: Train Epoch: [0][ 460/2110] | Batch Time: 0.08 (0.38) | Data Time: 0.00 (0.21) | Mem (GB): 2.00 (7.46/15.00) | Time Elapsed: 00d 00h 04m | Losses/train_all_loss: 6.19e+02 (5.98e+01)
WARNING:root:Skip RandomAffine for zero-area mask in first frame after 1 tentatives
INFO 2026-09-28 10:26:51,859 train_utils.py: 271: Train Epoch: [0][ 470/2110] | Batch Time: 0.10 (0.37) | Data Time: 0.00 (0.21) | Mem (GB): 3.00 (7.41/15.00) | Time Elapsed: 00d 00h 04m | Losses/train_all_loss: 3.47e+01 (6.10e+01)
WARNING:root:Skip RandomAffine for zero-area mask in first frame after 1 tentatives
WARNING:root:Skip RandomAffine for zero-area mask in first frame after 1 tentatives
WARNING:root:Skip RandomAffine for zero-area mask in first frame after 1 tentatives
INFO 2026-09-28 10:26:55,234 train_utils.py: 271: Train Epoch: [0][ 480/2110] | Batch Time: 0.13 (0.37) | Data Time: 0.00 (0.21) | Mem (GB): 6.00 (7.39/15.00) | Time Elapsed: 00d 00h 04m | Losses/train_all_loss: 7.14e+00 (6.04e+01)
WARNING:root:Skip RandomAffine for zero-area mask in first frame after 1 tentatives
WARNING:root:Skip RandomAffine for zero-area mask in first frame after 1 tentatives
WARNING:root:Skip RandomAffine for zero-area mask in first frame after 1 tentatives
WARNING:root:Skip RandomAffine for zero-area mask in first frame after 1 tentatives
WARNING:root:Skip RandomAffine for zero-area mask in first frame after 1 tentatives
INFO 2026-09-28 10:26:59,396 train_utils.py: 271: Train Epoch: [0][ 490/2110] | Batch Time: 0.09 (0.37) | Data Time: 0.00 (0.21) | Mem (GB): 3.00 (7.41/15.00) | Time Elapsed: 00d 00h 05m | Losses/train_all_loss: 1.11e+02 (5.96e+01)
WARNING:root:Skip RandomAffine for zero-area mask in first frame after 1 tentatives
WARNING:root:Skip RandomAffine for zero-area mask in first frame after 1 tentatives
WARNING:root:Skip RandomAffine for zero-area mask in first frame after 1 tentatives
INFO 2026-09-28 10:27:03,278 train_utils.py: 271: Train Epoch: [0][ 500/2110] | Batch Time: 0.23 (0.37) | Data Time: 0.00 (0.21) | Mem (GB): 12.00 (7.40/15.00) | Time Elapsed: 00d 00h 05m | Losses/train_all_loss: 6.61e+01 (5.88e+01)
WARNING:root:Skip RandomAffine for zero-area mask in first frame after 1 tentatives
WARNING:root:Skip RandomAffine for zero-area mask in first frame after 1 tentatives
WARNING:root:Skip RandomAffine for zero-area mask in first frame after 1 tentatives
WARNING:root:Skip RandomAffine for zero-area mask in first frame after 1 tentatives
WARNING:root:Skip RandomAffine for zero-area mask in first frame after 1 tentatives
INFO 2026-09-28 10:27:05,521 train_utils.py: 271: Train Epoch: [0][ 510/2110] | Batch Time: 0.10 (0.37) | Data Time: 0.00 (0.21) | Mem (GB): 5.00 (7.37/15.00) | Time Elapsed: 00d 00h 05m | Losses/train_all_loss: 5.01e-01 (5.82e+01)
WARNING:root:Skip RandomAffine for zero-area mask in first frame after 1 tentatives
INFO 2026-09-28 10:27:08,722 train_utils.py: 271: Train Epoch: [0][ 520/2110] | Batch Time: 0.92 (0.37) | Data Time: 0.73 (0.21) | Mem (GB): 11.00 (7.37/15.00) | Time Elapsed: 00d 00h 05m | Losses/train_all_loss: 6.56e+00 (5.93e+01)
WARNING:root:Skip RandomAffine for zero-area mask in first frame after 1 tentatives
WARNING:root:Skip RandomAffine for zero-area mask in first frame after 1 tentatives
WARNING:root:Skip RandomAffine for zero-area mask in first frame after 1 tentatives
INFO 2026-09-28 10:27:11,864 train_utils.py: 271: Train Epoch: [0][ 530/2110] | Batch Time: 0.08 (0.37) | Data Time: 0.00 (0.21) | Mem (GB): 2.00 (7.32/15.00) | Time Elapsed: 00d 00h 05m | Losses/train_all_loss: 4.20e-01 (6.01e+01)
WARNING:root:Skip RandomAffine for zero-area mask in first frame after 1 tentatives
WARNING:root:Skip RandomAffine for zero-area mask in first frame after 1 tentatives
INFO 2026-09-28 10:27:16,108 train_utils.py: 271: Train Epoch: [0][ 540/2110] | Batch Time: 1.34 (0.37) | Data Time: 1.18 (0.21) | Mem (GB): 9.00 (7.33/15.00) | Time Elapsed: 00d 00h 05m | Losses/train_all_loss: 5.11e+01 (6.04e+01)
WARNING:root:Skip RandomAffine for zero-area mask in first frame after 1 tentatives
WARNING:root:Skip RandomAffine for zero-area mask in first frame after 1 tentatives
WARNING:root:Skip RandomAffine for zero-area mask in first frame after 1 tentatives
INFO 2026-09-28 10:27:18,414 train_utils.py: 271: Train Epoch: [0][ 550/2110] | Batch Time: 0.08 (0.37) | Data Time: 0.00 (0.21) | Mem (GB): 2.00 (7.30/15.00) | Time Elapsed: 00d 00h 05m | Losses/train_all_loss: 3.55e-01 (6.04e+01)
WARNING:root:Skip RandomAffine for zero-area mask in first frame after 1 tentatives
WARNING:root:Skip RandomAffine for zero-area mask in first frame after 1 tentatives
WARNING:root:Skip RandomAffine for zero-area mask in first frame after 1 tentatives
INFO 2026-09-28 10:27:21,044 train_utils.py: 271: Train Epoch: [0][ 560/2110] | Batch Time: 0.12 (0.37) | Data Time: 0.00 (0.21) | Mem (GB): 6.00 (7.30/15.00) | Time Elapsed: 00d 00h 05m | Losses/train_all_loss: 5.66e-01 (5.96e+01)
WARNING:root:Skip RandomAffine for zero-area mask in first frame after 1 tentatives
INFO 2026-09-28 10:27:24,135 train_utils.py: 271: Train Epoch: [0][ 570/2110] | Batch Time: 0.11 (0.37) | Data Time: 0.00 (0.21) | Mem (GB): 6.00 (7.28/15.00) | Time Elapsed: 00d 00h 05m | Losses/train_all_loss: 1.81e+02 (5.93e+01)
WARNING:root:Skip RandomAffine for zero-area mask in first frame after 1 tentatives
WARNING:root:Skip RandomAffine for zero-area mask in first frame after 1 tentatives
INFO 2026-09-28 10:27:27,316 train_utils.py: 271: Train Epoch: [0][ 580/2110] | Batch Time: 0.45 (0.36) | Data Time: 0.29 (0.21) | Mem (GB): 9.00 (7.28/15.00) | Time Elapsed: 00d 00h 05m | Losses/train_all_loss: 2.07e+01 (5.92e+01)
WARNING:root:Skip RandomAffine for zero-area mask in first frame after 1 tentatives
WARNING:root:Skip RandomAffine for zero-area mask in first frame after 1 tentatives
WARNING:root:Skip RandomAffine for zero-area mask in first frame after 1 tentatives
WARNING:root:Skip RandomAffine for zero-area mask in first frame after 1 tentatives
INFO 2026-09-28 10:27:30,254 train_utils.py: 271: Train Epoch: [0][ 590/2110] | Batch Time: 0.18 (0.36) | Data Time: 0.00 (0.21) | Mem (GB): 11.00 (7.29/15.00) | Time Elapsed: 00d 00h 05m | Losses/train_all_loss: 5.21e+01 (6.02e+01)
WARNING:root:Skip RandomAffine for zero-area mask in first frame after 1 tentatives
INFO 2026-09-28 10:27:33,754 train_utils.py: 271: Train Epoch: [0][ 600/2110] | Batch Time: 0.18 (0.36) | Data Time: 0.00 (0.21) | Mem (GB): 10.00 (7.29/15.00) | Time Elapsed: 00d 00h 05m | Losses/train_all_loss: 8.54e+01 (6.05e+01)
WARNING:root:Skip RandomAffine for zero-area mask in first frame after 1 tentatives
WARNING:root:Skip RandomAffine for zero-area mask in first frame after 1 tentatives
INFO 2026-09-28 10:27:36,181 train_utils.py: 271: Train Epoch: [0][ 610/2110] | Batch Time: 0.10 (0.36) | Data Time: 0.00 (0.20) | Mem (GB): 4.00 (7.27/15.00) | Time Elapsed: 00d 00h 05m | Losses/train_all_loss: 1.79e+02 (6.01e+01)
WARNING:root:Skip RandomAffine for zero-area mask in first frame after 1 tentatives
WARNING:root:Skip RandomAffine for zero-area mask in first frame after 1 tentatives
WARNING:root:Skip RandomAffine for zero-area mask in first frame after 1 tentatives
WARNING:root:Skip RandomAffine for zero-area mask in first frame after 1 tentatives
WARNING:root:Skip RandomAffine for zero-area mask in first frame after 1 tentatives
INFO 2026-09-28 10:27:41,031 train_utils.py: 271: Train Epoch: [0][ 620/2110] | Batch Time: 0.13 (0.36) | Data Time: 0.00 (0.21) | Mem (GB): 7.00 (7.29/15.00) | Time Elapsed: 00d 00h 05m | Losses/train_all_loss: 4.14e+00 (6.10e+01)
WARNING:root:Skip RandomAffine for zero-area mask in first frame after 1 tentatives
WARNING:root:Skip RandomAffine for zero-area mask in first frame after 1 tentatives
WARNING:root:Skip RandomAffine for zero-area mask in first frame after 1 tentatives
INFO 2026-09-28 10:27:43,628 train_utils.py: 271: Train Epoch: [0][ 630/2110] | Batch Time: 0.15 (0.36) | Data Time: 0.00 (0.21) | Mem (GB): 9.00 (7.26/15.00) | Time Elapsed: 00d 00h 05m | Losses/train_all_loss: 5.37e-01 (6.06e+01)
WARNING:root:Skip RandomAffine for zero-area mask in first frame after 1 tentatives
WARNING:root:Skip RandomAffine for zero-area mask in first frame after 1 tentatives
INFO 2026-09-28 10:27:45,232 train_utils.py: 271: Train Epoch: [0][ 640/2110] | Batch Time: 0.09 (0.36) | Data Time: 0.00 (0.20) | Mem (GB): 2.00 (7.22/15.00) | Time Elapsed: 00d 00h 05m | Losses/train_all_loss: 2.57e+01 (6.00e+01)
WARNING:root:Skip RandomAffine for zero-area mask in first frame after 1 tentatives
WARNING:root:Skip RandomAffine for zero-area mask in first frame after 1 tentatives
WARNING:root:Skip RandomAffine for zero-area mask in first frame after 1 tentatives
WARNING:root:Skip RandomAffine for zero-area mask in first frame after 1 tentatives
INFO 2026-09-28 10:27:49,613 train_utils.py: 271: Train Epoch: [0][ 650/2110] | Batch Time: 0.14 (0.36) | Data Time: 0.00 (0.20) | Mem (GB): 8.00 (7.23/15.00) | Time Elapsed: 00d 00h 05m | Losses/train_all_loss: 4.53e+01 (5.96e+01)
WARNING:root:Skip RandomAffine for zero-area mask in first frame after 1 tentatives
WARNING:root:Skip RandomAffine for zero-area mask in first frame after 1 tentatives
WARNING:root:Skip RandomAffine for zero-area mask in first frame after 1 tentatives
INFO 2026-09-28 10:27:52,847 train_utils.py: 271: Train Epoch: [0][ 660/2110] | Batch Time: 0.16 (0.36) | Data Time: 0.00 (0.20) | Mem (GB): 10.00 (7.23/15.00) | Time Elapsed: 00d 00h 05m | Losses/train_all_loss: 1.86e+01 (5.88e+01)
WARNING:root:Skip RandomAffine for zero-area mask in first frame after 1 tentatives
WARNING:root:Skip RandomAffine for zero-area mask in first frame after 1 tentatives
WARNING:root:Skip RandomAffine for zero-area mask in first frame after 1 tentatives
WARNING:root:Skip RandomAffine for zero-area mask in first frame after 1 tentatives
WARNING:root:Skip RandomAffine for zero-area mask in first frame after 1 tentatives
WARNING:root:Skip RandomAffine for zero-area mask in first frame after 1 tentatives
INFO 2026-09-28 10:27:55,860 train_utils.py: 271: Train Epoch: [0][ 670/2110] | Batch Time: 0.36 (0.36) | Data Time: 0.19 (0.20) | Mem (GB): 10.00 (7.23/15.00) | Time Elapsed: 00d 00h 05m | Losses/train_all_loss: 5.20e-01 (5.83e+01)
WARNING:root:Skip RandomAffine for zero-area mask in first frame after 1 tentatives
WARNING:root:Skip RandomAffine for zero-area mask in first frame after 1 tentatives
INFO 2026-09-28 10:27:58,677 train_utils.py: 271: Train Epoch: [0][ 680/2110] | Batch Time: 0.10 (0.36) | Data Time: 0.00 (0.20) | Mem (GB): 5.00 (7.21/15.00) | Time Elapsed: 00d 00h 05m | Losses/train_all_loss: 4.88e-01 (5.77e+01)
WARNING:root:Skip RandomAffine for zero-area mask in first frame after 1 tentatives
WARNING:root:Skip RandomAffine for zero-area mask in first frame after 1 tentatives
WARNING:root:Skip RandomAffine for zero-area mask in first frame after 1 tentatives
WARNING:root:Skip RandomAffine for zero-area mask in first frame after 1 tentatives
INFO 2026-09-28 10:28:01,565 train_utils.py: 271: Train Epoch: [0][ 690/2110] | Batch Time: 0.14 (0.36) | Data Time: 0.00 (0.20) | Mem (GB): 8.00 (7.21/15.00) | Time Elapsed: 00d 00h 06m | Losses/train_all_loss: 6.45e+01 (5.71e+01)
WARNING:root:Skip RandomAffine for zero-area mask in first frame after 1 tentatives
WARNING:root:Skip RandomAffine for zero-area mask in first frame after 1 tentatives
WARNING:root:Skip RandomAffine for zero-area mask in first frame after 1 tentatives
INFO 2026-09-28 10:28:04,167 train_utils.py: 271: Train Epoch: [0][ 700/2110] | Batch Time: 0.15 (0.35) | Data Time: 0.00 (0.20) | Mem (GB): 7.00 (7.20/15.00) | Time Elapsed: 00d 00h 06m | Losses/train_all_loss: 2.50e+00 (5.64e+01)
WARNING:root:Skip RandomAffine for zero-area mask in first frame after 1 tentatives
WARNING:root:Skip RandomAffine for zero-area mask in first frame after 1 tentatives
WARNING:root:Skip RandomAffine for zero-area mask in first frame after 1 tentatives
WARNING:root:Skip RandomAffine for zero-area mask in first frame after 1 tentatives
WARNING:root:Skip RandomAffine for zero-area mask in first frame after 1 tentatives
WARNING:root:Skip RandomAffine for zero-area mask in first frame after 1 tentatives
INFO 2026-09-28 10:28:08,579 train_utils.py: 271: Train Epoch: [0][ 710/2110] | Batch Time: 0.20 (0.36) | Data Time: 0.00 (0.20) | Mem (GB): 13.00 (7.23/15.00) | Time Elapsed: 00d 00h 06m | Losses/train_all_loss: 4.15e+00 (5.60e+01)
WARNING:root:Skip RandomAffine for zero-area mask in first frame after 1 tentatives
WARNING:root:Skip RandomAffine for zero-area mask in first frame after 1 tentatives
WARNING:root:Skip RandomAffine for zero-area mask in first frame after 1 tentatives
WARNING:root:Skip RandomAffine for zero-area mask in first frame after 1 tentatives
WARNING:root:Skip RandomAffine for zero-area mask in first frame after 1 tentatives
INFO 2026-09-28 10:28:13,397 train_utils.py: 271: Train Epoch: [0][ 720/2110] | Batch Time: 0.69 (0.36) | Data Time: 0.56 (0.20) | Mem (GB): 7.00 (7.25/15.00) | Time Elapsed: 00d 00h 06m | Losses/train_all_loss: 4.14e+01 (5.60e+01)
WARNING:root:Skip RandomAffine for zero-area mask in first frame after 1 tentatives
WARNING:root:Skip RandomAffine for zero-area mask in first frame after 1 tentatives
WARNING:root:Skip RandomAffine for zero-area mask in first frame after 1 tentatives
INFO 2026-09-28 10:28:17,530 train_utils.py: 271: Train Epoch: [0][ 730/2110] | Batch Time: 0.18 (0.36) | Data Time: 0.00 (0.21) | Mem (GB): 11.00 (7.25/15.00) | Time Elapsed: 00d 00h 06m | Losses/train_all_loss: 2.32e+01 (5.64e+01)
WARNING:root:Skip RandomAffine for zero-area mask in first frame after 1 tentatives
WARNING:root:Skip RandomAffine for zero-area mask in first frame after 1 tentatives
WARNING:root:Skip RandomAffine for zero-area mask in first frame after 1 tentatives
WARNING:root:Skip RandomAffine for zero-area mask in first frame after 1 tentatives
WARNING:root:Skip RandomAffine for zero-area mask in first frame after 1 tentatives
WARNING:root:Skip RandomAffine for zero-area mask in first frame after 1 tentatives
INFO 2026-09-28 10:28:21,844 train_utils.py: 271: Train Epoch: [0][ 740/2110] | Batch Time: 2.27 (0.36) | Data Time: 2.03 (0.21) | Mem (GB): 15.00 (7.26/15.00) | Time Elapsed: 00d 00h 06m | Losses/train_all_loss: 1.90e+01 (5.60e+01)
INFO 2026-09-28 10:28:23,922 train_utils.py: 271: Train Epoch: [0][ 750/2110] | Batch Time: 0.13 (0.36) | Data Time: 0.00 (0.20) | Mem (GB): 7.00 (7.24/15.00) | Time Elapsed: 00d 00h 06m | Losses/train_all_loss: 6.39e-01 (5.63e+01)
WARNING:root:Skip RandomAffine for zero-area mask in first frame after 1 tentatives
WARNING:root:Skip RandomAffine for zero-area mask in first frame after 1 tentatives
INFO 2026-09-28 10:28:27,300 train_utils.py: 271: Train Epoch: [0][ 760/2110] | Batch Time: 0.10 (0.36) | Data Time: 0.00 (0.20) | Mem (GB): 5.00 (7.24/15.00) | Time Elapsed: 00d 00h 06m | Losses/train_all_loss: 4.73e-01 (5.71e+01)
WARNING:root:Skip RandomAffine for zero-area mask in first frame after 1 tentatives
WARNING:root:Skip RandomAffine for zero-area mask in first frame after 1 tentatives
INFO 2026-09-28 10:28:31,497 train_utils.py: 271: Train Epoch: [0][ 770/2110] | Batch Time: 0.12 (0.36) | Data Time: 0.00 (0.21) | Mem (GB): 4.00 (7.21/15.00) | Time Elapsed: 00d 00h 06m | Losses/train_all_loss: 7.14e+01 (5.64e+01)
WARNING:root:Skip RandomAffine for zero-area mask in first frame after 1 tentatives
INFO 2026-09-28 10:28:34,747 train_utils.py: 271: Train Epoch: [0][ 780/2110] | Batch Time: 0.15 (0.36) | Data Time: 0.00 (0.21) | Mem (GB): 9.00 (7.21/15.00) | Time Elapsed: 00d 00h 06m | Losses/train_all_loss: 3.46e+01 (5.66e+01)
WARNING:root:Skip RandomAffine for zero-area mask in first frame after 1 tentatives
INFO 2026-09-28 10:28:38,118 train_utils.py: 271: Train Epoch: [0][ 790/2110] | Batch Time: 0.14 (0.36) | Data Time: 0.00 (0.21) | Mem (GB): 8.00 (7.22/15.00) | Time Elapsed: 00d 00h 06m | Losses/train_all_loss: 5.61e+00 (5.68e+01)
WARNING:root:Skip RandomAffine for zero-area mask in first frame after 1 tentatives
WARNING:root:Skip RandomAffine for zero-area mask in first frame after 1 tentatives
WARNING:root:Skip RandomAffine for zero-area mask in first frame after 1 tentatives
WARNING:root:Skip RandomAffine for zero-area mask in first frame after 1 tentatives
INFO 2026-09-28 10:28:41,207 train_utils.py: 271: Train Epoch: [0][ 800/2110] | Batch Time: 0.17 (0.36) | Data Time: 0.00 (0.21) | Mem (GB): 7.00 (7.22/15.00) | Time Elapsed: 00d 00h 06m | Losses/train_all_loss: 1.32e+01 (5.75e+01)
WARNING:root:Skip RandomAffine for zero-area mask in first frame after 1 tentatives
WARNING:root:Skip RandomAffine for zero-area mask in first frame after 1 tentatives
INFO 2026-09-28 10:28:45,793 train_utils.py: 271: Train Epoch: [0][ 810/2110] | Batch Time: 0.22 (0.36) | Data Time: 0.00 (0.21) | Mem (GB): 15.00 (7.23/15.00) | Time Elapsed: 00d 00h 06m | Losses/train_all_loss: 1.02e+00 (5.74e+01)
WARNING:root:Skip RandomAffine for zero-area mask in first frame after 1 tentatives
WARNING:root:Skip RandomAffine for zero-area mask in first frame after 1 tentatives
WARNING:root:Skip RandomAffine for zero-area mask in first frame after 1 tentatives
WARNING:root:Skip RandomAffine for zero-area mask in first frame after 1 tentatives
INFO 2026-09-28 10:28:49,962 train_utils.py: 271: Train Epoch: [0][ 820/2110] | Batch Time: 0.13 (0.36) | Data Time: 0.00 (0.21) | Mem (GB): 7.00 (7.24/15.00) | Time Elapsed: 00d 00h 06m | Losses/train_all_loss: 5.74e+01 (5.74e+01)
WARNING:root:Skip RandomAffine for zero-area mask in first frame after 1 tentatives
WARNING:root:Skip RandomAffine for zero-area mask in first frame after 1 tentatives
WARNING:root:Skip RandomAffine for zero-area mask in first frame after 1 tentatives
WARNING:root:Skip RandomAffine for zero-area mask in first frame after 1 tentatives
WARNING:root:Skip RandomAffine for zero-area mask in first frame after 1 tentatives
INFO 2026-09-28 10:28:53,158 train_utils.py: 271: Train Epoch: [0][ 830/2110] | Batch Time: 0.51 (0.36) | Data Time: 0.38 (0.21) | Mem (GB): 7.00 (7.25/15.00) | Time Elapsed: 00d 00h 06m | Losses/train_all_loss: 5.70e-01 (5.70e+01)
WARNING:root:Skip RandomAffine for zero-area mask in first frame after 1 tentatives
WARNING:root:Skip RandomAffine for zero-area mask in first frame after 1 tentatives
WARNING:root:Skip RandomAffine for zero-area mask in first frame after 1 tentatives
INFO 2026-09-28 10:28:56,071 train_utils.py: 271: Train Epoch: [0][ 840/2110] | Batch Time: 0.30 (0.36) | Data Time: 0.16 (0.21) | Mem (GB): 8.00 (7.26/15.00) | Time Elapsed: 00d 00h 06m | Losses/train_all_loss: 3.33e+00 (5.65e+01)
WARNING:root:Skip RandomAffine for zero-area mask in first frame after 1 tentatives
WARNING:root:Skip RandomAffine for zero-area mask in first frame after 1 tentatives
INFO 2026-09-28 10:28:59,847 train_utils.py: 271: Train Epoch: [0][ 850/2110] | Batch Time: 0.08 (0.36) | Data Time: 0.00 (0.21) | Mem (GB): 2.00 (7.26/15.00) | Time Elapsed: 00d 00h 07m | Losses/train_all_loss: 4.98e+02 (5.67e+01)
WARNING:root:Skip RandomAffine for zero-area mask in first frame after 1 tentatives
WARNING:root:Skip RandomAffine for zero-area mask in first frame after 1 tentatives
WARNING:root:Skip RandomAffine for zero-area mask in first frame after 1 tentatives
WARNING:root:Skip RandomAffine for zero-area mask in first frame after 1 tentatives
WARNING:root:Skip RandomAffine for zero-area mask in first frame after 1 tentatives
INFO 2026-09-28 10:29:02,893 train_utils.py: 271: Train Epoch: [0][ 860/2110] | Batch Time: 0.10 (0.36) | Data Time: 0.00 (0.21) | Mem (GB): 5.00 (7.26/15.00) | Time Elapsed: 00d 00h 07m | Losses/train_all_loss: 4.83e-01 (5.66e+01)
INFO 2026-09-28 10:29:05,409 train_utils.py: 271: Train Epoch: [0][ 870/2110] | Batch Time: 0.16 (0.36) | Data Time: 0.00 (0.21) | Mem (GB): 8.00 (7.26/15.00) | Time Elapsed: 00d 00h 07m | Losses/train_all_loss: 2.41e+01 (5.61e+01)
WARNING:root:Skip RandomAffine for zero-area mask in first frame after 1 tentatives
WARNING:root:Skip RandomAffine for zero-area mask in first frame after 1 tentatives
WARNING:root:Skip RandomAffine for zero-area mask in first frame after 1 tentatives
INFO 2026-09-28 10:29:09,149 train_utils.py: 271: Train Epoch: [0][ 880/2110] | Batch Time: 0.15 (0.36) | Data Time: 0.00 (0.21) | Mem (GB): 9.00 (7.27/15.00) | Time Elapsed: 00d 00h 07m | Losses/train_all_loss: 6.12e+01 (5.75e+01)
INFO 2026-09-28 10:29:12,592 train_utils.py: 271: Train Epoch: [0][ 890/2110] | Batch Time: 0.14 (0.36) | Data Time: 0.00 (0.21) | Mem (GB): 8.00 (7.26/15.00) | Time Elapsed: 00d 00h 07m | Losses/train_all_loss: 4.67e+00 (5.87e+01)
WARNING:root:Skip RandomAffine for zero-area mask in first frame after 1 tentatives
WARNING:root:Skip RandomAffine for zero-area mask in first frame after 1 tentatives
WARNING:root:Skip RandomAffine for zero-area mask in first frame after 1 tentatives
WARNING:root:Skip RandomAffine for zero-area mask in first frame after 1 tentatives
INFO 2026-09-28 10:29:17,232 train_utils.py: 271: Train Epoch: [0][ 900/2110] | Batch Time: 0.18 (0.36) | Data Time: 0.00 (0.21) | Mem (GB): 8.00 (7.27/15.00) | Time Elapsed: 00d 00h 07m | Losses/train_all_loss: 1.48e+02 (5.86e+01)
WARNING:root:Skip RandomAffine for zero-area mask in first frame after 1 tentatives
WARNING:root:Skip RandomAffine for zero-area mask in first frame after 1 tentatives
WARNING:root:Skip RandomAffine for zero-area mask in first frame after 1 tentatives
WARNING:root:Skip RandomAffine for zero-area mask in first frame after 1 tentatives
INFO 2026-09-28 10:29:20,640 train_utils.py: 271: Train Epoch: [0][ 910/2110] | Batch Time: 0.12 (0.36) | Data Time: 0.00 (0.21) | Mem (GB): 7.00 (7.28/15.00) | Time Elapsed: 00d 00h 07m | Losses/train_all_loss: 2.20e+01 (5.81e+01)
WARNING:root:Skip RandomAffine for zero-area mask in first frame after 1 tentatives
WARNING:root:Skip RandomAffine for zero-area mask in first frame after 1 tentatives
INFO 2026-09-28 10:29:23,472 train_utils.py: 271: Train Epoch: [0][ 920/2110] | Batch Time: 0.11 (0.36) | Data Time: 0.00 (0.21) | Mem (GB): 6.00 (7.28/15.00) | Time Elapsed: 00d 00h 07m | Losses/train_all_loss: 1.70e-01 (5.80e+01)
WARNING:root:Skip RandomAffine for zero-area mask in first frame after 1 tentatives
WARNING:root:Skip RandomAffine for zero-area mask in first frame after 1 tentatives
WARNING:root:Skip RandomAffine for zero-area mask in first frame after 1 tentatives
INFO 2026-09-28 10:29:27,455 train_utils.py: 271: Train Epoch: [0][ 930/2110] | Batch Time: 0.10 (0.36) | Data Time: 0.00 (0.21) | Mem (GB): 4.00 (7.28/15.00) | Time Elapsed: 00d 00h 07m | Losses/train_all_loss: 5.86e+00 (5.74e+01)
WARNING:root:Skip RandomAffine for zero-area mask in first frame after 1 tentatives
WARNING:root:Skip RandomAffine for zero-area mask in first frame after 1 tentatives
WARNING:root:Skip RandomAffine for zero-area mask in first frame after 1 tentatives
WARNING:root:Skip RandomAffine for zero-area mask in first frame after 1 tentatives
INFO 2026-09-28 10:29:30,601 train_utils.py: 271: Train Epoch: [0][ 940/2110] | Batch Time: 0.22 (0.36) | Data Time: 0.00 (0.21) | Mem (GB): 15.00 (7.28/15.00) | Time Elapsed: 00d 00h 07m | Losses/train_all_loss: 8.80e+00 (5.72e+01)
WARNING:root:Skip RandomAffine for zero-area mask in first frame after 1 tentatives
INFO 2026-09-28 10:29:32,928 train_utils.py: 271: Train Epoch: [0][ 950/2110] | Batch Time: 0.12 (0.35) | Data Time: 0.00 (0.21) | Mem (GB): 5.00 (7.27/15.00) | Time Elapsed: 00d 00h 07m | Losses/train_all_loss: 1.00e+02 (5.72e+01)
WARNING:root:Skip RandomAffine for zero-area mask in first frame after 1 tentatives
WARNING:root:Skip RandomAffine for zero-area mask in first frame after 1 tentatives
WARNING:root:Skip RandomAffine for zero-area mask in first frame after 1 tentatives
WARNING:root:Skip RandomAffine for zero-area mask in first frame after 1 tentatives
INFO 2026-09-28 10:29:37,016 train_utils.py: 271: Train Epoch: [0][ 960/2110] | Batch Time: 0.14 (0.36) | Data Time: 0.00 (0.21) | Mem (GB): 8.00 (7.28/15.00) | Time Elapsed: 00d 00h 07m | Losses/train_all_loss: 1.23e+02 (5.75e+01)
WARNING:root:Skip RandomAffine for zero-area mask in first frame after 1 tentatives
INFO 2026-09-28 10:29:41,651 train_utils.py: 271: Train Epoch: [0][ 970/2110] | Batch Time: 0.09 (0.36) | Data Time: 0.00 (0.21) | Mem (GB): 4.00 (7.27/15.00) | Time Elapsed: 00d 00h 07m | Losses/train_all_loss: 1.35e+02 (5.73e+01)
WARNING:root:Skip RandomAffine for zero-area mask in first frame after 1 tentatives
WARNING:root:Skip RandomAffine for zero-area mask in first frame after 1 tentatives
WARNING:root:Skip RandomAffine for zero-area mask in first frame after 1 tentatives
WARNING:root:Skip RandomAffine for zero-area mask in first frame after 1 tentatives
WARNING:root:Skip RandomAffine for zero-area mask in first frame after 1 tentatives
WARNING:root:Skip RandomAffine for zero-area mask in first frame after 1 tentatives
INFO 2026-09-28 10:29:44,458 train_utils.py: 271: Train Epoch: [0][ 980/2110] | Batch Time: 0.68 (0.36) | Data Time: 0.51 (0.21) | Mem (GB): 9.00 (7.25/15.00) | Time Elapsed: 00d 00h 07m | Losses/train_all_loss: 7.96e-01 (5.71e+01)
WARNING:root:Skip RandomAffine for zero-area mask in first frame after 1 tentatives
WARNING:root:Skip RandomAffine for zero-area mask in first frame after 1 tentatives
WARNING:root:Skip RandomAffine for zero-area mask in first frame after 1 tentatives
WARNING:root:Skip RandomAffine for zero-area mask in first frame after 1 tentatives
INFO 2026-09-28 10:29:47,107 train_utils.py: 271: Train Epoch: [0][ 990/2110] | Batch Time: 0.14 (0.35) | Data Time: 0.00 (0.21) | Mem (GB): 8.00 (7.26/15.00) | Time Elapsed: 00d 00h 07m | Losses/train_all_loss: 9.76e+01 (5.77e+01)
WARNING:root:Skip RandomAffine for zero-area mask in first frame after 1 tentatives
WARNING:root:Skip RandomAffine for zero-area mask in first frame after 1 tentatives
WARNING:root:Skip RandomAffine for zero-area mask in first frame after 1 tentatives
INFO 2026-09-28 10:29:51,079 train_utils.py: 271: Train Epoch: [0][1000/2110] | Batch Time: 0.72 (0.36) | Data Time: 0.56 (0.21) | Mem (GB): 8.00 (7.26/15.00) | Time Elapsed: 00d 00h 07m | Losses/train_all_loss: 4.07e+01 (5.74e+01)
WARNING:root:Skip RandomAffine for zero-area mask in first frame after 1 tentatives
INFO 2026-09-28 10:29:54,863 train_utils.py: 271: Train Epoch: [0][1010/2110] | Batch Time: 0.08 (0.36) | Data Time: 0.00 (0.21) | Mem (GB): 3.00 (7.28/15.00) | Time Elapsed: 00d 00h 07m | Losses/train_all_loss: 1.74e+02 (5.78e+01)
WARNING:root:Skip RandomAffine for zero-area mask in first frame after 1 tentatives
WARNING:root:Skip RandomAffine for zero-area mask in first frame after 1 tentatives
WARNING:root:Skip RandomAffine for zero-area mask in first frame after 1 tentatives
WARNING:root:Skip RandomAffine for zero-area mask in first frame after 1 tentatives
WARNING:root:Skip RandomAffine for zero-area mask in first frame after 1 tentatives
WARNING:root:Skip RandomAffine for zero-area mask in first frame after 1 tentatives
WARNING:root:Skip RandomAffine for zero-area mask in first frame after 1 tentatives
INFO 2026-09-28 10:29:59,168 train_utils.py: 271: Train Epoch: [0][1020/2110] | Batch Time: 0.17 (0.36) | Data Time: 0.00 (0.21) | Mem (GB): 10.00 (7.30/15.00) | Time Elapsed: 00d 00h 07m | Losses/train_all_loss: 2.64e-01 (5.74e+01)
WARNING:root:Skip RandomAffine for zero-area mask in first frame after 1 tentatives
WARNING:root:Skip RandomAffine for zero-area mask in first frame after 1 tentatives
INFO 2026-09-28 10:30:02,854 train_utils.py: 271: Train Epoch: [0][1030/2110] | Batch Time: 0.14 (0.36) | Data Time: 0.00 (0.21) | Mem (GB): 8.00 (7.31/15.00) | Time Elapsed: 00d 00h 08m | Losses/train_all_loss: 4.58e-01 (5.71e+01)
WARNING:root:Skip RandomAffine for zero-area mask in first frame after 1 tentatives
WARNING:root:Skip RandomAffine for zero-area mask in first frame after 1 tentatives
WARNING:root:Skip RandomAffine for zero-area mask in first frame after 1 tentatives
INFO 2026-09-28 10:30:05,954 train_utils.py: 271: Train Epoch: [0][1040/2110] | Batch Time: 0.22 (0.36) | Data Time: 0.07 (0.21) | Mem (GB): 9.00 (7.30/15.00) | Time Elapsed: 00d 00h 08m | Losses/train_all_loss: 3.89e-01 (5.70e+01)
WARNING:root:Skip RandomAffine for zero-area mask in first frame after 1 tentatives
INFO 2026-09-28 10:30:09,439 train_utils.py: 271: Train Epoch: [0][1050/2110] | Batch Time: 0.79 (0.36) | Data Time: 0.65 (0.21) | Mem (GB): 7.00 (7.30/15.00) | Time Elapsed: 00d 00h 08m | Losses/train_all_loss: 1.62e+01 (5.68e+01)
WARNING:root:Skip RandomAffine for zero-area mask in first frame after 1 tentatives
WARNING:root:Skip RandomAffine for zero-area mask in first frame after 1 tentatives
WARNING:root:Skip RandomAffine for zero-area mask in first frame after 1 tentatives
INFO 2026-09-28 10:30:12,120 train_utils.py: 271: Train Epoch: [0][1060/2110] | Batch Time: 0.08 (0.36) | Data Time: 0.00 (0.21) | Mem (GB): 2.00 (7.29/15.00) | Time Elapsed: 00d 00h 08m | Losses/train_all_loss: 1.22e-01 (5.66e+01)
WARNING:root:Skip RandomAffine for zero-area mask in first frame after 1 tentatives
WARNING:root:Skip RandomAffine for zero-area mask in first frame after 1 tentatives
WARNING:root:Skip RandomAffine for zero-area mask in first frame after 1 tentatives
WARNING:root:Skip RandomAffine for zero-area mask in first frame after 1 tentatives
WARNING:root:Skip RandomAffine for zero-area mask in first frame after 1 tentatives
INFO 2026-09-28 10:30:16,573 train_utils.py: 271: Train Epoch: [0][1070/2110] | Batch Time: 0.94 (0.36) | Data Time: 0.79 (0.21) | Mem (GB): 7.00 (7.30/15.00) | Time Elapsed: 00d 00h 08m | Losses/train_all_loss: 5.78e-01 (5.64e+01)
WARNING:root:Skip RandomAffine for zero-area mask in first frame after 1 tentatives
WARNING:root:Skip RandomAffine for zero-area mask in first frame after 1 tentatives
WARNING:root:Skip RandomAffine for zero-area mask in first frame after 1 tentatives
WARNING:root:Skip RandomAffine for zero-area mask in first frame after 1 tentatives
INFO 2026-09-28 10:30:18,781 train_utils.py: 271: Train Epoch: [0][1080/2110] | Batch Time: 0.67 (0.35) | Data Time: 0.52 (0.21) | Mem (GB): 8.00 (7.30/15.00) | Time Elapsed: 00d 00h 08m | Losses/train_all_loss: 9.19e-01 (5.61e+01)
WARNING:root:Skip RandomAffine for zero-area mask in first frame after 1 tentatives
WARNING:root:Skip RandomAffine for zero-area mask in first frame after 1 tentatives
INFO 2026-09-28 10:30:20,753 train_utils.py: 271: Train Epoch: [0][1090/2110] | Batch Time: 0.09 (0.35) | Data Time: 0.00 (0.21) | Mem (GB): 2.00 (7.28/15.00) | Time Elapsed: 00d 00h 08m | Losses/train_all_loss: 1.61e+00 (5.63e+01)
WARNING:root:Skip RandomAffine for zero-area mask in first frame after 1 tentatives
WARNING:root:Skip RandomAffine for zero-area mask in first frame after 1 tentatives
WARNING:root:Skip RandomAffine for zero-area mask in first frame after 1 tentatives
WARNING:root:Skip RandomAffine for zero-area mask in first frame after 1 tentatives
WARNING:root:Skip RandomAffine for zero-area mask in first frame after 1 tentatives
INFO 2026-09-28 10:30:24,011 train_utils.py: 271: Train Epoch: [0][1100/2110] | Batch Time: 0.12 (0.35) | Data Time: 0.00 (0.21) | Mem (GB): 4.00 (7.28/15.00) | Time Elapsed: 00d 00h 08m | Losses/train_all_loss: 9.81e-01 (5.64e+01)
WARNING:root:Skip RandomAffine for zero-area mask in first frame after 1 tentatives
WARNING:root:Skip RandomAffine for zero-area mask in first frame after 1 tentatives
WARNING:root:Skip RandomAffine for zero-area mask in first frame after 1 tentatives
WARNING:root:Skip RandomAffine for zero-area mask in first frame after 1 tentatives
INFO 2026-09-28 10:30:27,295 train_utils.py: 271: Train Epoch: [0][1110/2110] | Batch Time: 0.17 (0.35) | Data Time: 0.00 (0.21) | Mem (GB): 10.00 (7.29/15.00) | Time Elapsed: 00d 00h 08m | Losses/train_all_loss: 6.21e-01 (5.61e+01)
WARNING:root:Skip RandomAffine for zero-area mask in first frame after 1 tentatives
WARNING:root:Skip RandomAffine for zero-area mask in first frame after 1 tentatives
WARNING:root:Skip RandomAffine for zero-area mask in first frame after 1 tentatives
WARNING:root:Skip RandomAffine for zero-area mask in first frame after 1 tentatives
INFO 2026-09-28 10:30:31,651 train_utils.py: 271: Train Epoch: [0][1120/2110] | Batch Time: 0.99 (0.35) | Data Time: 0.83 (0.21) | Mem (GB): 8.00 (7.30/15.00) | Time Elapsed: 00d 00h 08m | Losses/train_all_loss: 3.30e+01 (5.58e+01)
WARNING:root:Skip RandomAffine for zero-area mask in first frame after 1 tentatives
WARNING:root:Skip RandomAffine for zero-area mask in first frame after 1 tentatives
WARNING:root:Skip RandomAffine for zero-area mask in first frame after 1 tentatives
WARNING:root:Skip RandomAffine for zero-area mask in first frame after 1 tentatives
INFO 2026-09-28 10:30:33,904 train_utils.py: 271: Train Epoch: [0][1130/2110] | Batch Time: 0.08 (0.35) | Data Time: 0.00 (0.21) | Mem (GB): 2.00 (7.27/15.00) | Time Elapsed: 00d 00h 08m | Losses/train_all_loss: 9.75e-01 (5.55e+01)
WARNING:root:Skip RandomAffine for zero-area mask in first frame after 1 tentatives
INFO 2026-09-28 10:30:37,659 train_utils.py: 271: Train Epoch: [0][1140/2110] | Batch Time: 0.66 (0.35) | Data Time: 0.49 (0.21) | Mem (GB): 9.00 (7.27/15.00) | Time Elapsed: 00d 00h 08m | Losses/train_all_loss: 2.32e+01 (5.62e+01)
WARNING:root:Skip RandomAffine for zero-area mask in first frame after 1 tentatives
WARNING:root:Skip RandomAffine for zero-area mask in first frame after 1 tentatives
WARNING:root:Skip RandomAffine for zero-area mask in first frame after 1 tentatives
WARNING:root:Skip RandomAffine for zero-area mask in first frame after 1 tentatives
INFO 2026-09-28 10:30:39,843 train_utils.py: 271: Train Epoch: [0][1150/2110] | Batch Time: 0.14 (0.35) | Data Time: 0.00 (0.20) | Mem (GB): 8.00 (7.26/15.00) | Time Elapsed: 00d 00h 08m | Losses/train_all_loss: 3.87e+01 (5.58e+01)
WARNING:root:Skip RandomAffine for zero-area mask in first frame after 1 tentatives
WARNING:root:Skip RandomAffine for zero-area mask in first frame after 1 tentatives
WARNING:root:Skip RandomAffine for zero-area mask in first frame after 1 tentatives
INFO 2026-09-28 10:30:44,262 train_utils.py: 271: Train Epoch: [0][1160/2110] | Batch Time: 0.68 (0.35) | Data Time: 0.53 (0.20) | Mem (GB): 8.00 (7.28/15.00) | Time Elapsed: 00d 00h 08m | Losses/train_all_loss: 5.24e+01 (5.55e+01)
WARNING:root:Skip RandomAffine for zero-area mask in first frame after 1 tentatives
WARNING:root:Skip RandomAffine for zero-area mask in first frame after 1 tentatives
WARNING:root:Skip RandomAffine for zero-area mask in first frame after 1 tentatives
WARNING:root:Skip RandomAffine for zero-area mask in first frame after 1 tentatives
WARNING:root:Skip RandomAffine for zero-area mask in first frame after 1 tentatives
INFO 2026-09-28 10:30:48,294 train_utils.py: 271: Train Epoch: [0][1170/2110] | Batch Time: 0.22 (0.35) | Data Time: 0.00 (0.21) | Mem (GB): 15.00 (7.29/15.00) | Time Elapsed: 00d 00h 08m | Losses/train_all_loss: 5.42e+01 (5.56e+01)
WARNING:root:Skip RandomAffine for zero-area mask in first frame after 1 tentatives
WARNING:root:Skip RandomAffine for zero-area mask in first frame after 1 tentatives
WARNING:root:Skip RandomAffine for zero-area mask in first frame after 1 tentatives
INFO 2026-09-28 10:30:52,425 train_utils.py: 271: Train Epoch: [0][1180/2110] | Batch Time: 0.62 (0.35) | Data Time: 0.50 (0.21) | Mem (GB): 6.00 (7.29/15.00) | Time Elapsed: 00d 00h 08m | Losses/train_all_loss: 5.87e-01 (5.52e+01)
WARNING:root:Skip RandomAffine for zero-area mask in first frame after 1 tentatives
WARNING:root:Skip RandomAffine for zero-area mask in first frame after 1 tentatives
WARNING:root:Skip RandomAffine for zero-area mask in first frame after 1 tentatives
INFO 2026-09-28 10:30:55,714 train_utils.py: 271: Train Epoch: [0][1190/2110] | Batch Time: 0.18 (0.35) | Data Time: 0.00 (0.21) | Mem (GB): 11.00 (7.29/15.00) | Time Elapsed: 00d 00h 08m | Losses/train_all_loss: 5.36e-01 (5.50e+01)
INFO 2026-09-28 10:31:00,471 train_utils.py: 271: Train Epoch: [0][1200/2110] | Batch Time: 1.21 (0.35) | Data Time: 1.04 (0.21) | Mem (GB): 8.00 (7.29/15.00) | Time Elapsed: 00d 00h 09m | Losses/train_all_loss: 1.57e+01 (5.48e+01)
WARNING:root:Skip RandomAffine for zero-area mask in first frame after 1 tentatives
WARNING:root:Skip RandomAffine for zero-area mask in first frame after 1 tentatives
WARNING:root:Skip RandomAffine for zero-area mask in first frame after 1 tentatives
INFO 2026-09-28 10:31:02,866 train_utils.py: 271: Train Epoch: [0][1210/2110] | Batch Time: 0.11 (0.35) | Data Time: 0.00 (0.21) | Mem (GB): 4.00 (7.28/15.00) | Time Elapsed: 00d 00h 09m | Losses/train_all_loss: 7.74e-01 (5.44e+01)
WARNING:root:Skip RandomAffine for zero-area mask in first frame after 1 tentatives
WARNING:root:Skip RandomAffine for zero-area mask in first frame after 1 tentatives
WARNING:root:Skip RandomAffine for zero-area mask in first frame after 1 tentatives
WARNING:root:Skip RandomAffine for zero-area mask in first frame after 1 tentatives
WARNING:root:Skip RandomAffine for zero-area mask in first frame after 1 tentatives
WARNING:root:Skip RandomAffine for zero-area mask in first frame after 1 tentatives
INFO 2026-09-28 10:31:06,983 train_utils.py: 271: Train Epoch: [0][1220/2110] | Batch Time: 0.10 (0.35) | Data Time: 0.00 (0.21) | Mem (GB): 2.00 (7.27/15.00) | Time Elapsed: 00d 00h 09m | Losses/train_all_loss: 2.15e-01 (5.44e+01)
WARNING:root:Skip RandomAffine for zero-area mask in first frame after 1 tentatives
WARNING:root:Skip RandomAffine for zero-area mask in first frame after 1 tentatives
WARNING:root:Skip RandomAffine for zero-area mask in first frame after 1 tentatives
WARNING:root:Skip RandomAffine for zero-area mask in first frame after 1 tentatives
INFO 2026-09-28 10:31:08,852 train_utils.py: 271: Train Epoch: [0][1230/2110] | Batch Time: 0.20 (0.35) | Data Time: 0.00 (0.21) | Mem (GB): 13.00 (7.28/15.00) | Time Elapsed: 00d 00h 09m | Losses/train_all_loss: 5.46e-01 (5.45e+01)
WARNING:root:Skip RandomAffine for zero-area mask in first frame after 1 tentatives
WARNING:root:Skip RandomAffine for zero-area mask in first frame after 1 tentatives
WARNING:root:Skip RandomAffine for zero-area mask in first frame after 1 tentatives
WARNING:root:Skip RandomAffine for zero-area mask in first frame after 1 tentatives
INFO 2026-09-28 10:31:11,458 train_utils.py: 271: Train Epoch: [0][1240/2110] | Batch Time: 0.09 (0.35) | Data Time: 0.00 (0.20) | Mem (GB): 2.00 (7.28/15.00) | Time Elapsed: 00d 00h 09m | Losses/train_all_loss: 4.54e-01 (5.43e+01)
WARNING:root:Skip RandomAffine for zero-area mask in first frame after 1 tentatives
WARNING:root:Skip RandomAffine for zero-area mask in first frame after 1 tentatives
INFO 2026-09-28 10:31:14,109 train_utils.py: 271: Train Epoch: [0][1250/2110] | Batch Time: 0.10 (0.35) | Data Time: 0.00 (0.20) | Mem (GB): 5.00 (7.27/15.00) | Time Elapsed: 00d 00h 09m | Losses/train_all_loss: 5.91e+01 (5.41e+01)
WARNING:root:Skip RandomAffine for zero-area mask in first frame after 1 tentatives
WARNING:root:Skip RandomAffine for zero-area mask in first frame after 1 tentatives
WARNING:root:Skip RandomAffine for zero-area mask in first frame after 1 tentatives
WARNING:root:Skip RandomAffine for zero-area mask in first frame after 1 tentatives
WARNING:root:Skip RandomAffine for zero-area mask in first frame after 1 tentatives
WARNING:root:Skip RandomAffine for zero-area mask in first frame after 1 tentatives
WARNING:root:Skip RandomAffine for zero-area mask in first frame after 1 tentatives
INFO 2026-09-28 10:31:17,614 train_utils.py: 271: Train Epoch: [0][1260/2110] | Batch Time: 0.16 (0.35) | Data Time: 0.00 (0.20) | Mem (GB): 10.00 (7.26/15.00) | Time Elapsed: 00d 00h 09m | Losses/train_all_loss: 7.08e+01 (5.40e+01)
WARNING:root:Skip RandomAffine for zero-area mask in first frame after 1 tentatives
WARNING:root:Skip RandomAffine for zero-area mask in first frame after 1 tentatives
INFO 2026-09-28 10:31:21,162 train_utils.py: 271: Train Epoch: [0][1270/2110] | Batch Time: 0.09 (0.35) | Data Time: 0.00 (0.20) | Mem (GB): 4.00 (7.27/15.00) | Time Elapsed: 00d 00h 09m | Losses/train_all_loss: 5.22e-01 (5.37e+01)
WARNING:root:Skip RandomAffine for zero-area mask in first frame after 1 tentatives
WARNING:root:Skip RandomAffine for zero-area mask in first frame after 1 tentatives
WARNING:root:Skip RandomAffine for zero-area mask in first frame after 1 tentatives
INFO 2026-09-28 10:31:24,623 train_utils.py: 271: Train Epoch: [0][1280/2110] | Batch Time: 0.10 (0.35) | Data Time: 0.00 (0.20) | Mem (GB): 4.00 (7.28/15.00) | Time Elapsed: 00d 00h 09m | Losses/train_all_loss: 4.75e+02 (5.45e+01)
WARNING:root:Skip RandomAffine for zero-area mask in first frame after 1 tentatives
WARNING:root:Skip RandomAffine for zero-area mask in first frame after 1 tentatives
INFO 2026-09-28 10:31:27,180 train_utils.py: 271: Train Epoch: [0][1290/2110] | Batch Time: 1.08 (0.35) | Data Time: 0.84 (0.20) | Mem (GB): 15.00 (7.27/15.00) | Time Elapsed: 00d 00h 09m | Losses/train_all_loss: 4.79e-01 (5.46e+01)
WARNING:root:Skip RandomAffine for zero-area mask in first frame after 1 tentatives
WARNING:root:Skip RandomAffine for zero-area mask in first frame after 1 tentatives
WARNING:root:Skip RandomAffine for zero-area mask in first frame after 1 tentatives
INFO 2026-09-28 10:31:29,728 train_utils.py: 271: Train Epoch: [0][1300/2110] | Batch Time: 0.15 (0.35) | Data Time: 0.00 (0.20) | Mem (GB): 5.00 (7.25/15.00) | Time Elapsed: 00d 00h 09m | Losses/train_all_loss: 1.10e+02 (5.44e+01)
WARNING:root:Skip RandomAffine for zero-area mask in first frame after 1 tentatives
WARNING:root:Skip RandomAffine for zero-area mask in first frame after 1 tentatives
WARNING:root:Skip RandomAffine for zero-area mask in first frame after 1 tentatives
WARNING:root:Skip RandomAffine for zero-area mask in first frame after 1 tentatives
WARNING:root:Skip RandomAffine for zero-area mask in first frame after 1 tentatives
WARNING:root:Skip RandomAffine for zero-area mask in first frame after 1 tentatives
INFO 2026-09-28 10:31:32,315 train_utils.py: 271: Train Epoch: [0][1310/2110] | Batch Time: 0.15 (0.35) | Data Time: 0.00 (0.20) | Mem (GB): 9.00 (7.26/15.00) | Time Elapsed: 00d 00h 09m | Losses/train_all_loss: 7.10e-01 (5.41e+01)
WARNING:root:Skip RandomAffine for zero-area mask in first frame after 1 tentatives
WARNING:root:Skip RandomAffine for zero-area mask in first frame after 1 tentatives
WARNING:root:Skip RandomAffine for zero-area mask in first frame after 1 tentatives
WARNING:root:Skip RandomAffine for zero-area mask in first frame after 1 tentatives
WARNING:root:Skip RandomAffine for zero-area mask in first frame after 1 tentatives
INFO 2026-09-28 10:31:36,210 train_utils.py: 271: Train Epoch: [0][1320/2110] | Batch Time: 0.60 (0.35) | Data Time: 0.48 (0.20) | Mem (GB): 6.00 (7.26/15.00) | Time Elapsed: 00d 00h 09m | Losses/train_all_loss: 3.95e-01 (5.38e+01)
WARNING:root:Skip RandomAffine for zero-area mask in first frame after 1 tentatives
WARNING:root:Skip RandomAffine for zero-area mask in first frame after 1 tentatives
INFO 2026-09-28 10:31:39,386 train_utils.py: 271: Train Epoch: [0][1330/2110] | Batch Time: 0.24 (0.35) | Data Time: 0.06 (0.20) | Mem (GB): 10.00 (7.26/15.00) | Time Elapsed: 00d 00h 09m | Losses/train_all_loss: 2.17e+01 (5.37e+01)
WARNING:root:Skip RandomAffine for zero-area mask in first frame after 1 tentatives
WARNING:root:Skip RandomAffine for zero-area mask in first frame after 1 tentatives
WARNING:root:Skip RandomAffine for zero-area mask in first frame after 1 tentatives
INFO 2026-09-28 10:31:43,263 train_utils.py: 271: Train Epoch: [0][1340/2110] | Batch Time: 0.11 (0.35) | Data Time: 0.00 (0.20) | Mem (GB): 5.00 (7.26/15.00) | Time Elapsed: 00d 00h 09m | Losses/train_all_loss: 3.67e-01 (5.34e+01)
WARNING:root:Skip RandomAffine for zero-area mask in first frame after 1 tentatives
INFO 2026-09-28 10:31:46,369 train_utils.py: 271: Train Epoch: [0][1350/2110] | Batch Time: 0.58 (0.35) | Data Time: 0.49 (0.20) | Mem (GB): 4.00 (7.26/15.00) | Time Elapsed: 00d 00h 09m | Losses/train_all_loss: 1.56e-01 (5.31e+01)
WARNING:root:Skip RandomAffine for zero-area mask in first frame after 1 tentatives
WARNING:root:Skip RandomAffine for zero-area mask in first frame after 1 tentatives
WARNING:root:Skip RandomAffine for zero-area mask in first frame after 1 tentatives
WARNING:root:Skip RandomAffine for zero-area mask in first frame after 1 tentatives
INFO 2026-09-28 10:31:49,013 train_utils.py: 271: Train Epoch: [0][1360/2110] | Batch Time: 0.23 (0.35) | Data Time: 0.00 (0.20) | Mem (GB): 15.00 (7.26/15.00) | Time Elapsed: 00d 00h 09m | Losses/train_all_loss: 6.77e+01 (5.30e+01)
WARNING:root:Skip RandomAffine for zero-area mask in first frame after 1 tentatives
WARNING:root:Skip RandomAffine for zero-area mask in first frame after 1 tentatives
INFO 2026-09-28 10:31:52,208 train_utils.py: 271: Train Epoch: [0][1370/2110] | Batch Time: 0.07 (0.35) | Data Time: 0.00 (0.20) | Mem (GB): 2.00 (7.25/15.00) | Time Elapsed: 00d 00h 09m | Losses/train_all_loss: 1.08e+00 (5.31e+01)
WARNING:root:Skip RandomAffine for zero-area mask in first frame after 1 tentatives
WARNING:root:Skip RandomAffine for zero-area mask in first frame after 1 tentatives
WARNING:root:Skip RandomAffine for zero-area mask in first frame after 1 tentatives
INFO 2026-09-28 10:31:55,185 train_utils.py: 271: Train Epoch: [0][1380/2110] | Batch Time: 0.11 (0.35) | Data Time: 0.00 (0.20) | Mem (GB): 6.00 (7.24/15.00) | Time Elapsed: 00d 00h 09m | Losses/train_all_loss: 6.15e+01 (5.31e+01)
INFO 2026-09-28 10:31:58,989 train_utils.py: 271: Train Epoch: [0][1390/2110] | Batch Time: 0.14 (0.35) | Data Time: 0.00 (0.20) | Mem (GB): 8.00 (7.25/15.00) | Time Elapsed: 00d 00h 09m | Losses/train_all_loss: 1.80e+00 (5.33e+01)
WARNING:root:Skip RandomAffine for zero-area mask in first frame after 1 tentatives
WARNING:root:Skip RandomAffine for zero-area mask in first frame after 1 tentatives
INFO 2026-09-28 10:32:02,928 train_utils.py: 271: Train Epoch: [0][1400/2110] | Batch Time: 0.17 (0.35) | Data Time: 0.00 (0.20) | Mem (GB): 9.00 (7.24/15.00) | Time Elapsed: 00d 00h 10m | Losses/train_all_loss: 3.45e+01 (5.30e+01)
WARNING:root:Skip RandomAffine for zero-area mask in first frame after 1 tentatives
WARNING:root:Skip RandomAffine for zero-area mask in first frame after 1 tentatives
WARNING:root:Skip RandomAffine for zero-area mask in first frame after 1 tentatives
WARNING:root:Skip RandomAffine for zero-area mask in first frame after 1 tentatives
INFO 2026-09-28 10:32:08,609 train_utils.py: 271: Train Epoch: [0][1410/2110] | Batch Time: 0.08 (0.35) | Data Time: 0.00 (0.20) | Mem (GB): 4.00 (7.25/15.00) | Time Elapsed: 00d 00h 10m | Losses/train_all_loss: 2.98e+02 (5.30e+01)
WARNING:root:Skip RandomAffine for zero-area mask in first frame after 1 tentatives
WARNING:root:Skip RandomAffine for zero-area mask in first frame after 1 tentatives
INFO 2026-09-28 10:32:11,721 train_utils.py: 271: Train Epoch: [0][1420/2110] | Batch Time: 0.18 (0.35) | Data Time: 0.00 (0.20) | Mem (GB): 12.00 (7.24/15.00) | Time Elapsed: 00d 00h 10m | Losses/train_all_loss: 1.09e+02 (5.30e+01)
WARNING:root:Skip RandomAffine for zero-area mask in first frame after 1 tentatives
WARNING:root:Skip RandomAffine for zero-area mask in first frame after 1 tentatives
WARNING:root:Skip RandomAffine for zero-area mask in first frame after 1 tentatives
INFO 2026-09-28 10:32:17,477 train_utils.py: 271: Train Epoch: [0][1430/2110] | Batch Time: 0.14 (0.35) | Data Time: 0.00 (0.21) | Mem (GB): 8.00 (7.24/15.00) | Time Elapsed: 00d 00h 10m | Losses/train_all_loss: 3.52e+01 (5.28e+01)
WARNING:root:Skip RandomAffine for zero-area mask in first frame after 1 tentatives
INFO 2026-09-28 10:32:19,107 train_utils.py: 271: Train Epoch: [0][1440/2110] | Batch Time: 0.10 (0.35) | Data Time: 0.00 (0.20) | Mem (GB): 3.00 (7.24/15.00) | Time Elapsed: 00d 00h 10m | Losses/train_all_loss: 1.42e+02 (5.27e+01)
WARNING:root:Skip RandomAffine for zero-area mask in first frame after 1 tentatives
WARNING:root:Skip RandomAffine for zero-area mask in first frame after 1 tentatives
WARNING:root:Skip RandomAffine for zero-area mask in first frame after 1 tentatives
WARNING:root:Skip RandomAffine for zero-area mask in first frame after 1 tentatives
INFO 2026-09-28 10:32:22,937 train_utils.py: 271: Train Epoch: [0][1450/2110] | Batch Time: 0.23 (0.35) | Data Time: 0.00 (0.21) | Mem (GB): 15.00 (7.24/15.00) | Time Elapsed: 00d 00h 10m | Losses/train_all_loss: 3.47e+00 (5.26e+01)
WARNING:root:Skip RandomAffine for zero-area mask in first frame after 1 tentatives
INFO 2026-09-28 10:32:25,921 train_utils.py: 271: Train Epoch: [0][1460/2110] | Batch Time: 0.42 (0.35) | Data Time: 0.26 (0.20) | Mem (GB): 7.00 (7.24/15.00) | Time Elapsed: 00d 00h 10m | Losses/train_all_loss: 3.04e+00 (5.25e+01)
WARNING:root:Skip RandomAffine for zero-area mask in first frame after 1 tentatives
WARNING:root:Skip RandomAffine for zero-area mask in first frame after 1 tentatives
INFO 2026-09-28 10:32:29,743 train_utils.py: 271: Train Epoch: [0][1470/2110] | Batch Time: 0.14 (0.35) | Data Time: 0.00 (0.21) | Mem (GB): 8.00 (7.25/15.00) | Time Elapsed: 00d 00h 10m | Losses/train_all_loss: 3.30e-01 (5.24e+01)
WARNING:root:Skip RandomAffine for zero-area mask in first frame after 1 tentatives
INFO 2026-09-28 10:32:32,843 train_utils.py: 271: Train Epoch: [0][1480/2110] | Batch Time: 1.21 (0.35) | Data Time: 1.06 (0.20) | Mem (GB): 8.00 (7.24/15.00) | Time Elapsed: 00d 00h 10m | Losses/train_all_loss: 2.59e+01 (5.24e+01)
WARNING:root:Skip RandomAffine for zero-area mask in first frame after 1 tentatives
WARNING:root:Skip RandomAffine for zero-area mask in first frame after 1 tentatives
WARNING:root:Skip RandomAffine for zero-area mask in first frame after 1 tentatives
WARNING:root:Skip RandomAffine for zero-area mask in first frame after 1 tentatives
INFO 2026-09-28 10:32:35,166 train_utils.py: 271: Train Epoch: [0][1490/2110] | Batch Time: 0.21 (0.35) | Data Time: 0.00 (0.20) | Mem (GB): 13.00 (7.23/15.00) | Time Elapsed: 00d 00h 10m | Losses/train_all_loss: 8.68e-01 (5.21e+01)
WARNING:root:Skip RandomAffine for zero-area mask in first frame after 1 tentatives
WARNING:root:Skip RandomAffine for zero-area mask in first frame after 1 tentatives
WARNING:root:Skip RandomAffine for zero-area mask in first frame after 1 tentatives
WARNING:root:Skip RandomAffine for zero-area mask in first frame after 1 tentatives
INFO 2026-09-28 10:32:39,636 train_utils.py: 271: Train Epoch: [0][1500/2110] | Batch Time: 0.20 (0.35) | Data Time: 0.04 (0.20) | Mem (GB): 8.00 (7.24/15.00) | Time Elapsed: 00d 00h 10m | Losses/train_all_loss: 5.36e+01 (5.21e+01)
WARNING:root:Skip RandomAffine for zero-area mask in first frame after 1 tentatives
WARNING:root:Skip RandomAffine for zero-area mask in first frame after 1 tentatives
WARNING:root:Skip RandomAffine for zero-area mask in first frame after 1 tentatives
WARNING:root:Skip RandomAffine for zero-area mask in first frame after 1 tentatives
WARNING:root:Skip RandomAffine for zero-area mask in first frame after 1 tentatives
WARNING:root:Skip RandomAffine for zero-area mask in first frame after 1 tentatives
INFO 2026-09-28 10:32:43,774 train_utils.py: 271: Train Epoch: [0][1510/2110] | Batch Time: 0.08 (0.35) | Data Time: 0.00 (0.21) | Mem (GB): 2.00 (7.22/15.00) | Time Elapsed: 00d 00h 10m | Losses/train_all_loss: 2.65e+02 (5.26e+01)
WARNING:root:Skip RandomAffine for zero-area mask in first frame after 1 tentatives
WARNING:root:Skip RandomAffine for zero-area mask in first frame after 1 tentatives
WARNING:root:Skip RandomAffine for zero-area mask in first frame after 1 tentatives
INFO 2026-09-28 10:32:46,728 train_utils.py: 271: Train Epoch: [0][1520/2110] | Batch Time: 0.19 (0.35) | Data Time: 0.00 (0.21) | Mem (GB): 12.00 (7.23/15.00) | Time Elapsed: 00d 00h 10m | Losses/train_all_loss: 5.99e+00 (5.24e+01)
WARNING:root:Skip RandomAffine for zero-area mask in first frame after 1 tentatives
WARNING:root:Skip RandomAffine for zero-area mask in first frame after 1 tentatives
WARNING:root:Skip RandomAffine for zero-area mask in first frame after 1 tentatives
WARNING:root:Skip RandomAffine for zero-area mask in first frame after 1 tentatives
INFO 2026-09-28 10:32:50,706 train_utils.py: 271: Train Epoch: [0][1530/2110] | Batch Time: 0.08 (0.35) | Data Time: 0.00 (0.21) | Mem (GB): 2.00 (7.22/15.00) | Time Elapsed: 00d 00h 10m | Losses/train_all_loss: 5.05e-01 (5.23e+01)
WARNING:root:Skip RandomAffine for zero-area mask in first frame after 1 tentatives
INFO 2026-09-28 10:32:53,792 train_utils.py: 271: Train Epoch: [0][1540/2110] | Batch Time: 0.15 (0.35) | Data Time: 0.04 (0.21) | Mem (GB): 6.00 (7.22/15.00) | Time Elapsed: 00d 00h 10m | Losses/train_all_loss: 2.33e-01 (5.20e+01)
WARNING:root:Skip RandomAffine for zero-area mask in first frame after 1 tentatives
WARNING:root:Skip RandomAffine for zero-area mask in first frame after 1 tentatives
WARNING:root:Skip RandomAffine for zero-area mask in first frame after 1 tentatives
WARNING:root:Skip RandomAffine for zero-area mask in first frame after 1 tentatives
WARNING:root:Skip RandomAffine for zero-area mask in first frame after 1 tentatives
WARNING:root:Skip RandomAffine for zero-area mask in first frame after 1 tentatives
WARNING:root:Skip RandomAffine for zero-area mask in first frame after 1 tentatives
INFO 2026-09-28 10:32:58,979 train_utils.py: 271: Train Epoch: [0][1550/2110] | Batch Time: 1.72 (0.35) | Data Time: 1.49 (0.21) | Mem (GB): 14.00 (7.22/15.00) | Time Elapsed: 00d 00h 10m | Losses/train_all_loss: 5.80e+00 (5.18e+01)
WARNING:root:Skip RandomAffine for zero-area mask in first frame after 1 tentatives
WARNING:root:Skip RandomAffine for zero-area mask in first frame after 1 tentatives
WARNING:root:Skip RandomAffine for zero-area mask in first frame after 1 tentatives
INFO 2026-09-28 10:33:01,211 train_utils.py: 271: Train Epoch: [0][1560/2110] | Batch Time: 0.17 (0.35) | Data Time: 0.00 (0.21) | Mem (GB): 10.00 (7.23/15.00) | Time Elapsed: 00d 00h 11m | Losses/train_all_loss: 6.29e+00 (5.19e+01)
WARNING:root:Skip RandomAffine for zero-area mask in first frame after 1 tentatives
WARNING:root:Skip RandomAffine for zero-area mask in first frame after 1 tentatives
INFO 2026-09-28 10:33:05,077 train_utils.py: 271: Train Epoch: [0][1570/2110] | Batch Time: 0.98 (0.35) | Data Time: 0.84 (0.21) | Mem (GB): 8.00 (7.23/15.00) | Time Elapsed: 00d 00h 11m | Losses/train_all_loss: 4.77e+00 (5.22e+01)
WARNING:root:Skip RandomAffine for zero-area mask in first frame after 1 tentatives
WARNING:root:Skip RandomAffine for zero-area mask in first frame after 1 tentatives
INFO 2026-09-28 10:33:08,675 train_utils.py: 271: Train Epoch: [0][1580/2110] | Batch Time: 0.94 (0.35) | Data Time: 0.76 (0.21) | Mem (GB): 10.00 (7.23/15.00) | Time Elapsed: 00d 00h 11m | Losses/train_all_loss: 8.37e-01 (5.19e+01)
WARNING:root:Skip RandomAffine for zero-area mask in first frame after 1 tentatives
INFO 2026-09-28 10:33:11,399 train_utils.py: 271: Train Epoch: [0][1590/2110] | Batch Time: 0.66 (0.35) | Data Time: 0.55 (0.21) | Mem (GB): 5.00 (7.22/15.00) | Time Elapsed: 00d 00h 11m | Losses/train_all_loss: 4.30e-01 (5.18e+01)
WARNING:root:Skip RandomAffine for zero-area mask in first frame after 1 tentatives
WARNING:root:Skip RandomAffine for zero-area mask in first frame after 1 tentatives
WARNING:root:Skip RandomAffine for zero-area mask in first frame after 1 tentatives
WARNING:root:Skip RandomAffine for zero-area mask in first frame after 1 tentatives
WARNING:root:Skip RandomAffine for zero-area mask in first frame after 1 tentatives
INFO 2026-09-28 10:33:13,414 train_utils.py: 271: Train Epoch: [0][1600/2110] | Batch Time: 0.17 (0.35) | Data Time: 0.00 (0.20) | Mem (GB): 9.00 (7.21/15.00) | Time Elapsed: 00d 00h 11m | Losses/train_all_loss: 2.05e+01 (5.18e+01)
WARNING:root:Skip RandomAffine for zero-area mask in first frame after 1 tentatives
WARNING:root:Skip RandomAffine for zero-area mask in first frame after 1 tentatives
WARNING:root:Skip RandomAffine for zero-area mask in first frame after 1 tentatives
INFO 2026-09-28 10:33:16,432 train_utils.py: 271: Train Epoch: [0][1610/2110] | Batch Time: 0.47 (0.35) | Data Time: 0.31 (0.20) | Mem (GB): 10.00 (7.21/15.00) | Time Elapsed: 00d 00h 11m | Losses/train_all_loss: 3.00e+01 (5.16e+01)
WARNING:root:Skip RandomAffine for zero-area mask in first frame after 1 tentatives
WARNING:root:Skip RandomAffine for zero-area mask in first frame after 1 tentatives
INFO 2026-09-28 10:33:19,628 train_utils.py: 271: Train Epoch: [0][1620/2110] | Batch Time: 0.08 (0.35) | Data Time: 0.00 (0.20) | Mem (GB): 2.00 (7.20/15.00) | Time Elapsed: 00d 00h 11m | Losses/train_all_loss: 9.75e+02 (5.22e+01)
WARNING:root:Skip RandomAffine for zero-area mask in first frame after 1 tentatives
WARNING:root:Skip RandomAffine for zero-area mask in first frame after 1 tentatives
INFO 2026-09-28 10:33:22,281 train_utils.py: 271: Train Epoch: [0][1630/2110] | Batch Time: 0.40 (0.35) | Data Time: 0.21 (0.20) | Mem (GB): 12.00 (7.19/15.00) | Time Elapsed: 00d 00h 11m | Losses/train_all_loss: 1.92e+01 (5.23e+01)
WARNING:root:Skip RandomAffine for zero-area mask in first frame after 1 tentatives
WARNING:root:Skip RandomAffine for zero-area mask in first frame after 1 tentatives
INFO 2026-09-28 10:33:25,767 train_utils.py: 271: Train Epoch: [0][1640/2110] | Batch Time: 0.10 (0.35) | Data Time: 0.00 (0.20) | Mem (GB): 4.00 (7.18/15.00) | Time Elapsed: 00d 00h 11m | Losses/train_all_loss: 2.60e+02 (5.26e+01)
WARNING:root:Skip RandomAffine for zero-area mask in first frame after 1 tentatives
WARNING:root:Skip RandomAffine for zero-area mask in first frame after 1 tentatives
WARNING:root:Skip RandomAffine for zero-area mask in first frame after 1 tentatives
INFO 2026-09-28 10:33:29,757 train_utils.py: 271: Train Epoch: [0][1650/2110] | Batch Time: 1.88 (0.35) | Data Time: 1.63 (0.20) | Mem (GB): 13.00 (7.18/15.00) | Time Elapsed: 00d 00h 11m | Losses/train_all_loss: 1.73e+01 (5.25e+01)
WARNING:root:Skip RandomAffine for zero-area mask in first frame after 1 tentatives
WARNING:root:Skip RandomAffine for zero-area mask in first frame after 1 tentatives
WARNING:root:Skip RandomAffine for zero-area mask in first frame after 1 tentatives
INFO 2026-09-28 10:33:33,877 train_utils.py: 271: Train Epoch: [0][1660/2110] | Batch Time: 0.21 (0.35) | Data Time: 0.00 (0.21) | Mem (GB): 13.00 (7.19/15.00) | Time Elapsed: 00d 00h 11m | Losses/train_all_loss: 7.51e+01 (5.23e+01)
WARNING:root:Skip RandomAffine for zero-area mask in first frame after 1 tentatives
WARNING:root:Skip RandomAffine for zero-area mask in first frame after 1 tentatives
WARNING:root:Skip RandomAffine for zero-area mask in first frame after 1 tentatives
WARNING:root:Skip RandomAffine for zero-area mask in first frame after 1 tentatives
WARNING:root:Skip RandomAffine for zero-area mask in first frame after 1 tentatives
INFO 2026-09-28 10:33:36,606 train_utils.py: 271: Train Epoch: [0][1670/2110] | Batch Time: 0.12 (0.35) | Data Time: 0.00 (0.20) | Mem (GB): 5.00 (7.20/15.00) | Time Elapsed: 00d 00h 11m | Losses/train_all_loss: 3.01e+01 (5.25e+01)
WARNING:root:Skip RandomAffine for zero-area mask in first frame after 1 tentatives
WARNING:root:Skip RandomAffine for zero-area mask in first frame after 1 tentatives
WARNING:root:Skip RandomAffine for zero-area mask in first frame after 1 tentatives
INFO 2026-09-28 10:33:42,994 train_utils.py: 271: Train Epoch: [0][1680/2110] | Batch Time: 1.74 (0.35) | Data Time: 1.52 (0.21) | Mem (GB): 14.00 (7.21/15.00) | Time Elapsed: 00d 00h 11m | Losses/train_all_loss: 5.36e+01 (5.24e+01)
WARNING:root:Skip RandomAffine for zero-area mask in first frame after 1 tentatives
INFO 2026-09-28 10:33:49,184 train_utils.py: 271: Train Epoch: [0][1690/2110] | Batch Time: 0.13 (0.35) | Data Time: 0.00 (0.21) | Mem (GB): 7.00 (7.21/15.00) | Time Elapsed: 00d 00h 11m | Losses/train_all_loss: 5.72e+01 (5.22e+01)
WARNING:root:Skip RandomAffine for zero-area mask in first frame after 1 tentatives
WARNING:root:Skip RandomAffine for zero-area mask in first frame after 1 tentatives
WARNING:root:Skip RandomAffine for zero-area mask in first frame after 1 tentatives
WARNING:root:Skip RandomAffine for zero-area mask in first frame after 1 tentatives
WARNING:root:Skip RandomAffine for zero-area mask in first frame after 1 tentatives
INFO 2026-09-28 10:33:51,657 train_utils.py: 271: Train Epoch: [0][1700/2110] | Batch Time: 0.25 (0.35) | Data Time: 0.11 (0.21) | Mem (GB): 5.00 (7.21/15.00) | Time Elapsed: 00d 00h 11m | Losses/train_all_loss: 7.45e-01 (5.20e+01)
WARNING:root:Skip RandomAffine for zero-area mask in first frame after 1 tentatives
WARNING:root:Skip RandomAffine for zero-area mask in first frame after 1 tentatives
INFO 2026-09-28 10:33:55,526 train_utils.py: 271: Train Epoch: [0][1710/2110] | Batch Time: 0.11 (0.35) | Data Time: 0.00 (0.21) | Mem (GB): 6.00 (7.20/15.00) | Time Elapsed: 00d 00h 11m | Losses/train_all_loss: 4.39e+01 (5.22e+01)
WARNING:root:Skip RandomAffine for zero-area mask in first frame after 1 tentatives
WARNING:root:Skip RandomAffine for zero-area mask in first frame after 1 tentatives
WARNING:root:Skip RandomAffine for zero-area mask in first frame after 1 tentatives
INFO 2026-09-28 10:33:58,944 train_utils.py: 271: Train Epoch: [0][1720/2110] | Batch Time: 0.12 (0.35) | Data Time: 0.00 (0.21) | Mem (GB): 7.00 (7.19/15.00) | Time Elapsed: 00d 00h 11m | Losses/train_all_loss: 4.30e-01 (5.22e+01)
WARNING:root:Skip RandomAffine for zero-area mask in first frame after 1 tentatives
INFO 2026-09-28 10:34:01,840 train_utils.py: 271: Train Epoch: [0][1730/2110] | Batch Time: 0.08 (0.35) | Data Time: 0.00 (0.21) | Mem (GB): 2.00 (7.18/15.00) | Time Elapsed: 00d 00h 12m | Losses/train_all_loss: 4.99e-01 (5.21e+01)
WARNING:root:Skip RandomAffine for zero-area mask in first frame after 1 tentatives
WARNING:root:Skip RandomAffine for zero-area mask in first frame after 1 tentatives
INFO 2026-09-28 10:34:06,743 train_utils.py: 271: Train Epoch: [0][1740/2110] | Batch Time: 2.11 (0.35) | Data Time: 1.85 (0.21) | Mem (GB): 15.00 (7.18/15.00) | Time Elapsed: 00d 00h 12m | Losses/train_all_loss: 3.70e+01 (5.19e+01)
WARNING:root:Skip RandomAffine for zero-area mask in first frame after 1 tentatives
WARNING:root:Skip RandomAffine for zero-area mask in first frame after 1 tentatives
WARNING:root:Skip RandomAffine for zero-area mask in first frame after 1 tentatives
WARNING:root:Skip RandomAffine for zero-area mask in first frame after 1 tentatives
WARNING:root:Skip RandomAffine for zero-area mask in first frame after 1 tentatives
INFO 2026-09-28 10:34:09,800 train_utils.py: 271: Train Epoch: [0][1750/2110] | Batch Time: 0.10 (0.35) | Data Time: 0.00 (0.21) | Mem (GB): 5.00 (7.20/15.00) | Time Elapsed: 00d 00h 12m | Losses/train_all_loss: 4.84e-01 (5.17e+01)
WARNING:root:Skip RandomAffine for zero-area mask in first frame after 1 tentatives
WARNING:root:Skip RandomAffine for zero-area mask in first frame after 1 tentatives
WARNING:root:Skip RandomAffine for zero-area mask in first frame after 1 tentatives
INFO 2026-09-28 10:34:14,327 train_utils.py: 271: Train Epoch: [0][1760/2110] | Batch Time: 0.10 (0.35) | Data Time: 0.00 (0.21) | Mem (GB): 4.00 (7.21/15.00) | Time Elapsed: 00d 00h 12m | Losses/train_all_loss: 8.51e+00 (5.15e+01)
INFO 2026-09-28 10:34:16,931 train_utils.py: 271: Train Epoch: [0][1770/2110] | Batch Time: 0.14 (0.35) | Data Time: 0.00 (0.21) | Mem (GB): 8.00 (7.21/15.00) | Time Elapsed: 00d 00h 12m | Losses/train_all_loss: 5.58e+01 (5.18e+01)
WARNING:root:Skip RandomAffine for zero-area mask in first frame after 1 tentatives
WARNING:root:Skip RandomAffine for zero-area mask in first frame after 1 tentatives
WARNING:root:Skip RandomAffine for zero-area mask in first frame after 1 tentatives
WARNING:root:Skip RandomAffine for zero-area mask in first frame after 1 tentatives
WARNING:root:Skip RandomAffine for zero-area mask in first frame after 1 tentatives
WARNING:root:Skip RandomAffine for zero-area mask in first frame after 1 tentatives
INFO 2026-09-28 10:34:24,027 train_utils.py: 271: Train Epoch: [0][1780/2110] | Batch Time: 0.18 (0.35) | Data Time: 0.10 (0.21) | Mem (GB): 2.00 (7.21/15.00) | Time Elapsed: 00d 00h 12m | Losses/train_all_loss: 3.91e+02 (5.18e+01)
WARNING:root:Skip RandomAffine for zero-area mask in first frame after 1 tentatives
INFO 2026-09-28 10:34:26,114 train_utils.py: 271: Train Epoch: [0][1790/2110] | Batch Time: 0.09 (0.35) | Data Time: 0.00 (0.21) | Mem (GB): 3.00 (7.21/15.00) | Time Elapsed: 00d 00h 12m | Losses/train_all_loss: 2.30e-01 (5.18e+01)
WARNING:root:Skip RandomAffine for zero-area mask in first frame after 1 tentatives
WARNING:root:Skip RandomAffine for zero-area mask in first frame after 1 tentatives
WARNING:root:Skip RandomAffine for zero-area mask in first frame after 1 tentatives
WARNING:root:Skip RandomAffine for zero-area mask in first frame after 1 tentatives
WARNING:root:Skip RandomAffine for zero-area mask in first frame after 1 tentatives
INFO 2026-09-28 10:34:31,299 train_utils.py: 271: Train Epoch: [0][1800/2110] | Batch Time: 1.44 (0.35) | Data Time: 1.20 (0.21) | Mem (GB): 15.00 (7.22/15.00) | Time Elapsed: 00d 00h 12m | Losses/train_all_loss: 2.81e+01 (5.19e+01)
WARNING:root:Skip RandomAffine for zero-area mask in first frame after 1 tentatives
WARNING:root:Skip RandomAffine for zero-area mask in first frame after 1 tentatives
WARNING:root:Skip RandomAffine for zero-area mask in first frame after 1 tentatives
INFO 2026-09-28 10:34:33,315 train_utils.py: 271: Train Epoch: [0][1810/2110] | Batch Time: 0.40 (0.35) | Data Time: 0.17 (0.21) | Mem (GB): 15.00 (7.21/15.00) | Time Elapsed: 00d 00h 12m | Losses/train_all_loss: 7.91e+00 (5.17e+01)
WARNING:root:Skip RandomAffine for zero-area mask in first frame after 1 tentatives
WARNING:root:Skip RandomAffine for zero-area mask in first frame after 1 tentatives
INFO 2026-09-28 10:34:39,765 train_utils.py: 271: Train Epoch: [0][1820/2110] | Batch Time: 1.42 (0.35) | Data Time: 1.19 (0.21) | Mem (GB): 13.00 (7.22/15.00) | Time Elapsed: 00d 00h 12m | Losses/train_all_loss: 4.31e-01 (5.16e+01)
INFO 2026-09-28 10:34:41,168 train_utils.py: 271: Train Epoch: [0][1830/2110] | Batch Time: 0.12 (0.35) | Data Time: 0.00 (0.21) | Mem (GB): 7.00 (7.21/15.00) | Time Elapsed: 00d 00h 12m | Losses/train_all_loss: 5.04e-01 (5.15e+01)
WARNING:root:Skip RandomAffine for zero-area mask in first frame after 1 tentatives
WARNING:root:Skip RandomAffine for zero-area mask in first frame after 1 tentatives
WARNING:root:Skip RandomAffine for zero-area mask in first frame after 1 tentatives
WARNING:root:Skip RandomAffine for zero-area mask in first frame after 1 tentatives
INFO 2026-09-28 10:34:46,411 train_utils.py: 271: Train Epoch: [0][1840/2110] | Batch Time: 0.16 (0.35) | Data Time: 0.00 (0.21) | Mem (GB): 10.00 (7.21/15.00) | Time Elapsed: 00d 00h 12m | Losses/train_all_loss: 3.86e+01 (5.13e+01)
WARNING:root:Skip RandomAffine for zero-area mask in first frame after 1 tentatives
WARNING:root:Skip RandomAffine for zero-area mask in first frame after 1 tentatives
INFO 2026-09-28 10:34:49,128 train_utils.py: 271: Train Epoch: [0][1850/2110] | Batch Time: 0.13 (0.35) | Data Time: 0.00 (0.21) | Mem (GB): 7.00 (7.21/15.00) | Time Elapsed: 00d 00h 12m | Losses/train_all_loss: 7.01e+01 (5.12e+01)
WARNING:root:Skip RandomAffine for zero-area mask in first frame after 1 tentatives
WARNING:root:Skip RandomAffine for zero-area mask in first frame after 1 tentatives
WARNING:root:Skip RandomAffine for zero-area mask in first frame after 1 tentatives
WARNING:root:Skip RandomAffine for zero-area mask in first frame after 1 tentatives
WARNING:root:Skip RandomAffine for zero-area mask in first frame after 1 tentatives
WARNING:root:Skip RandomAffine for zero-area mask in first frame after 1 tentatives
INFO 2026-09-28 10:34:53,678 train_utils.py: 271: Train Epoch: [0][1860/2110] | Batch Time: 0.49 (0.35) | Data Time: 0.34 (0.21) | Mem (GB): 7.00 (7.21/15.00) | Time Elapsed: 00d 00h 12m | Losses/train_all_loss: 6.46e+01 (5.16e+01)
WARNING:root:Skip RandomAffine for zero-area mask in first frame after 1 tentatives
WARNING:root:Skip RandomAffine for zero-area mask in first frame after 1 tentatives
WARNING:root:Skip RandomAffine for zero-area mask in first frame after 1 tentatives
WARNING:root:Skip RandomAffine for zero-area mask in first frame after 1 tentatives
INFO 2026-09-28 10:34:57,096 train_utils.py: 271: Train Epoch: [0][1870/2110] | Batch Time: 1.24 (0.35) | Data Time: 1.06 (0.21) | Mem (GB): 11.00 (7.22/15.00) | Time Elapsed: 00d 00h 12m | Losses/train_all_loss: 8.02e-01 (5.14e+01)
WARNING:root:Skip RandomAffine for zero-area mask in first frame after 1 tentatives
WARNING:root:Skip RandomAffine for zero-area mask in first frame after 1 tentatives
INFO 2026-09-28 10:35:00,053 train_utils.py: 271: Train Epoch: [0][1880/2110] | Batch Time: 0.14 (0.35) | Data Time: 0.00 (0.21) | Mem (GB): 8.00 (7.22/15.00) | Time Elapsed: 00d 00h 13m | Losses/train_all_loss: 2.12e+01 (5.14e+01)
WARNING:root:Skip RandomAffine for zero-area mask in first frame after 1 tentatives
WARNING:root:Skip RandomAffine for zero-area mask in first frame after 1 tentatives
WARNING:root:Skip RandomAffine for zero-area mask in first frame after 1 tentatives
INFO 2026-09-28 10:35:02,831 train_utils.py: 271: Train Epoch: [0][1890/2110] | Batch Time: 1.10 (0.35) | Data Time: 0.94 (0.21) | Mem (GB): 9.00 (7.21/15.00) | Time Elapsed: 00d 00h 13m | Losses/train_all_loss: 3.51e+01 (5.17e+01)
WARNING:root:Skip RandomAffine for zero-area mask in first frame after 1 tentatives
WARNING:root:Skip RandomAffine for zero-area mask in first frame after 1 tentatives
WARNING:root:Skip RandomAffine for zero-area mask in first frame after 1 tentatives
INFO 2026-09-28 10:35:05,303 train_utils.py: 271: Train Epoch: [0][1900/2110] | Batch Time: 1.31 (0.35) | Data Time: 1.07 (0.21) | Mem (GB): 11.00 (7.20/15.00) | Time Elapsed: 00d 00h 13m | Losses/train_all_loss: 7.00e+01 (5.15e+01)
WARNING:root:Skip RandomAffine for zero-area mask in first frame after 1 tentatives
WARNING:root:Skip RandomAffine for zero-area mask in first frame after 1 tentatives
INFO 2026-09-28 10:35:08,187 train_utils.py: 271: Train Epoch: [0][1910/2110] | Batch Time: 0.12 (0.35) | Data Time: 0.00 (0.21) | Mem (GB): 7.00 (7.19/15.00) | Time Elapsed: 00d 00h 13m | Losses/train_all_loss: 7.44e+01 (5.13e+01)
WARNING:root:Skip RandomAffine for zero-area mask in first frame after 1 tentatives
INFO 2026-09-28 10:35:11,836 train_utils.py: 271: Train Epoch: [0][1920/2110] | Batch Time: 0.27 (0.35) | Data Time: 0.16 (0.21) | Mem (GB): 2.00 (7.19/15.00) | Time Elapsed: 00d 00h 13m | Losses/train_all_loss: 2.20e-01 (5.13e+01)
WARNING:root:Skip RandomAffine for zero-area mask in first frame after 1 tentatives
WARNING:root:Skip RandomAffine for zero-area mask in first frame after 1 tentatives
WARNING:root:Skip RandomAffine for zero-area mask in first frame after 1 tentatives
WARNING:root:Skip RandomAffine for zero-area mask in first frame after 1 tentatives
WARNING:root:Skip RandomAffine for zero-area mask in first frame after 1 tentatives
INFO 2026-09-28 10:35:14,914 train_utils.py: 271: Train Epoch: [0][1930/2110] | Batch Time: 0.13 (0.35) | Data Time: 0.00 (0.21) | Mem (GB): 7.00 (7.18/15.00) | Time Elapsed: 00d 00h 13m | Losses/train_all_loss: 4.45e-01 (5.12e+01)
WARNING:root:Skip RandomAffine for zero-area mask in first frame after 1 tentatives
INFO 2026-09-28 10:35:18,225 train_utils.py: 271: Train Epoch: [0][1940/2110] | Batch Time: 0.17 (0.35) | Data Time: 0.00 (0.21) | Mem (GB): 10.00 (7.19/15.00) | Time Elapsed: 00d 00h 13m | Losses/train_all_loss: 7.44e-01 (5.11e+01)
WARNING:root:Skip RandomAffine for zero-area mask in first frame after 1 tentatives
WARNING:root:Skip RandomAffine for zero-area mask in first frame after 1 tentatives
INFO 2026-09-28 10:35:22,757 train_utils.py: 271: Train Epoch: [0][1950/2110] | Batch Time: 0.70 (0.35) | Data Time: 0.57 (0.21) | Mem (GB): 7.00 (7.19/15.00) | Time Elapsed: 00d 00h 13m | Losses/train_all_loss: 5.88e-01 (5.13e+01)
WARNING:root:Skip RandomAffine for zero-area mask in first frame after 1 tentatives
INFO 2026-09-28 10:35:25,430 train_utils.py: 271: Train Epoch: [0][1960/2110] | Batch Time: 0.17 (0.35) | Data Time: 0.00 (0.21) | Mem (GB): 10.00 (7.19/15.00) | Time Elapsed: 00d 00h 13m | Losses/train_all_loss: 4.34e-01 (5.12e+01)
WARNING:root:Skip RandomAffine for zero-area mask in first frame after 1 tentatives
WARNING:root:Skip RandomAffine for zero-area mask in first frame after 1 tentatives
WARNING:root:Skip RandomAffine for zero-area mask in first frame after 1 tentatives
INFO 2026-09-28 10:35:30,014 train_utils.py: 271: Train Epoch: [0][1970/2110] | Batch Time: 2.30 (0.35) | Data Time: 2.08 (0.21) | Mem (GB): 12.00 (7.19/15.00) | Time Elapsed: 00d 00h 13m | Losses/train_all_loss: 3.12e+00 (5.13e+01)
WARNING:root:Skip RandomAffine for zero-area mask in first frame after 1 tentatives
WARNING:root:Skip RandomAffine for zero-area mask in first frame after 1 tentatives
WARNING:root:Skip RandomAffine for zero-area mask in first frame after 1 tentatives
WARNING:root:Skip RandomAffine for zero-area mask in first frame after 1 tentatives
WARNING:root:Skip RandomAffine for zero-area mask in first frame after 1 tentatives
INFO 2026-09-28 10:35:33,753 train_utils.py: 271: Train Epoch: [0][1980/2110] | Batch Time: 0.12 (0.35) | Data Time: 0.00 (0.21) | Mem (GB): 7.00 (7.20/15.00) | Time Elapsed: 00d 00h 13m | Losses/train_all_loss: 2.74e-01 (5.11e+01)
WARNING:root:Skip RandomAffine for zero-area mask in first frame after 1 tentatives
WARNING:root:Skip RandomAffine for zero-area mask in first frame after 1 tentatives
INFO 2026-09-28 10:35:35,583 train_utils.py: 271: Train Epoch: [0][1990/2110] | Batch Time: 0.14 (0.35) | Data Time: 0.05 (0.21) | Mem (GB): 4.00 (7.19/15.00) | Time Elapsed: 00d 00h 13m | Losses/train_all_loss: 5.26e-01 (5.10e+01)
WARNING:root:Skip RandomAffine for zero-area mask in first frame after 1 tentatives
WARNING:root:Skip RandomAffine for zero-area mask in first frame after 1 tentatives
WARNING:root:Skip RandomAffine for zero-area mask in first frame after 1 tentatives
INFO 2026-09-28 10:35:42,187 train_utils.py: 271: Train Epoch: [0][2000/2110] | Batch Time: 0.17 (0.35) | Data Time: 0.00 (0.21) | Mem (GB): 9.00 (7.19/15.00) | Time Elapsed: 00d 00h 13m | Losses/train_all_loss: 2.91e+00 (5.09e+01)
WARNING:root:Skip RandomAffine for zero-area mask in first frame after 1 tentatives
WARNING:root:Skip RandomAffine for zero-area mask in first frame after 1 tentatives
WARNING:root:Skip RandomAffine for zero-area mask in first frame after 1 tentatives
INFO 2026-09-28 10:35:44,305 train_utils.py: 271: Train Epoch: [0][2010/2110] | Batch Time: 0.18 (0.35) | Data Time: 0.00 (0.21) | Mem (GB): 10.00 (7.19/15.00) | Time Elapsed: 00d 00h 13m | Losses/train_all_loss: 5.41e-01 (5.08e+01)
WARNING:root:Skip RandomAffine for zero-area mask in first frame after 1 tentatives
WARNING:root:Skip RandomAffine for zero-area mask in first frame after 1 tentatives
WARNING:root:Skip RandomAffine for zero-area mask in first frame after 1 tentatives
INFO 2026-09-28 10:35:47,694 train_utils.py: 271: Train Epoch: [0][2020/2110] | Batch Time: 0.08 (0.35) | Data Time: 0.00 (0.21) | Mem (GB): 2.00 (7.18/15.00) | Time Elapsed: 00d 00h 13m | Losses/train_all_loss: 3.86e+02 (5.09e+01)
WARNING:root:Skip RandomAffine for zero-area mask in first frame after 1 tentatives
WARNING:root:Skip RandomAffine for zero-area mask in first frame after 1 tentatives
WARNING:root:Skip RandomAffine for zero-area mask in first frame after 1 tentatives
WARNING:root:Skip RandomAffine for zero-area mask in first frame after 1 tentatives
WARNING:root:Skip RandomAffine for zero-area mask in first frame after 1 tentatives
INFO 2026-09-28 10:35:50,836 train_utils.py: 271: Train Epoch: [0][2030/2110] | Batch Time: 0.16 (0.35) | Data Time: 0.00 (0.21) | Mem (GB): 8.00 (7.19/15.00) | Time Elapsed: 00d 00h 13m | Losses/train_all_loss: 9.07e-01 (5.08e+01)
WARNING:root:Skip RandomAffine for zero-area mask in first frame after 1 tentatives
WARNING:root:Skip RandomAffine for zero-area mask in first frame after 1 tentatives
WARNING:root:Skip RandomAffine for zero-area mask in first frame after 1 tentatives
WARNING:root:Skip RandomAffine for zero-area mask in first frame after 1 tentatives
INFO 2026-09-28 10:35:54,899 train_utils.py: 271: Train Epoch: [0][2040/2110] | Batch Time: 0.15 (0.35) | Data Time: 0.00 (0.21) | Mem (GB): 9.00 (7.18/15.00) | Time Elapsed: 00d 00h 13m | Losses/train_all_loss: 5.90e+01 (5.08e+01)
INFO 2026-09-28 10:35:59,025 train_utils.py: 271: Train Epoch: [0][2050/2110] | Batch Time: 0.15 (0.35) | Data Time: 0.00 (0.21) | Mem (GB): 9.00 (7.19/15.00) | Time Elapsed: 00d 00h 13m | Losses/train_all_loss: 1.86e+01 (5.07e+01)
WARNING:root:Skip RandomAffine for zero-area mask in first frame after 1 tentatives
WARNING:root:Skip RandomAffine for zero-area mask in first frame after 1 tentatives
WARNING:root:Skip RandomAffine for zero-area mask in first frame after 1 tentatives
WARNING:root:Skip RandomAffine for zero-area mask in first frame after 1 tentatives
WARNING:root:Skip RandomAffine for zero-area mask in first frame after 1 tentatives
WARNING:root:Skip RandomAffine for zero-area mask in first frame after 1 tentatives
WARNING:root:Skip RandomAffine for zero-area mask in first frame after 1 tentatives
INFO 2026-09-28 10:36:01,631 train_utils.py: 271: Train Epoch: [0][2060/2110] | Batch Time: 0.11 (0.35) | Data Time: 0.00 (0.21) | Mem (GB): 6.00 (7.19/15.00) | Time Elapsed: 00d 00h 14m | Losses/train_all_loss: 5.51e+01 (5.07e+01)
WARNING:root:Skip RandomAffine for zero-area mask in first frame after 1 tentatives
INFO 2026-09-28 10:36:05,602 train_utils.py: 271: Train Epoch: [0][2070/2110] | Batch Time: 0.07 (0.35) | Data Time: 0.00 (0.21) | Mem (GB): 2.00 (7.19/15.00) | Time Elapsed: 00d 00h 14m | Losses/train_all_loss: 1.83e-01 (5.05e+01)
WARNING:root:Skip RandomAffine for zero-area mask in first frame after 1 tentatives
WARNING:root:Skip RandomAffine for zero-area mask in first frame after 1 tentatives
WARNING:root:Skip RandomAffine for zero-area mask in first frame after 1 tentatives
WARNING:root:Skip RandomAffine for zero-area mask in first frame after 1 tentatives
WARNING:root:Skip RandomAffine for zero-area mask in first frame after 1 tentatives
WARNING:root:Skip RandomAffine for zero-area mask in first frame after 1 tentatives
INFO 2026-09-28 10:36:10,974 train_utils.py: 271: Train Epoch: [0][2080/2110] | Batch Time: 1.33 (0.35) | Data Time: 1.13 (0.21) | Mem (GB): 13.00 (7.19/15.00) | Time Elapsed: 00d 00h 14m | Losses/train_all_loss: 1.73e+02 (5.10e+01)
WARNING:root:Skip RandomAffine for zero-area mask in first frame after 1 tentatives
WARNING:root:Skip RandomAffine for zero-area mask in first frame after 1 tentatives
WARNING:root:Skip RandomAffine for zero-area mask in first frame after 1 tentatives
INFO 2026-09-28 10:36:13,053 train_utils.py: 271: Train Epoch: [0][2090/2110] | Batch Time: 0.65 (0.35) | Data Time: 0.51 (0.21) | Mem (GB): 5.00 (7.19/15.00) | Time Elapsed: 00d 00h 14m | Losses/train_all_loss: 1.82e-01 (5.09e+01)
WARNING:root:Skip RandomAffine for zero-area mask in first frame after 1 tentatives
WARNING:root:Skip RandomAffine for zero-area mask in first frame after 1 tentatives
WARNING:root:Skip RandomAffine for zero-area mask in first frame after 1 tentatives
WARNING:root:Skip RandomAffine for zero-area mask in first frame after 1 tentatives
WARNING:root:Skip RandomAffine for zero-area mask in first frame after 1 tentatives
WARNING:root:Skip RandomAffine for zero-area mask in first frame after 1 tentatives
INFO 2026-09-28 10:36:16,567 train_utils.py: 271: Train Epoch: [0][2100/2110] | Batch Time: 0.09 (0.35) | Data Time: 0.00 (0.21) | Mem (GB): 2.00 (7.18/15.00) | Time Elapsed: 00d 00h 14m | Losses/train_all_loss: 2.67e-01 (5.08e+01)
WARNING:root:Skip RandomAffine for zero-area mask in first frame after 1 tentatives
INFO 2026-09-28 10:36:19,721 trainer.py: 950: Estimated time remaining: 00d 20h 26m
INFO 2026-09-28 10:36:19,725 trainer.py: 892: Synchronizing meters
INFO 2026-09-28 10:36:19,725 trainer.py: 830: Losses and meters: {'Losses/train_all_loss': 50.818423086877964, 'Losses/train_all_loss_mask': 2.5022806064623566, 'Losses/train_all_loss_dice': 0.1737627124263777, 'Losses/train_all_loss_iou': 0.10623172312198093, 'Losses/train_all_loss_class': 0.49281637974048115, 'Losses/train_all_core_loss': 50.818423086877964, 'Trainer/where': 0.00999526066350711, 'Trainer/epoch': 0, 'Trainer/steps_train': 2110}
/data1/workspace/tien.nguyen/miniconda3/envs/sam2/lib/python3.14/site-packages/torch/jit/_script.py:1485: FutureWarning: `torch.jit.script` is not supported in Python 3.14+ and may break. Please switch to `torch.compile` or `torch.export`.
  warnings.warn(
INFO 2026-09-28 10:36:19,946 sam2_image_predictor.py: 102: For numpy array image, we assume (HxWxC) format
/data1/workspace/tien.nguyen/miniconda3/envs/sam2/lib/python3.14/site-packages/torchvision/transforms/functional.py:154: UserWarning: The given NumPy array is not writable, and PyTorch does not support non-writable tensors. This means writing to this tensor will result in undefined behavior. You may want to copy the array to protect its data or make it writable before converting it to a tensor. This type of warning will be suppressed for the rest of this program. (Triggered internally at /__w/pytorch/pytorch/torch/csrc/utils/tensor_numpy.cpp:213.)
  img = torch.from_numpy(pic.transpose((2, 0, 1))).contiguous()
INFO 2026-09-28 10:36:20,039 sam2_image_predictor.py: 116: Computing image embeddings for the provided image...
INFO 2026-09-28 10:36:20,400 sam2_image_predictor.py: 129: Image embeddings computed.
INFO 2026-09-28 10:36:21,227 sam2_image_predictor.py: 102: For numpy array image, we assume (HxWxC) format
INFO 2026-09-28 10:36:21,263 sam2_image_predictor.py: 116: Computing image embeddings for the provided image...
INFO 2026-09-28 10:36:21,274 sam2_image_predictor.py: 129: Image embeddings computed.
INFO 2026-09-28 10:36:22,017 sam2_image_predictor.py: 102: For numpy array image, we assume (HxWxC) format
INFO 2026-09-28 10:36:22,043 sam2_image_predictor.py: 116: Computing image embeddings for the provided image...
INFO 2026-09-28 10:36:22,054 sam2_image_predictor.py: 129: Image embeddings computed.
INFO 2026-09-28 10:36:22,856 sam2_image_predictor.py: 102: For numpy array image, we assume (HxWxC) format
INFO 2026-09-28 10:36:22,883 sam2_image_predictor.py: 116: Computing image embeddings for the provided image...
INFO 2026-09-28 10:36:22,894 sam2_image_predictor.py: 129: Image embeddings computed.
INFO 2026-09-28 10:36:23,738 sam2_image_predictor.py: 102: For numpy array image, we assume (HxWxC) format
INFO 2026-09-28 10:36:23,750 sam2_image_predictor.py: 116: Computing image embeddings for the provided image...
INFO 2026-09-28 10:36:23,761 sam2_image_predictor.py: 129: Image embeddings computed.
INFO 2026-09-28 10:36:24,824 sam2_image_predictor.py: 102: For numpy array image, we assume (HxWxC) format
INFO 2026-09-28 10:36:24,851 sam2_image_predictor.py: 116: Computing image embeddings for the provided image...
INFO 2026-09-28 10:36:24,859 sam2_image_predictor.py: 129: Image embeddings computed.
INFO 2026-09-28 10:36:25,553 sam2_image_predictor.py: 102: For numpy array image, we assume (HxWxC) format
INFO 2026-09-28 10:36:25,648 sam2_image_predictor.py: 116: Computing image embeddings for the provided image...
INFO 2026-09-28 10:36:25,655 sam2_image_predictor.py: 129: Image embeddings computed.
INFO 2026-09-28 10:36:26,380 sam2_image_predictor.py: 102: For numpy array image, we assume (HxWxC) format
INFO 2026-09-28 10:36:26,403 sam2_image_predictor.py: 116: Computing image embeddings for the provided image...
INFO 2026-09-28 10:36:26,411 sam2_image_predictor.py: 129: Image embeddings computed.
INFO 2026-09-28 10:36:27,089 sam2_image_predictor.py: 102: For numpy array image, we assume (HxWxC) format
INFO 2026-09-28 10:36:27,111 sam2_image_predictor.py: 116: Computing image embeddings for the provided image...
INFO 2026-09-28 10:36:27,119 sam2_image_predictor.py: 129: Image embeddings computed.
INFO 2026-09-28 10:36:27,790 sam2_image_predictor.py: 102: For numpy array image, we assume (HxWxC) format
INFO 2026-09-28 10:36:27,798 sam2_image_predictor.py: 116: Computing image embeddings for the provided image...
INFO 2026-09-28 10:36:27,807 sam2_image_predictor.py: 129: Image embeddings computed.
INFO 2026-09-28 10:36:28,366 sam2_image_predictor.py: 102: For numpy array image, we assume (HxWxC) format
INFO 2026-09-28 10:36:28,372 sam2_image_predictor.py: 116: Computing image embeddings for the provided image...
INFO 2026-09-28 10:36:28,382 sam2_image_predictor.py: 129: Image embeddings computed.
INFO 2026-09-28 10:36:28,954 sam2_image_predictor.py: 102: For numpy array image, we assume (HxWxC) format
INFO 2026-09-28 10:36:28,983 sam2_image_predictor.py: 116: Computing image embeddings for the provided image...
INFO 2026-09-28 10:36:29,047 sam2_image_predictor.py: 129: Image embeddings computed.
INFO 2026-09-28 10:36:29,648 sam2_image_predictor.py: 102: For numpy array image, we assume (HxWxC) format
INFO 2026-09-28 10:36:29,677 sam2_image_predictor.py: 116: Computing image embeddings for the provided image...
INFO 2026-09-28 10:36:29,742 sam2_image_predictor.py: 129: Image embeddings computed.
INFO 2026-09-28 10:36:30,324 sam2_image_predictor.py: 102: For numpy array image, we assume (HxWxC) format
INFO 2026-09-28 10:36:30,329 sam2_image_predictor.py: 116: Computing image embeddings for the provided image...
INFO 2026-09-28 10:36:30,336 sam2_image_predictor.py: 129: Image embeddings computed.
INFO 2026-09-28 10:36:30,893 sam2_image_predictor.py: 102: For numpy array image, we assume (HxWxC) format
INFO 2026-09-28 10:36:30,923 sam2_image_predictor.py: 116: Computing image embeddings for the provided image...
INFO 2026-09-28 10:36:30,945 sam2_image_predictor.py: 129: Image embeddings computed.
INFO 2026-09-28 10:36:31,561 sam2_image_predictor.py: 102: For numpy array image, we assume (HxWxC) format
INFO 2026-09-28 10:36:31,589 sam2_image_predictor.py: 116: Computing image embeddings for the provided image...
INFO 2026-09-28 10:36:31,645 sam2_image_predictor.py: 129: Image embeddings computed.
INFO 2026-09-28 10:36:32,256 sam2_image_predictor.py: 102: For numpy array image, we assume (HxWxC) format
INFO 2026-09-28 10:36:32,284 sam2_image_predictor.py: 116: Computing image embeddings for the provided image...
INFO 2026-09-28 10:36:32,342 sam2_image_predictor.py: 129: Image embeddings computed.
INFO 2026-09-28 10:36:32,922 sam2_image_predictor.py: 102: For numpy array image, we assume (HxWxC) format
INFO 2026-09-28 10:36:32,949 sam2_image_predictor.py: 116: Computing image embeddings for the provided image...
INFO 2026-09-28 10:36:32,957 sam2_image_predictor.py: 129: Image embeddings computed.
INFO 2026-09-28 10:36:33,558 sam2_image_predictor.py: 102: For numpy array image, we assume (HxWxC) format
INFO 2026-09-28 10:36:33,588 sam2_image_predictor.py: 116: Computing image embeddings for the provided image...
INFO 2026-09-28 10:36:33,597 sam2_image_predictor.py: 129: Image embeddings computed.
INFO 2026-09-28 10:36:34,283 sam2_image_predictor.py: 102: For numpy array image, we assume (HxWxC) format
INFO 2026-09-28 10:36:34,298 sam2_image_predictor.py: 116: Computing image embeddings for the provided image...
INFO 2026-09-28 10:36:34,306 sam2_image_predictor.py: 129: Image embeddings computed.
INFO 2026-09-28 10:36:34,882 best_coco_trainer.py: 114: COCO eval rank 0: 20/100 images
INFO 2026-09-28 10:36:34,901 sam2_image_predictor.py: 102: For numpy array image, we assume (HxWxC) format
INFO 2026-09-28 10:36:34,919 sam2_image_predictor.py: 116: Computing image embeddings for the provided image...
INFO 2026-09-28 10:36:34,927 sam2_image_predictor.py: 129: Image embeddings computed.
INFO 2026-09-28 10:36:35,550 sam2_image_predictor.py: 102: For numpy array image, we assume (HxWxC) format
INFO 2026-09-28 10:36:35,568 sam2_image_predictor.py: 116: Computing image embeddings for the provided image...
INFO 2026-09-28 10:36:35,576 sam2_image_predictor.py: 129: Image embeddings computed.
INFO 2026-09-28 10:36:36,249 sam2_image_predictor.py: 102: For numpy array image, we assume (HxWxC) format
INFO 2026-09-28 10:36:36,280 sam2_image_predictor.py: 116: Computing image embeddings for the provided image...
INFO 2026-09-28 10:36:36,345 sam2_image_predictor.py: 129: Image embeddings computed.
INFO 2026-09-28 10:36:36,964 sam2_image_predictor.py: 102: For numpy array image, we assume (HxWxC) format
INFO 2026-09-28 10:36:36,988 sam2_image_predictor.py: 116: Computing image embeddings for the provided image...
INFO 2026-09-28 10:36:36,996 sam2_image_predictor.py: 129: Image embeddings computed.
INFO 2026-09-28 10:36:37,599 sam2_image_predictor.py: 102: For numpy array image, we assume (HxWxC) format
INFO 2026-09-28 10:36:37,603 sam2_image_predictor.py: 116: Computing image embeddings for the provided image...
INFO 2026-09-28 10:36:37,611 sam2_image_predictor.py: 129: Image embeddings computed.
INFO 2026-09-28 10:36:38,230 sam2_image_predictor.py: 102: For numpy array image, we assume (HxWxC) format
INFO 2026-09-28 10:36:38,262 sam2_image_predictor.py: 116: Computing image embeddings for the provided image...
INFO 2026-09-28 10:36:38,270 sam2_image_predictor.py: 129: Image embeddings computed.
INFO 2026-09-28 10:36:38,857 sam2_image_predictor.py: 102: For numpy array image, we assume (HxWxC) format
INFO 2026-09-28 10:36:38,867 sam2_image_predictor.py: 116: Computing image embeddings for the provided image...
INFO 2026-09-28 10:36:38,875 sam2_image_predictor.py: 129: Image embeddings computed.
INFO 2026-09-28 10:36:39,462 sam2_image_predictor.py: 102: For numpy array image, we assume (HxWxC) format
INFO 2026-09-28 10:36:39,467 sam2_image_predictor.py: 116: Computing image embeddings for the provided image...
INFO 2026-09-28 10:36:39,475 sam2_image_predictor.py: 129: Image embeddings computed.
INFO 2026-09-28 10:36:39,992 sam2_image_predictor.py: 102: For numpy array image, we assume (HxWxC) format
INFO 2026-09-28 10:36:40,025 sam2_image_predictor.py: 116: Computing image embeddings for the provided image...
INFO 2026-09-28 10:36:40,046 sam2_image_predictor.py: 129: Image embeddings computed.
INFO 2026-09-28 10:36:40,673 sam2_image_predictor.py: 102: For numpy array image, we assume (HxWxC) format
INFO 2026-09-28 10:36:40,700 sam2_image_predictor.py: 116: Computing image embeddings for the provided image...
INFO 2026-09-28 10:36:40,708 sam2_image_predictor.py: 129: Image embeddings computed.
INFO 2026-09-28 10:36:41,509 sam2_image_predictor.py: 102: For numpy array image, we assume (HxWxC) format
INFO 2026-09-28 10:36:41,526 sam2_image_predictor.py: 116: Computing image embeddings for the provided image...
INFO 2026-09-28 10:36:41,534 sam2_image_predictor.py: 129: Image embeddings computed.
INFO 2026-09-28 10:36:42,245 sam2_image_predictor.py: 102: For numpy array image, we assume (HxWxC) format
INFO 2026-09-28 10:36:42,263 sam2_image_predictor.py: 116: Computing image embeddings for the provided image...
INFO 2026-09-28 10:36:42,271 sam2_image_predictor.py: 129: Image embeddings computed.
INFO 2026-09-28 10:36:43,008 sam2_image_predictor.py: 102: For numpy array image, we assume (HxWxC) format
INFO 2026-09-28 10:36:43,027 sam2_image_predictor.py: 116: Computing image embeddings for the provided image...
INFO 2026-09-28 10:36:43,035 sam2_image_predictor.py: 129: Image embeddings computed.
INFO 2026-09-28 10:36:43,764 sam2_image_predictor.py: 102: For numpy array image, we assume (HxWxC) format
INFO 2026-09-28 10:36:43,769 sam2_image_predictor.py: 116: Computing image embeddings for the provided image...
INFO 2026-09-28 10:36:43,777 sam2_image_predictor.py: 129: Image embeddings computed.
INFO 2026-09-28 10:36:44,403 sam2_image_predictor.py: 102: For numpy array image, we assume (HxWxC) format
INFO 2026-09-28 10:36:44,425 sam2_image_predictor.py: 116: Computing image embeddings for the provided image...
INFO 2026-09-28 10:36:44,433 sam2_image_predictor.py: 129: Image embeddings computed.
INFO 2026-09-28 10:36:45,091 sam2_image_predictor.py: 102: For numpy array image, we assume (HxWxC) format
INFO 2026-09-28 10:36:45,123 sam2_image_predictor.py: 116: Computing image embeddings for the provided image...
INFO 2026-09-28 10:36:45,147 sam2_image_predictor.py: 129: Image embeddings computed.
INFO 2026-09-28 10:36:45,973 sam2_image_predictor.py: 102: For numpy array image, we assume (HxWxC) format
INFO 2026-09-28 10:36:45,991 sam2_image_predictor.py: 116: Computing image embeddings for the provided image...
INFO 2026-09-28 10:36:45,999 sam2_image_predictor.py: 129: Image embeddings computed.
INFO 2026-09-28 10:36:46,664 sam2_image_predictor.py: 102: For numpy array image, we assume (HxWxC) format
INFO 2026-09-28 10:36:46,693 sam2_image_predictor.py: 116: Computing image embeddings for the provided image...
INFO 2026-09-28 10:36:46,743 sam2_image_predictor.py: 129: Image embeddings computed.
INFO 2026-09-28 10:36:47,348 sam2_image_predictor.py: 102: For numpy array image, we assume (HxWxC) format
INFO 2026-09-28 10:36:47,355 sam2_image_predictor.py: 116: Computing image embeddings for the provided image...
INFO 2026-09-28 10:36:47,363 sam2_image_predictor.py: 129: Image embeddings computed.
INFO 2026-09-28 10:36:47,972 sam2_image_predictor.py: 102: For numpy array image, we assume (HxWxC) format
INFO 2026-09-28 10:36:47,978 sam2_image_predictor.py: 116: Computing image embeddings for the provided image...
INFO 2026-09-28 10:36:47,986 sam2_image_predictor.py: 129: Image embeddings computed.
INFO 2026-09-28 10:36:48,618 best_coco_trainer.py: 114: COCO eval rank 0: 40/100 images
INFO 2026-09-28 10:36:48,635 sam2_image_predictor.py: 102: For numpy array image, we assume (HxWxC) format
INFO 2026-09-28 10:36:48,656 sam2_image_predictor.py: 116: Computing image embeddings for the provided image...
INFO 2026-09-28 10:36:48,664 sam2_image_predictor.py: 129: Image embeddings computed.
INFO 2026-09-28 10:36:49,407 sam2_image_predictor.py: 102: For numpy array image, we assume (HxWxC) format
INFO 2026-09-28 10:36:49,423 sam2_image_predictor.py: 116: Computing image embeddings for the provided image...
INFO 2026-09-28 10:36:49,431 sam2_image_predictor.py: 129: Image embeddings computed.
INFO 2026-09-28 10:36:50,075 sam2_image_predictor.py: 102: For numpy array image, we assume (HxWxC) format
INFO 2026-09-28 10:36:50,081 sam2_image_predictor.py: 116: Computing image embeddings for the provided image...
INFO 2026-09-28 10:36:50,089 sam2_image_predictor.py: 129: Image embeddings computed.
INFO 2026-09-28 10:36:50,636 sam2_image_predictor.py: 102: For numpy array image, we assume (HxWxC) format
INFO 2026-09-28 10:36:50,642 sam2_image_predictor.py: 116: Computing image embeddings for the provided image...
INFO 2026-09-28 10:36:50,650 sam2_image_predictor.py: 129: Image embeddings computed.
INFO 2026-09-28 10:36:51,197 sam2_image_predictor.py: 102: For numpy array image, we assume (HxWxC) format
INFO 2026-09-28 10:36:51,203 sam2_image_predictor.py: 116: Computing image embeddings for the provided image...
INFO 2026-09-28 10:36:51,211 sam2_image_predictor.py: 129: Image embeddings computed.
INFO 2026-09-28 10:36:51,791 sam2_image_predictor.py: 102: For numpy array image, we assume (HxWxC) format
INFO 2026-09-28 10:36:51,796 sam2_image_predictor.py: 116: Computing image embeddings for the provided image...
INFO 2026-09-28 10:36:51,804 sam2_image_predictor.py: 129: Image embeddings computed.
INFO 2026-09-28 10:36:52,338 sam2_image_predictor.py: 102: For numpy array image, we assume (HxWxC) format
INFO 2026-09-28 10:36:52,344 sam2_image_predictor.py: 116: Computing image embeddings for the provided image...
INFO 2026-09-28 10:36:52,352 sam2_image_predictor.py: 129: Image embeddings computed.
INFO 2026-09-28 10:36:53,074 sam2_image_predictor.py: 102: For numpy array image, we assume (HxWxC) format
INFO 2026-09-28 10:36:53,099 sam2_image_predictor.py: 116: Computing image embeddings for the provided image...
INFO 2026-09-28 10:36:53,106 sam2_image_predictor.py: 129: Image embeddings computed.
INFO 2026-09-28 10:36:53,667 sam2_image_predictor.py: 102: For numpy array image, we assume (HxWxC) format
INFO 2026-09-28 10:36:53,682 sam2_image_predictor.py: 116: Computing image embeddings for the provided image...
INFO 2026-09-28 10:36:53,690 sam2_image_predictor.py: 129: Image embeddings computed.
INFO 2026-09-28 10:36:54,289 sam2_image_predictor.py: 102: For numpy array image, we assume (HxWxC) format
INFO 2026-09-28 10:36:54,319 sam2_image_predictor.py: 116: Computing image embeddings for the provided image...
INFO 2026-09-28 10:36:54,341 sam2_image_predictor.py: 129: Image embeddings computed.
INFO 2026-09-28 10:36:54,952 sam2_image_predictor.py: 102: For numpy array image, we assume (HxWxC) format
INFO 2026-09-28 10:36:54,982 sam2_image_predictor.py: 116: Computing image embeddings for the provided image...
INFO 2026-09-28 10:36:54,989 sam2_image_predictor.py: 129: Image embeddings computed.
INFO 2026-09-28 10:36:55,712 sam2_image_predictor.py: 102: For numpy array image, we assume (HxWxC) format
INFO 2026-09-28 10:36:55,730 sam2_image_predictor.py: 116: Computing image embeddings for the provided image...
INFO 2026-09-28 10:36:55,738 sam2_image_predictor.py: 129: Image embeddings computed.
INFO 2026-09-28 10:36:56,329 sam2_image_predictor.py: 102: For numpy array image, we assume (HxWxC) format
INFO 2026-09-28 10:36:56,359 sam2_image_predictor.py: 116: Computing image embeddings for the provided image...
INFO 2026-09-28 10:36:56,367 sam2_image_predictor.py: 129: Image embeddings computed.
INFO 2026-09-28 10:36:56,964 sam2_image_predictor.py: 102: For numpy array image, we assume (HxWxC) format
INFO 2026-09-28 10:36:56,970 sam2_image_predictor.py: 116: Computing image embeddings for the provided image...
INFO 2026-09-28 10:36:56,978 sam2_image_predictor.py: 129: Image embeddings computed.
INFO 2026-09-28 10:36:57,534 sam2_image_predictor.py: 102: For numpy array image, we assume (HxWxC) format
INFO 2026-09-28 10:36:57,539 sam2_image_predictor.py: 116: Computing image embeddings for the provided image...
INFO 2026-09-28 10:36:57,547 sam2_image_predictor.py: 129: Image embeddings computed.
INFO 2026-09-28 10:36:58,087 sam2_image_predictor.py: 102: For numpy array image, we assume (HxWxC) format
INFO 2026-09-28 10:36:58,106 sam2_image_predictor.py: 116: Computing image embeddings for the provided image...
INFO 2026-09-28 10:36:58,114 sam2_image_predictor.py: 129: Image embeddings computed.
INFO 2026-09-28 10:36:58,724 sam2_image_predictor.py: 102: For numpy array image, we assume (HxWxC) format
INFO 2026-09-28 10:36:58,730 sam2_image_predictor.py: 116: Computing image embeddings for the provided image...
INFO 2026-09-28 10:36:58,738 sam2_image_predictor.py: 129: Image embeddings computed.
INFO 2026-09-28 10:36:59,288 sam2_image_predictor.py: 102: For numpy array image, we assume (HxWxC) format
INFO 2026-09-28 10:36:59,307 sam2_image_predictor.py: 116: Computing image embeddings for the provided image...
INFO 2026-09-28 10:36:59,317 sam2_image_predictor.py: 129: Image embeddings computed.
INFO 2026-09-28 10:37:00,064 sam2_image_predictor.py: 102: For numpy array image, we assume (HxWxC) format
INFO 2026-09-28 10:37:00,085 sam2_image_predictor.py: 116: Computing image embeddings for the provided image...
INFO 2026-09-28 10:37:00,092 sam2_image_predictor.py: 129: Image embeddings computed.
INFO 2026-09-28 10:37:00,747 sam2_image_predictor.py: 102: For numpy array image, we assume (HxWxC) format
INFO 2026-09-28 10:37:00,768 sam2_image_predictor.py: 116: Computing image embeddings for the provided image...
INFO 2026-09-28 10:37:00,776 sam2_image_predictor.py: 129: Image embeddings computed.
INFO 2026-09-28 10:37:01,437 best_coco_trainer.py: 114: COCO eval rank 0: 60/100 images
INFO 2026-09-28 10:37:01,461 sam2_image_predictor.py: 102: For numpy array image, we assume (HxWxC) format
INFO 2026-09-28 10:37:01,481 sam2_image_predictor.py: 116: Computing image embeddings for the provided image...
INFO 2026-09-28 10:37:01,490 sam2_image_predictor.py: 129: Image embeddings computed.
INFO 2026-09-28 10:37:02,112 sam2_image_predictor.py: 102: For numpy array image, we assume (HxWxC) format
INFO 2026-09-28 10:37:02,133 sam2_image_predictor.py: 116: Computing image embeddings for the provided image...
INFO 2026-09-28 10:37:02,141 sam2_image_predictor.py: 129: Image embeddings computed.
INFO 2026-09-28 10:37:02,752 sam2_image_predictor.py: 102: For numpy array image, we assume (HxWxC) format
INFO 2026-09-28 10:37:02,758 sam2_image_predictor.py: 116: Computing image embeddings for the provided image...
INFO 2026-09-28 10:37:02,766 sam2_image_predictor.py: 129: Image embeddings computed.
INFO 2026-09-28 10:37:03,426 sam2_image_predictor.py: 102: For numpy array image, we assume (HxWxC) format
INFO 2026-09-28 10:37:03,432 sam2_image_predictor.py: 116: Computing image embeddings for the provided image...
INFO 2026-09-28 10:37:03,440 sam2_image_predictor.py: 129: Image embeddings computed.
INFO 2026-09-28 10:37:04,013 sam2_image_predictor.py: 102: For numpy array image, we assume (HxWxC) format
INFO 2026-09-28 10:37:04,017 sam2_image_predictor.py: 116: Computing image embeddings for the provided image...
INFO 2026-09-28 10:37:04,026 sam2_image_predictor.py: 129: Image embeddings computed.
INFO 2026-09-28 10:37:04,537 sam2_image_predictor.py: 102: For numpy array image, we assume (HxWxC) format
INFO 2026-09-28 10:37:04,542 sam2_image_predictor.py: 116: Computing image embeddings for the provided image...
INFO 2026-09-28 10:37:04,550 sam2_image_predictor.py: 129: Image embeddings computed.
INFO 2026-09-28 10:37:05,104 sam2_image_predictor.py: 102: For numpy array image, we assume (HxWxC) format
INFO 2026-09-28 10:37:05,110 sam2_image_predictor.py: 116: Computing image embeddings for the provided image...
INFO 2026-09-28 10:37:05,119 sam2_image_predictor.py: 129: Image embeddings computed.
INFO 2026-09-28 10:37:05,675 sam2_image_predictor.py: 102: For numpy array image, we assume (HxWxC) format
INFO 2026-09-28 10:37:05,681 sam2_image_predictor.py: 116: Computing image embeddings for the provided image...
INFO 2026-09-28 10:37:05,689 sam2_image_predictor.py: 129: Image embeddings computed.
INFO 2026-09-28 10:37:06,247 sam2_image_predictor.py: 102: For numpy array image, we assume (HxWxC) format
INFO 2026-09-28 10:37:06,270 sam2_image_predictor.py: 116: Computing image embeddings for the provided image...
INFO 2026-09-28 10:37:06,277 sam2_image_predictor.py: 129: Image embeddings computed.
INFO 2026-09-28 10:37:06,928 sam2_image_predictor.py: 102: For numpy array image, we assume (HxWxC) format
INFO 2026-09-28 10:37:06,950 sam2_image_predictor.py: 116: Computing image embeddings for the provided image...
INFO 2026-09-28 10:37:06,958 sam2_image_predictor.py: 129: Image embeddings computed.
INFO 2026-09-28 10:37:07,568 sam2_image_predictor.py: 102: For numpy array image, we assume (HxWxC) format
INFO 2026-09-28 10:37:07,591 sam2_image_predictor.py: 116: Computing image embeddings for the provided image...
INFO 2026-09-28 10:37:07,598 sam2_image_predictor.py: 129: Image embeddings computed.
INFO 2026-09-28 10:37:08,262 sam2_image_predictor.py: 102: For numpy array image, we assume (HxWxC) format
INFO 2026-09-28 10:37:08,284 sam2_image_predictor.py: 116: Computing image embeddings for the provided image...
INFO 2026-09-28 10:37:08,292 sam2_image_predictor.py: 129: Image embeddings computed.
INFO 2026-09-28 10:37:08,957 sam2_image_predictor.py: 102: For numpy array image, we assume (HxWxC) format
INFO 2026-09-28 10:37:08,979 sam2_image_predictor.py: 116: Computing image embeddings for the provided image...
INFO 2026-09-28 10:37:08,987 sam2_image_predictor.py: 129: Image embeddings computed.
INFO 2026-09-28 10:37:09,695 sam2_image_predictor.py: 102: For numpy array image, we assume (HxWxC) format
INFO 2026-09-28 10:37:09,717 sam2_image_predictor.py: 116: Computing image embeddings for the provided image...
INFO 2026-09-28 10:37:09,725 sam2_image_predictor.py: 129: Image embeddings computed.
INFO 2026-09-28 10:37:10,414 sam2_image_predictor.py: 102: For numpy array image, we assume (HxWxC) format
INFO 2026-09-28 10:37:10,433 sam2_image_predictor.py: 116: Computing image embeddings for the provided image...
INFO 2026-09-28 10:37:10,440 sam2_image_predictor.py: 129: Image embeddings computed.
INFO 2026-09-28 10:37:11,050 sam2_image_predictor.py: 102: For numpy array image, we assume (HxWxC) format
INFO 2026-09-28 10:37:11,071 sam2_image_predictor.py: 116: Computing image embeddings for the provided image...
INFO 2026-09-28 10:37:11,079 sam2_image_predictor.py: 129: Image embeddings computed.
INFO 2026-09-28 10:37:11,764 sam2_image_predictor.py: 102: For numpy array image, we assume (HxWxC) format
INFO 2026-09-28 10:37:11,784 sam2_image_predictor.py: 116: Computing image embeddings for the provided image...
INFO 2026-09-28 10:37:11,792 sam2_image_predictor.py: 129: Image embeddings computed.
INFO 2026-09-28 10:37:12,473 sam2_image_predictor.py: 102: For numpy array image, we assume (HxWxC) format
INFO 2026-09-28 10:37:12,507 sam2_image_predictor.py: 116: Computing image embeddings for the provided image...
INFO 2026-09-28 10:37:12,548 sam2_image_predictor.py: 129: Image embeddings computed.
INFO 2026-09-28 10:37:13,180 sam2_image_predictor.py: 102: For numpy array image, we assume (HxWxC) format
INFO 2026-09-28 10:37:13,185 sam2_image_predictor.py: 116: Computing image embeddings for the provided image...
INFO 2026-09-28 10:37:13,193 sam2_image_predictor.py: 129: Image embeddings computed.
INFO 2026-09-28 10:37:13,748 sam2_image_predictor.py: 102: For numpy array image, we assume (HxWxC) format
INFO 2026-09-28 10:37:13,769 sam2_image_predictor.py: 116: Computing image embeddings for the provided image...
INFO 2026-09-28 10:37:13,777 sam2_image_predictor.py: 129: Image embeddings computed.
INFO 2026-09-28 10:37:14,466 best_coco_trainer.py: 114: COCO eval rank 0: 80/100 images
INFO 2026-09-28 10:37:14,502 sam2_image_predictor.py: 102: For numpy array image, we assume (HxWxC) format
INFO 2026-09-28 10:37:14,529 sam2_image_predictor.py: 116: Computing image embeddings for the provided image...
INFO 2026-09-28 10:37:14,537 sam2_image_predictor.py: 129: Image embeddings computed.
INFO 2026-09-28 10:37:15,281 sam2_image_predictor.py: 102: For numpy array image, we assume (HxWxC) format
INFO 2026-09-28 10:37:15,287 sam2_image_predictor.py: 116: Computing image embeddings for the provided image...
INFO 2026-09-28 10:37:15,295 sam2_image_predictor.py: 129: Image embeddings computed.
INFO 2026-09-28 10:37:15,857 sam2_image_predictor.py: 102: For numpy array image, we assume (HxWxC) format
INFO 2026-09-28 10:37:15,870 sam2_image_predictor.py: 116: Computing image embeddings for the provided image...
INFO 2026-09-28 10:37:15,878 sam2_image_predictor.py: 129: Image embeddings computed.
INFO 2026-09-28 10:37:16,455 sam2_image_predictor.py: 102: For numpy array image, we assume (HxWxC) format
INFO 2026-09-28 10:37:16,476 sam2_image_predictor.py: 116: Computing image embeddings for the provided image...
INFO 2026-09-28 10:37:16,484 sam2_image_predictor.py: 129: Image embeddings computed.
INFO 2026-09-28 10:37:17,247 sam2_image_predictor.py: 102: For numpy array image, we assume (HxWxC) format
INFO 2026-09-28 10:37:17,269 sam2_image_predictor.py: 116: Computing image embeddings for the provided image...
INFO 2026-09-28 10:37:17,278 sam2_image_predictor.py: 129: Image embeddings computed.
INFO 2026-09-28 10:37:18,026 sam2_image_predictor.py: 102: For numpy array image, we assume (HxWxC) format
INFO 2026-09-28 10:37:18,146 sam2_image_predictor.py: 116: Computing image embeddings for the provided image...
INFO 2026-09-28 10:37:18,158 sam2_image_predictor.py: 129: Image embeddings computed.
INFO 2026-09-28 10:37:18,977 sam2_image_predictor.py: 102: For numpy array image, we assume (HxWxC) format
INFO 2026-09-28 10:37:18,994 sam2_image_predictor.py: 116: Computing image embeddings for the provided image...
INFO 2026-09-28 10:37:19,005 sam2_image_predictor.py: 129: Image embeddings computed.
INFO 2026-09-28 10:37:19,697 sam2_image_predictor.py: 102: For numpy array image, we assume (HxWxC) format
INFO 2026-09-28 10:37:19,719 sam2_image_predictor.py: 116: Computing image embeddings for the provided image...
INFO 2026-09-28 10:37:19,730 sam2_image_predictor.py: 129: Image embeddings computed.
INFO 2026-09-28 10:37:20,391 sam2_image_predictor.py: 102: For numpy array image, we assume (HxWxC) format
INFO 2026-09-28 10:37:20,411 sam2_image_predictor.py: 116: Computing image embeddings for the provided image...
INFO 2026-09-28 10:37:20,422 sam2_image_predictor.py: 129: Image embeddings computed.
INFO 2026-09-28 10:37:21,112 sam2_image_predictor.py: 102: For numpy array image, we assume (HxWxC) format
INFO 2026-09-28 10:37:21,128 sam2_image_predictor.py: 116: Computing image embeddings for the provided image...
INFO 2026-09-28 10:37:21,136 sam2_image_predictor.py: 129: Image embeddings computed.
INFO 2026-09-28 10:37:21,842 sam2_image_predictor.py: 102: For numpy array image, we assume (HxWxC) format
INFO 2026-09-28 10:37:21,859 sam2_image_predictor.py: 116: Computing image embeddings for the provided image...
INFO 2026-09-28 10:37:21,867 sam2_image_predictor.py: 129: Image embeddings computed.
INFO 2026-09-28 10:37:22,509 sam2_image_predictor.py: 102: For numpy array image, we assume (HxWxC) format
INFO 2026-09-28 10:37:22,528 sam2_image_predictor.py: 116: Computing image embeddings for the provided image...
INFO 2026-09-28 10:37:22,536 sam2_image_predictor.py: 129: Image embeddings computed.
INFO 2026-09-28 10:37:23,181 sam2_image_predictor.py: 102: For numpy array image, we assume (HxWxC) format
INFO 2026-09-28 10:37:23,203 sam2_image_predictor.py: 116: Computing image embeddings for the provided image...
INFO 2026-09-28 10:37:23,211 sam2_image_predictor.py: 129: Image embeddings computed.
INFO 2026-09-28 10:37:23,841 sam2_image_predictor.py: 102: For numpy array image, we assume (HxWxC) format
INFO 2026-09-28 10:37:23,866 sam2_image_predictor.py: 116: Computing image embeddings for the provided image...
INFO 2026-09-28 10:37:23,874 sam2_image_predictor.py: 129: Image embeddings computed.
INFO 2026-09-28 10:37:24,510 sam2_image_predictor.py: 102: For numpy array image, we assume (HxWxC) format
INFO 2026-09-28 10:37:24,531 sam2_image_predictor.py: 116: Computing image embeddings for the provided image...
INFO 2026-09-28 10:37:24,539 sam2_image_predictor.py: 129: Image embeddings computed.
INFO 2026-09-28 10:37:25,332 sam2_image_predictor.py: 102: For numpy array image, we assume (HxWxC) format
INFO 2026-09-28 10:37:25,353 sam2_image_predictor.py: 116: Computing image embeddings for the provided image...
INFO 2026-09-28 10:37:25,361 sam2_image_predictor.py: 129: Image embeddings computed.
INFO 2026-09-28 10:37:26,025 sam2_image_predictor.py: 102: For numpy array image, we assume (HxWxC) format
INFO 2026-09-28 10:37:26,061 sam2_image_predictor.py: 116: Computing image embeddings for the provided image...
INFO 2026-09-28 10:37:26,069 sam2_image_predictor.py: 129: Image embeddings computed.
INFO 2026-09-28 10:37:26,747 sam2_image_predictor.py: 102: For numpy array image, we assume (HxWxC) format
INFO 2026-09-28 10:37:26,776 sam2_image_predictor.py: 116: Computing image embeddings for the provided image...
INFO 2026-09-28 10:37:26,844 sam2_image_predictor.py: 129: Image embeddings computed.
INFO 2026-09-28 10:37:27,459 sam2_image_predictor.py: 102: For numpy array image, we assume (HxWxC) format
INFO 2026-09-28 10:37:27,490 sam2_image_predictor.py: 116: Computing image embeddings for the provided image...
INFO 2026-09-28 10:37:27,546 sam2_image_predictor.py: 129: Image embeddings computed.
INFO 2026-09-28 10:37:28,257 sam2_image_predictor.py: 102: For numpy array image, we assume (HxWxC) format
INFO 2026-09-28 10:37:28,285 sam2_image_predictor.py: 116: Computing image embeddings for the provided image...
INFO 2026-09-28 10:37:28,293 sam2_image_predictor.py: 129: Image embeddings computed.
INFO 2026-09-28 10:37:28,983 best_coco_trainer.py: 114: COCO eval rank 0: 100/100 images
INFO 2026-09-28 10:37:29,871 best_coco_trainer.py: 181: Epoch 1: AP=7.7521; best=7.7521; saved=True
WARNING:root:Skip RandomAffine for zero-area mask in first frame after 1 tentatives
INFO 2026-09-28 10:37:35,903 train_utils.py: 271: Train Epoch: [1][   0/2110] | Batch Time: 5.90 (5.90) | Data Time: 5.70 (5.70) | Mem (GB): 10.00 (10.00/10.00) | Time Elapsed: 00d 00h 15m | Losses/train_all_loss: 4.46e-01 (4.46e-01)
WARNING:root:Skip RandomAffine for zero-area mask in first frame after 1 tentatives
WARNING:root:Skip RandomAffine for zero-area mask in first frame after 1 tentatives
WARNING:root:Skip RandomAffine for zero-area mask in first frame after 1 tentatives
INFO 2026-09-28 10:37:40,905 train_utils.py: 271: Train Epoch: [1][  10/2110] | Batch Time: 0.12 (0.99) | Data Time: 0.00 (0.83) | Mem (GB): 7.00 (9.00/15.00) | Time Elapsed: 00d 00h 15m | Losses/train_all_loss: 9.43e+01 (3.27e+01)
WARNING:root:Skip RandomAffine for zero-area mask in first frame after 1 tentatives
WARNING:root:Skip RandomAffine for zero-area mask in first frame after 1 tentatives
WARNING:root:Skip RandomAffine for zero-area mask in first frame after 1 tentatives
WARNING:root:Skip RandomAffine for zero-area mask in first frame after 1 tentatives
WARNING:root:Skip RandomAffine for zero-area mask in first frame after 1 tentatives
WARNING:root:Skip RandomAffine for zero-area mask in first frame after 1 tentatives
WARNING:root:Skip RandomAffine for zero-area mask in first frame after 1 tentatives
INFO 2026-09-28 10:37:47,811 train_utils.py: 271: Train Epoch: [1][  20/2110] | Batch Time: 2.94 (0.85) | Data Time: 2.71 (0.70) | Mem (GB): 14.00 (8.48/15.00) | Time Elapsed: 00d 00h 15m | Losses/train_all_loss: 2.21e+01 (2.39e+01)
WARNING:root:Skip RandomAffine for zero-area mask in first frame after 1 tentatives
WARNING:root:Skip RandomAffine for zero-area mask in first frame after 1 tentatives
INFO 2026-09-28 10:37:50,449 train_utils.py: 271: Train Epoch: [1][  30/2110] | Batch Time: 0.17 (0.66) | Data Time: 0.00 (0.51) | Mem (GB): 10.00 (8.45/15.00) | Time Elapsed: 00d 00h 15m | Losses/train_all_loss: 9.11e-01 (2.97e+01)
WARNING:root:Skip RandomAffine for zero-area mask in first frame after 1 tentatives
INFO 2026-09-28 10:37:53,366 train_utils.py: 271: Train Epoch: [1][  40/2110] | Batch Time: 0.67 (0.57) | Data Time: 0.56 (0.43) | Mem (GB): 5.00 (7.83/15.00) | Time Elapsed: 00d 00h 15m | Losses/train_all_loss: 2.39e-01 (2.26e+01)
WARNING:root:Skip RandomAffine for zero-area mask in first frame after 1 tentatives
WARNING:root:Skip RandomAffine for zero-area mask in first frame after 1 tentatives
WARNING:root:Skip RandomAffine for zero-area mask in first frame after 1 tentatives
INFO 2026-09-28 10:37:56,437 train_utils.py: 271: Train Epoch: [1][  50/2110] | Batch Time: 0.13 (0.52) | Data Time: 0.00 (0.38) | Mem (GB): 7.00 (7.67/15.00) | Time Elapsed: 00d 00h 15m | Losses/train_all_loss: 2.04e+02 (3.05e+01)
WARNING:root:Skip RandomAffine for zero-area mask in first frame after 1 tentatives
WARNING:root:Skip RandomAffine for zero-area mask in first frame after 1 tentatives
WARNING:root:Skip RandomAffine for zero-area mask in first frame after 1 tentatives
INFO 2026-09-28 10:38:00,764 train_utils.py: 271: Train Epoch: [1][  60/2110] | Batch Time: 0.43 (0.50) | Data Time: 0.29 (0.36) | Mem (GB): 8.00 (7.74/15.00) | Time Elapsed: 00d 00h 16m | Losses/train_all_loss: 6.09e-01 (3.77e+01)
WARNING:root:Skip RandomAffine for zero-area mask in first frame after 1 tentatives
INFO 2026-09-28 10:38:04,274 train_utils.py: 271: Train Epoch: [1][  70/2110] | Batch Time: 0.14 (0.48) | Data Time: 0.00 (0.35) | Mem (GB): 8.00 (7.48/15.00) | Time Elapsed: 00d 00h 16m | Losses/train_all_loss: 1.12e+01 (3.49e+01)
WARNING:root:Skip RandomAffine for zero-area mask in first frame after 1 tentatives
WARNING:root:Skip RandomAffine for zero-area mask in first frame after 1 tentatives
INFO 2026-09-28 10:38:07,562 train_utils.py: 271: Train Epoch: [1][  80/2110] | Batch Time: 0.15 (0.46) | Data Time: 0.00 (0.33) | Mem (GB): 9.00 (7.33/15.00) | Time Elapsed: 00d 00h 16m | Losses/train_all_loss: 6.76e+00 (3.19e+01)
WARNING:root:Skip RandomAffine for zero-area mask in first frame after 1 tentatives
WARNING:root:Skip RandomAffine for zero-area mask in first frame after 1 tentatives
WARNING:root:Skip RandomAffine for zero-area mask in first frame after 1 tentatives
WARNING:root:Skip RandomAffine for zero-area mask in first frame after 1 tentatives
INFO 2026-09-28 10:38:09,505 train_utils.py: 271: Train Epoch: [1][  90/2110] | Batch Time: 0.08 (0.43) | Data Time: 0.00 (0.30) | Mem (GB): 2.00 (7.11/15.00) | Time Elapsed: 00d 00h 16m | Losses/train_all_loss: 5.07e-01 (2.88e+01)
WARNING:root:Skip RandomAffine for zero-area mask in first frame after 1 tentatives
WARNING:root:Skip RandomAffine for zero-area mask in first frame after 1 tentatives
WARNING:root:Skip RandomAffine for zero-area mask in first frame after 1 tentatives
WARNING:root:Skip RandomAffine for zero-area mask in first frame after 1 tentatives
WARNING:root:Skip RandomAffine for zero-area mask in first frame after 1 tentatives
WARNING:root:Skip RandomAffine for zero-area mask in first frame after 1 tentatives
INFO 2026-09-28 10:38:14,427 train_utils.py: 271: Train Epoch: [1][ 100/2110] | Batch Time: 0.24 (0.44) | Data Time: 0.00 (0.31) | Mem (GB): 11.00 (7.13/15.00) | Time Elapsed: 00d 00h 16m | Losses/train_all_loss: 3.52e+01 (3.08e+01)
WARNING:root:Skip RandomAffine for zero-area mask in first frame after 1 tentatives
WARNING:root:Skip RandomAffine for zero-area mask in first frame after 1 tentatives
INFO 2026-09-28 10:38:16,950 train_utils.py: 271: Train Epoch: [1][ 110/2110] | Batch Time: 0.10 (0.42) | Data Time: 0.00 (0.29) | Mem (GB): 4.00 (7.14/15.00) | Time Elapsed: 00d 00h 16m | Losses/train_all_loss: 5.18e-01 (4.08e+01)
WARNING:root:Skip RandomAffine for zero-area mask in first frame after 1 tentatives
WARNING:root:Skip RandomAffine for zero-area mask in first frame after 1 tentatives
WARNING:root:Skip RandomAffine for zero-area mask in first frame after 1 tentatives
WARNING:root:Skip RandomAffine for zero-area mask in first frame after 1 tentatives
WARNING:root:Skip RandomAffine for zero-area mask in first frame after 1 tentatives
INFO 2026-09-28 10:38:19,785 train_utils.py: 271: Train Epoch: [1][ 120/2110] | Batch Time: 0.10 (0.41) | Data Time: 0.00 (0.28) | Mem (GB): 5.00 (7.06/15.00) | Time Elapsed: 00d 00h 16m | Losses/train_all_loss: 1.10e+01 (4.32e+01)
WARNING:root:Skip RandomAffine for zero-area mask in first frame after 1 tentatives
WARNING:root:Skip RandomAffine for zero-area mask in first frame after 1 tentatives
WARNING:root:Skip RandomAffine for zero-area mask in first frame after 1 tentatives
WARNING:root:Skip RandomAffine for zero-area mask in first frame after 1 tentatives
WARNING:root:Skip RandomAffine for zero-area mask in first frame after 1 tentatives
INFO 2026-09-28 10:38:23,119 train_utils.py: 271: Train Epoch: [1][ 130/2110] | Batch Time: 0.86 (0.41) | Data Time: 0.71 (0.27) | Mem (GB): 9.00 (6.99/15.00) | Time Elapsed: 00d 00h 16m | Losses/train_all_loss: 9.52e+00 (4.45e+01)
WARNING:root:Skip RandomAffine for zero-area mask in first frame after 1 tentatives
WARNING:root:Skip RandomAffine for zero-area mask in first frame after 1 tentatives
WARNING:root:Skip RandomAffine for zero-area mask in first frame after 1 tentatives
WARNING:root:Skip RandomAffine for zero-area mask in first frame after 1 tentatives
WARNING:root:Skip RandomAffine for zero-area mask in first frame after 1 tentatives
INFO 2026-09-28 10:38:25,705 train_utils.py: 271: Train Epoch: [1][ 140/2110] | Batch Time: 0.90 (0.40) | Data Time: 0.69 (0.26) | Mem (GB): 14.00 (7.05/15.00) | Time Elapsed: 00d 00h 16m | Losses/train_all_loss: 5.62e+00 (4.25e+01)
WARNING:root:Skip RandomAffine for zero-area mask in first frame after 1 tentatives
WARNING:root:Skip RandomAffine for zero-area mask in first frame after 1 tentatives
WARNING:root:Skip RandomAffine for zero-area mask in first frame after 1 tentatives
WARNING:root:Skip RandomAffine for zero-area mask in first frame after 1 tentatives
INFO 2026-09-28 10:38:28,581 train_utils.py: 271: Train Epoch: [1][ 150/2110] | Batch Time: 0.44 (0.39) | Data Time: 0.35 (0.26) | Mem (GB): 4.00 (7.04/15.00) | Time Elapsed: 00d 00h 16m | Losses/train_all_loss: 2.74e+01 (4.17e+01)
WARNING:root:Skip RandomAffine for zero-area mask in first frame after 1 tentatives
WARNING:root:Skip RandomAffine for zero-area mask in first frame after 1 tentatives
WARNING:root:Skip RandomAffine for zero-area mask in first frame after 1 tentatives
WARNING:root:Skip RandomAffine for zero-area mask in first frame after 1 tentatives
WARNING:root:Skip RandomAffine for zero-area mask in first frame after 1 tentatives
INFO 2026-09-28 10:38:32,279 train_utils.py: 271: Train Epoch: [1][ 160/2110] | Batch Time: 0.11 (0.39) | Data Time: 0.00 (0.25) | Mem (GB): 6.00 (7.19/15.00) | Time Elapsed: 00d 00h 16m | Losses/train_all_loss: 3.93e-01 (4.13e+01)
WARNING:root:Skip RandomAffine for zero-area mask in first frame after 1 tentatives
WARNING:root:Skip RandomAffine for zero-area mask in first frame after 1 tentatives
INFO 2026-09-28 10:38:34,841 train_utils.py: 271: Train Epoch: [1][ 170/2110] | Batch Time: 1.03 (0.38) | Data Time: 0.84 (0.25) | Mem (GB): 13.00 (7.10/15.00) | Time Elapsed: 00d 00h 16m | Losses/train_all_loss: 8.91e+01 (4.41e+01)
WARNING:root:Skip RandomAffine for zero-area mask in first frame after 1 tentatives
WARNING:root:Skip RandomAffine for zero-area mask in first frame after 1 tentatives
WARNING:root:Skip RandomAffine for zero-area mask in first frame after 1 tentatives
WARNING:root:Skip RandomAffine for zero-area mask in first frame after 1 tentatives
INFO 2026-09-28 10:38:39,931 train_utils.py: 271: Train Epoch: [1][ 180/2110] | Batch Time: 0.16 (0.39) | Data Time: 0.00 (0.25) | Mem (GB): 10.00 (7.23/15.00) | Time Elapsed: 00d 00h 16m | Losses/train_all_loss: 8.36e+00 (4.48e+01)
INFO 2026-09-28 10:38:43,385 train_utils.py: 271: Train Epoch: [1][ 190/2110] | Batch Time: 0.18 (0.38) | Data Time: 0.00 (0.25) | Mem (GB): 10.00 (7.21/15.00) | Time Elapsed: 00d 00h 16m | Losses/train_all_loss: 8.48e+01 (4.43e+01)
WARNING:root:Skip RandomAffine for zero-area mask in first frame after 1 tentatives
WARNING:root:Skip RandomAffine for zero-area mask in first frame after 1 tentatives
WARNING:root:Skip RandomAffine for zero-area mask in first frame after 1 tentatives
INFO 2026-09-28 10:38:46,861 train_utils.py: 271: Train Epoch: [1][ 200/2110] | Batch Time: 0.95 (0.38) | Data Time: 0.79 (0.25) | Mem (GB): 8.00 (7.14/15.00) | Time Elapsed: 00d 00h 16m | Losses/train_all_loss: 3.53e-01 (4.40e+01)
WARNING:root:Skip RandomAffine for zero-area mask in first frame after 1 tentatives
WARNING:root:Skip RandomAffine for zero-area mask in first frame after 1 tentatives
WARNING:root:Skip RandomAffine for zero-area mask in first frame after 1 tentatives
INFO 2026-09-28 10:38:50,126 train_utils.py: 271: Train Epoch: [1][ 210/2110] | Batch Time: 0.12 (0.38) | Data Time: 0.00 (0.25) | Mem (GB): 6.00 (7.19/15.00) | Time Elapsed: 00d 00h 16m | Losses/train_all_loss: 3.80e-01 (4.31e+01)
WARNING:root:Skip RandomAffine for zero-area mask in first frame after 1 tentatives
WARNING:root:Skip RandomAffine for zero-area mask in first frame after 1 tentatives
WARNING:root:Skip RandomAffine for zero-area mask in first frame after 1 tentatives
WARNING:root:Skip RandomAffine for zero-area mask in first frame after 1 tentatives
WARNING:root:Skip RandomAffine for zero-area mask in first frame after 1 tentatives
WARNING:root:Skip RandomAffine for zero-area mask in first frame after 1 tentatives
INFO 2026-09-28 10:38:55,602 train_utils.py: 271: Train Epoch: [1][ 220/2110] | Batch Time: 0.16 (0.39) | Data Time: 0.00 (0.25) | Mem (GB): 8.00 (7.21/15.00) | Time Elapsed: 00d 00h 16m | Losses/train_all_loss: 2.24e+01 (4.28e+01)
WARNING:root:Skip RandomAffine for zero-area mask in first frame after 1 tentatives
WARNING:root:Skip RandomAffine for zero-area mask in first frame after 1 tentatives
WARNING:root:Skip RandomAffine for zero-area mask in first frame after 1 tentatives
INFO 2026-09-28 10:38:58,276 train_utils.py: 271: Train Epoch: [1][ 230/2110] | Batch Time: 0.16 (0.38) | Data Time: 0.00 (0.25) | Mem (GB): 9.00 (7.27/15.00) | Time Elapsed: 00d 00h 16m | Losses/train_all_loss: 1.90e+01 (4.17e+01)
WARNING:root:Skip RandomAffine for zero-area mask in first frame after 1 tentatives
WARNING:root:Skip RandomAffine for zero-area mask in first frame after 1 tentatives
INFO 2026-09-28 10:39:01,816 train_utils.py: 271: Train Epoch: [1][ 240/2110] | Batch Time: 0.10 (0.38) | Data Time: 0.00 (0.25) | Mem (GB): 5.00 (7.25/15.00) | Time Elapsed: 00d 00h 17m | Losses/train_all_loss: 1.24e+01 (4.03e+01)
WARNING:root:Skip RandomAffine for zero-area mask in first frame after 1 tentatives
WARNING:root:Skip RandomAffine for zero-area mask in first frame after 1 tentatives
INFO 2026-09-28 10:39:06,389 train_utils.py: 271: Train Epoch: [1][ 250/2110] | Batch Time: 0.07 (0.38) | Data Time: 0.00 (0.25) | Mem (GB): 2.00 (7.26/15.00) | Time Elapsed: 00d 00h 17m | Losses/train_all_loss: 2.26e-01 (4.06e+01)
WARNING:root:Skip RandomAffine for zero-area mask in first frame after 1 tentatives
INFO 2026-09-28 10:39:09,374 train_utils.py: 271: Train Epoch: [1][ 260/2110] | Batch Time: 0.66 (0.38) | Data Time: 0.53 (0.25) | Mem (GB): 7.00 (7.25/15.00) | Time Elapsed: 00d 00h 17m | Losses/train_all_loss: 2.72e+00 (3.98e+01)
WARNING:root:Skip RandomAffine for zero-area mask in first frame after 1 tentatives
WARNING:root:Skip RandomAffine for zero-area mask in first frame after 1 tentatives
INFO 2026-09-28 10:39:12,256 train_utils.py: 271: Train Epoch: [1][ 270/2110] | Batch Time: 0.13 (0.38) | Data Time: 0.00 (0.24) | Mem (GB): 6.00 (7.21/15.00) | Time Elapsed: 00d 00h 17m | Losses/train_all_loss: 4.45e+01 (4.15e+01)
WARNING:root:Skip RandomAffine for zero-area mask in first frame after 1 tentatives
WARNING:root:Skip RandomAffine for zero-area mask in first frame after 1 tentatives
WARNING:root:Skip RandomAffine for zero-area mask in first frame after 1 tentatives
INFO 2026-09-28 10:39:16,283 train_utils.py: 271: Train Epoch: [1][ 280/2110] | Batch Time: 0.54 (0.38) | Data Time: 0.41 (0.24) | Mem (GB): 7.00 (7.22/15.00) | Time Elapsed: 00d 00h 17m | Losses/train_all_loss: 7.39e+01 (4.14e+01)
WARNING:root:Skip RandomAffine for zero-area mask in first frame after 1 tentatives
WARNING:root:Skip RandomAffine for zero-area mask in first frame after 1 tentatives
WARNING:root:Skip RandomAffine for zero-area mask in first frame after 1 tentatives
INFO 2026-09-28 10:39:18,873 train_utils.py: 271: Train Epoch: [1][ 290/2110] | Batch Time: 0.10 (0.37) | Data Time: 0.00 (0.24) | Mem (GB): 5.00 (7.21/15.00) | Time Elapsed: 00d 00h 17m | Losses/train_all_loss: 4.68e-01 (4.08e+01)
WARNING:root:Skip RandomAffine for zero-area mask in first frame after 1 tentatives
WARNING:root:Skip RandomAffine for zero-area mask in first frame after 1 tentatives
WARNING:root:Skip RandomAffine for zero-area mask in first frame after 1 tentatives
WARNING:root:Skip RandomAffine for zero-area mask in first frame after 1 tentatives
INFO 2026-09-28 10:39:21,563 train_utils.py: 271: Train Epoch: [1][ 300/2110] | Batch Time: 0.42 (0.37) | Data Time: 0.30 (0.24) | Mem (GB): 4.00 (7.19/15.00) | Time Elapsed: 00d 00h 17m | Losses/train_all_loss: 5.98e-01 (4.14e+01)
WARNING:root:Skip RandomAffine for zero-area mask in first frame after 1 tentatives
WARNING:root:Skip RandomAffine for zero-area mask in first frame after 1 tentatives
WARNING:root:Skip RandomAffine for zero-area mask in first frame after 1 tentatives
WARNING:root:Skip RandomAffine for zero-area mask in first frame after 1 tentatives
WARNING:root:Skip RandomAffine for zero-area mask in first frame after 1 tentatives
WARNING:root:Skip RandomAffine for zero-area mask in first frame after 1 tentatives
INFO 2026-09-28 10:39:25,036 train_utils.py: 271: Train Epoch: [1][ 310/2110] | Batch Time: 0.09 (0.37) | Data Time: 0.00 (0.24) | Mem (GB): 4.00 (7.16/15.00) | Time Elapsed: 00d 00h 17m | Losses/train_all_loss: 1.18e+00 (4.09e+01)
WARNING:root:Skip RandomAffine for zero-area mask in first frame after 1 tentatives
WARNING:root:Skip RandomAffine for zero-area mask in first frame after 1 tentatives
INFO 2026-09-28 10:39:27,732 train_utils.py: 271: Train Epoch: [1][ 320/2110] | Batch Time: 0.11 (0.37) | Data Time: 0.00 (0.23) | Mem (GB): 3.00 (7.12/15.00) | Time Elapsed: 00d 00h 17m | Losses/train_all_loss: 2.20e+02 (4.13e+01)
WARNING:root:Skip RandomAffine for zero-area mask in first frame after 1 tentatives
WARNING:root:Skip RandomAffine for zero-area mask in first frame after 1 tentatives
WARNING:root:Skip RandomAffine for zero-area mask in first frame after 1 tentatives
INFO 2026-09-28 10:39:29,809 train_utils.py: 271: Train Epoch: [1][ 330/2110] | Batch Time: 0.47 (0.36) | Data Time: 0.31 (0.23) | Mem (GB): 9.00 (7.10/15.00) | Time Elapsed: 00d 00h 17m | Losses/train_all_loss: 1.02e+02 (4.05e+01)
WARNING:root:Skip RandomAffine for zero-area mask in first frame after 1 tentatives
INFO 2026-09-28 10:39:34,980 train_utils.py: 271: Train Epoch: [1][ 340/2110] | Batch Time: 0.65 (0.37) | Data Time: 0.41 (0.23) | Mem (GB): 15.00 (7.15/15.00) | Time Elapsed: 00d 00h 17m | Losses/train_all_loss: 5.63e+00 (4.00e+01)
WARNING:root:Skip RandomAffine for zero-area mask in first frame after 1 tentatives
WARNING:root:Skip RandomAffine for zero-area mask in first frame after 1 tentatives
INFO 2026-09-28 10:39:38,031 train_utils.py: 271: Train Epoch: [1][ 350/2110] | Batch Time: 0.07 (0.36) | Data Time: 0.00 (0.23) | Mem (GB): 2.00 (7.16/15.00) | Time Elapsed: 00d 00h 17m | Losses/train_all_loss: 6.37e+02 (4.51e+01)
WARNING:root:Skip RandomAffine for zero-area mask in first frame after 1 tentatives
WARNING:root:Skip RandomAffine for zero-area mask in first frame after 1 tentatives
WARNING:root:Skip RandomAffine for zero-area mask in first frame after 1 tentatives
INFO 2026-09-28 10:39:40,831 train_utils.py: 271: Train Epoch: [1][ 360/2110] | Batch Time: 0.42 (0.36) | Data Time: 0.30 (0.23) | Mem (GB): 6.00 (7.16/15.00) | Time Elapsed: 00d 00h 17m | Losses/train_all_loss: 9.11e-01 (4.42e+01)
WARNING:root:Skip RandomAffine for zero-area mask in first frame after 1 tentatives
WARNING:root:Skip RandomAffine for zero-area mask in first frame after 1 tentatives
WARNING:root:Skip RandomAffine for zero-area mask in first frame after 1 tentatives
WARNING:root:Skip RandomAffine for zero-area mask in first frame after 1 tentatives
WARNING:root:Skip RandomAffine for zero-area mask in first frame after 1 tentatives
WARNING:root:Skip RandomAffine for zero-area mask in first frame after 1 tentatives
WARNING:root:Skip RandomAffine for zero-area mask in first frame after 1 tentatives
INFO 2026-09-28 10:39:46,394 train_utils.py: 271: Train Epoch: [1][ 370/2110] | Batch Time: 0.22 (0.37) | Data Time: 0.00 (0.23) | Mem (GB): 15.00 (7.19/15.00) | Time Elapsed: 00d 00h 17m | Losses/train_all_loss: 8.26e-01 (4.33e+01)
WARNING:root:Skip RandomAffine for zero-area mask in first frame after 1 tentatives
WARNING:root:Skip RandomAffine for zero-area mask in first frame after 1 tentatives
INFO 2026-09-28 10:39:50,204 train_utils.py: 271: Train Epoch: [1][ 380/2110] | Batch Time: 0.55 (0.37) | Data Time: 0.42 (0.23) | Mem (GB): 7.00 (7.23/15.00) | Time Elapsed: 00d 00h 17m | Losses/train_all_loss: 9.77e+01 (4.29e+01)
WARNING:root:Skip RandomAffine for zero-area mask in first frame after 1 tentatives
WARNING:root:Skip RandomAffine for zero-area mask in first frame after 1 tentatives
WARNING:root:Skip RandomAffine for zero-area mask in first frame after 1 tentatives
WARNING:root:Skip RandomAffine for zero-area mask in first frame after 1 tentatives
INFO 2026-09-28 10:39:56,067 train_utils.py: 271: Train Epoch: [1][ 390/2110] | Batch Time: 0.14 (0.37) | Data Time: 0.00 (0.24) | Mem (GB): 8.00 (7.31/15.00) | Time Elapsed: 00d 00h 17m | Losses/train_all_loss: 2.27e+00 (4.44e+01)
WARNING:root:Skip RandomAffine for zero-area mask in first frame after 1 tentatives
WARNING:root:Skip RandomAffine for zero-area mask in first frame after 1 tentatives
WARNING:root:Skip RandomAffine for zero-area mask in first frame after 1 tentatives
INFO 2026-09-28 10:39:59,663 train_utils.py: 271: Train Epoch: [1][ 400/2110] | Batch Time: 2.09 (0.37) | Data Time: 1.87 (0.24) | Mem (GB): 13.00 (7.28/15.00) | Time Elapsed: 00d 00h 18m | Losses/train_all_loss: 5.92e+01 (4.42e+01)
WARNING:root:Skip RandomAffine for zero-area mask in first frame after 1 tentatives
WARNING:root:Skip RandomAffine for zero-area mask in first frame after 1 tentatives
INFO 2026-09-28 10:40:02,400 train_utils.py: 271: Train Epoch: [1][ 410/2110] | Batch Time: 0.15 (0.37) | Data Time: 0.00 (0.24) | Mem (GB): 9.00 (7.25/15.00) | Time Elapsed: 00d 00h 18m | Losses/train_all_loss: 6.35e-01 (4.41e+01)
WARNING:root:Skip RandomAffine for zero-area mask in first frame after 1 tentatives
WARNING:root:Skip RandomAffine for zero-area mask in first frame after 1 tentatives
WARNING:root:Skip RandomAffine for zero-area mask in first frame after 1 tentatives
WARNING:root:Skip RandomAffine for zero-area mask in first frame after 1 tentatives
INFO 2026-09-28 10:40:07,141 train_utils.py: 271: Train Epoch: [1][ 420/2110] | Batch Time: 2.14 (0.37) | Data Time: 1.90 (0.24) | Mem (GB): 15.00 (7.25/15.00) | Time Elapsed: 00d 00h 18m | Losses/train_all_loss: 1.25e+01 (4.45e+01)
WARNING:root:Skip RandomAffine for zero-area mask in first frame after 1 tentatives
WARNING:root:Skip RandomAffine for zero-area mask in first frame after 1 tentatives
WARNING:root:Skip RandomAffine for zero-area mask in first frame after 1 tentatives
INFO 2026-09-28 10:40:11,307 train_utils.py: 271: Train Epoch: [1][ 430/2110] | Batch Time: 0.20 (0.37) | Data Time: 0.00 (0.24) | Mem (GB): 13.00 (7.29/15.00) | Time Elapsed: 00d 00h 18m | Losses/train_all_loss: 3.25e+01 (4.53e+01)
WARNING:root:Skip RandomAffine for zero-area mask in first frame after 1 tentatives
WARNING:root:Skip RandomAffine for zero-area mask in first frame after 1 tentatives
WARNING:root:Skip RandomAffine for zero-area mask in first frame after 1 tentatives
WARNING:root:Skip RandomAffine for zero-area mask in first frame after 1 tentatives
INFO 2026-09-28 10:40:13,786 train_utils.py: 271: Train Epoch: [1][ 440/2110] | Batch Time: 0.09 (0.37) | Data Time: 0.00 (0.24) | Mem (GB): 3.00 (7.28/15.00) | Time Elapsed: 00d 00h 18m | Losses/train_all_loss: 5.75e-01 (4.50e+01)
WARNING:root:Skip RandomAffine for zero-area mask in first frame after 1 tentatives
WARNING:root:Skip RandomAffine for zero-area mask in first frame after 1 tentatives
INFO 2026-09-28 10:40:16,401 train_utils.py: 271: Train Epoch: [1][ 450/2110] | Batch Time: 0.14 (0.37) | Data Time: 0.00 (0.23) | Mem (GB): 8.00 (7.26/15.00) | Time Elapsed: 00d 00h 18m | Losses/train_all_loss: 8.95e+00 (4.43e+01)
WARNING:root:Skip RandomAffine for zero-area mask in first frame after 1 tentatives
WARNING:root:Skip RandomAffine for zero-area mask in first frame after 1 tentatives
INFO 2026-09-28 10:40:20,289 train_utils.py: 271: Train Epoch: [1][ 460/2110] | Batch Time: 0.12 (0.37) | Data Time: 0.00 (0.23) | Mem (GB): 4.00 (7.29/15.00) | Time Elapsed: 00d 00h 18m | Losses/train_all_loss: 2.64e-01 (4.38e+01)
WARNING:root:Skip RandomAffine for zero-area mask in first frame after 1 tentatives
WARNING:root:Skip RandomAffine for zero-area mask in first frame after 1 tentatives
INFO 2026-09-28 10:40:23,456 train_utils.py: 271: Train Epoch: [1][ 470/2110] | Batch Time: 0.16 (0.37) | Data Time: 0.00 (0.23) | Mem (GB): 8.00 (7.25/15.00) | Time Elapsed: 00d 00h 18m | Losses/train_all_loss: 2.04e+01 (4.31e+01)
WARNING:root:Skip RandomAffine for zero-area mask in first frame after 1 tentatives
WARNING:root:Skip RandomAffine for zero-area mask in first frame after 1 tentatives
WARNING:root:Skip RandomAffine for zero-area mask in first frame after 1 tentatives
WARNING:root:Skip RandomAffine for zero-area mask in first frame after 1 tentatives
INFO 2026-09-28 10:40:28,006 train_utils.py: 271: Train Epoch: [1][ 480/2110] | Batch Time: 1.58 (0.37) | Data Time: 1.38 (0.23) | Mem (GB): 10.00 (7.28/15.00) | Time Elapsed: 00d 00h 18m | Losses/train_all_loss: 6.54e-01 (4.30e+01)
WARNING:root:Skip RandomAffine for zero-area mask in first frame after 1 tentatives
WARNING:root:Skip RandomAffine for zero-area mask in first frame after 1 tentatives
WARNING:root:Skip RandomAffine for zero-area mask in first frame after 1 tentatives
INFO 2026-09-28 10:40:31,639 train_utils.py: 271: Train Epoch: [1][ 490/2110] | Batch Time: 0.11 (0.37) | Data Time: 0.00 (0.23) | Mem (GB): 5.00 (7.28/15.00) | Time Elapsed: 00d 00h 18m | Losses/train_all_loss: 2.63e-01 (4.26e+01)
WARNING:root:Skip RandomAffine for zero-area mask in first frame after 1 tentatives
WARNING:root:Skip RandomAffine for zero-area mask in first frame after 1 tentatives
INFO 2026-09-28 10:40:33,239 train_utils.py: 271: Train Epoch: [1][ 500/2110] | Batch Time: 0.12 (0.37) | Data Time: 0.00 (0.23) | Mem (GB): 5.00 (7.28/15.00) | Time Elapsed: 00d 00h 18m | Losses/train_all_loss: 6.21e-01 (4.22e+01)
WARNING:root:Skip RandomAffine for zero-area mask in first frame after 1 tentatives
WARNING:root:Skip RandomAffine for zero-area mask in first frame after 1 tentatives
INFO 2026-09-28 10:40:37,842 train_utils.py: 271: Train Epoch: [1][ 510/2110] | Batch Time: 0.79 (0.37) | Data Time: 0.66 (0.23) | Mem (GB): 6.00 (7.29/15.00) | Time Elapsed: 00d 00h 18m | Losses/train_all_loss: 3.30e-01 (4.15e+01)
WARNING:root:Skip RandomAffine for zero-area mask in first frame after 1 tentatives
WARNING:root:Skip RandomAffine for zero-area mask in first frame after 1 tentatives
WARNING:root:Skip RandomAffine for zero-area mask in first frame after 1 tentatives
WARNING:root:Skip RandomAffine for zero-area mask in first frame after 1 tentatives
INFO 2026-09-28 10:40:40,946 train_utils.py: 271: Train Epoch: [1][ 520/2110] | Batch Time: 0.21 (0.37) | Data Time: 0.00 (0.23) | Mem (GB): 13.00 (7.30/15.00) | Time Elapsed: 00d 00h 18m | Losses/train_all_loss: 6.65e+01 (4.15e+01)
WARNING:root:Skip RandomAffine for zero-area mask in first frame after 1 tentatives
WARNING:root:Skip RandomAffine for zero-area mask in first frame after 1 tentatives
INFO 2026-09-28 10:40:42,887 train_utils.py: 271: Train Epoch: [1][ 530/2110] | Batch Time: 0.29 (0.36) | Data Time: 0.17 (0.23) | Mem (GB): 3.00 (7.27/15.00) | Time Elapsed: 00d 00h 18m | Losses/train_all_loss: 2.65e+00 (4.14e+01)
WARNING:root:Skip RandomAffine for zero-area mask in first frame after 1 tentatives
WARNING:root:Skip RandomAffine for zero-area mask in first frame after 1 tentatives
WARNING:root:Skip RandomAffine for zero-area mask in first frame after 1 tentatives
INFO 2026-09-28 10:40:48,936 train_utils.py: 271: Train Epoch: [1][ 540/2110] | Batch Time: 0.15 (0.37) | Data Time: 0.00 (0.23) | Mem (GB): 9.00 (7.31/15.00) | Time Elapsed: 00d 00h 18m | Losses/train_all_loss: 5.27e+01 (4.10e+01)
WARNING:root:Skip RandomAffine for zero-area mask in first frame after 1 tentatives
WARNING:root:Skip RandomAffine for zero-area mask in first frame after 1 tentatives
WARNING:root:Skip RandomAffine for zero-area mask in first frame after 1 tentatives
INFO 2026-09-28 10:40:52,007 train_utils.py: 271: Train Epoch: [1][ 550/2110] | Batch Time: 0.69 (0.37) | Data Time: 0.50 (0.23) | Mem (GB): 11.00 (7.31/15.00) | Time Elapsed: 00d 00h 18m | Losses/train_all_loss: 4.88e+00 (4.16e+01)
WARNING:root:Skip RandomAffine for zero-area mask in first frame after 1 tentatives
INFO 2026-09-28 10:40:54,731 train_utils.py: 271: Train Epoch: [1][ 560/2110] | Batch Time: 0.09 (0.36) | Data Time: 0.00 (0.23) | Mem (GB): 4.00 (7.27/15.00) | Time Elapsed: 00d 00h 18m | Losses/train_all_loss: 2.86e+02 (4.22e+01)
WARNING:root:Skip RandomAffine for zero-area mask in first frame after 1 tentatives
WARNING:root:Skip RandomAffine for zero-area mask in first frame after 1 tentatives
INFO 2026-09-28 10:40:58,154 train_utils.py: 271: Train Epoch: [1][ 570/2110] | Batch Time: 0.08 (0.36) | Data Time: 0.00 (0.23) | Mem (GB): 3.00 (7.25/15.00) | Time Elapsed: 00d 00h 18m | Losses/train_all_loss: 2.20e+01 (4.20e+01)
WARNING:root:Skip RandomAffine for zero-area mask in first frame after 1 tentatives
WARNING:root:Skip RandomAffine for zero-area mask in first frame after 1 tentatives
WARNING:root:Skip RandomAffine for zero-area mask in first frame after 1 tentatives
WARNING:root:Skip RandomAffine for zero-area mask in first frame after 1 tentatives
INFO 2026-09-28 10:41:02,729 train_utils.py: 271: Train Epoch: [1][ 580/2110] | Batch Time: 0.83 (0.37) | Data Time: 0.69 (0.23) | Mem (GB): 7.00 (7.25/15.00) | Time Elapsed: 00d 00h 19m | Losses/train_all_loss: 1.04e+02 (4.22e+01)
WARNING:root:Skip RandomAffine for zero-area mask in first frame after 1 tentatives
WARNING:root:Skip RandomAffine for zero-area mask in first frame after 1 tentatives
INFO 2026-09-28 10:41:05,395 train_utils.py: 271: Train Epoch: [1][ 590/2110] | Batch Time: 0.10 (0.36) | Data Time: 0.00 (0.23) | Mem (GB): 3.00 (7.24/15.00) | Time Elapsed: 00d 00h 19m | Losses/train_all_loss: 4.99e-01 (4.27e+01)
WARNING:root:Skip RandomAffine for zero-area mask in first frame after 1 tentatives
WARNING:root:Skip RandomAffine for zero-area mask in first frame after 1 tentatives
INFO 2026-09-28 10:41:09,447 train_utils.py: 271: Train Epoch: [1][ 600/2110] | Batch Time: 0.38 (0.37) | Data Time: 0.23 (0.23) | Mem (GB): 5.00 (7.25/15.00) | Time Elapsed: 00d 00h 19m | Losses/train_all_loss: 4.54e-01 (4.23e+01)
WARNING:root:Skip RandomAffine for zero-area mask in first frame after 1 tentatives
WARNING:root:Skip RandomAffine for zero-area mask in first frame after 1 tentatives
INFO 2026-09-28 10:41:13,072 train_utils.py: 271: Train Epoch: [1][ 610/2110] | Batch Time: 0.10 (0.37) | Data Time: 0.00 (0.23) | Mem (GB): 5.00 (7.23/15.00) | Time Elapsed: 00d 00h 19m | Losses/train_all_loss: 1.67e+02 (4.20e+01)
WARNING:root:Skip RandomAffine for zero-area mask in first frame after 1 tentatives
WARNING:root:Skip RandomAffine for zero-area mask in first frame after 1 tentatives
WARNING:root:Skip RandomAffine for zero-area mask in first frame after 1 tentatives
INFO 2026-09-28 10:41:16,425 train_utils.py: 271: Train Epoch: [1][ 620/2110] | Batch Time: 0.46 (0.36) | Data Time: 0.37 (0.23) | Mem (GB): 4.00 (7.24/15.00) | Time Elapsed: 00d 00h 19m | Losses/train_all_loss: 5.87e-01 (4.19e+01)
WARNING:root:Skip RandomAffine for zero-area mask in first frame after 1 tentatives
INFO 2026-09-28 10:41:19,754 train_utils.py: 271: Train Epoch: [1][ 630/2110] | Batch Time: 0.12 (0.36) | Data Time: 0.00 (0.23) | Mem (GB): 3.00 (7.23/15.00) | Time Elapsed: 00d 00h 19m | Losses/train_all_loss: 4.79e-01 (4.17e+01)
WARNING:root:Skip RandomAffine for zero-area mask in first frame after 1 tentatives
WARNING:root:Skip RandomAffine for zero-area mask in first frame after 1 tentatives
WARNING:root:Skip RandomAffine for zero-area mask in first frame after 1 tentatives
INFO 2026-09-28 10:41:23,990 train_utils.py: 271: Train Epoch: [1][ 640/2110] | Batch Time: 1.68 (0.37) | Data Time: 1.41 (0.23) | Mem (GB): 15.00 (7.23/15.00) | Time Elapsed: 00d 00h 19m | Losses/train_all_loss: 1.98e+01 (4.14e+01)
WARNING:root:Skip RandomAffine for zero-area mask in first frame after 1 tentatives
WARNING:root:Skip RandomAffine for zero-area mask in first frame after 1 tentatives
INFO 2026-09-28 10:41:27,083 train_utils.py: 271: Train Epoch: [1][ 650/2110] | Batch Time: 0.09 (0.36) | Data Time: 0.00 (0.23) | Mem (GB): 4.00 (7.24/15.00) | Time Elapsed: 00d 00h 19m | Losses/train_all_loss: 1.95e+02 (4.12e+01)
WARNING:root:Skip RandomAffine for zero-area mask in first frame after 1 tentatives
WARNING:root:Skip RandomAffine for zero-area mask in first frame after 1 tentatives
WARNING:root:Skip RandomAffine for zero-area mask in first frame after 1 tentatives
WARNING:root:Skip RandomAffine for zero-area mask in first frame after 1 tentatives
WARNING:root:Skip RandomAffine for zero-area mask in first frame after 1 tentatives
WARNING:root:Skip RandomAffine for zero-area mask in first frame after 1 tentatives
WARNING:root:Skip RandomAffine for zero-area mask in first frame after 1 tentatives
INFO 2026-09-28 10:41:31,387 train_utils.py: 271: Train Epoch: [1][ 660/2110] | Batch Time: 0.97 (0.37) | Data Time: 0.79 (0.23) | Mem (GB): 11.00 (7.24/15.00) | Time Elapsed: 00d 00h 19m | Losses/train_all_loss: 8.05e+01 (4.09e+01)
WARNING:root:Skip RandomAffine for zero-area mask in first frame after 1 tentatives
WARNING:root:Skip RandomAffine for zero-area mask in first frame after 1 tentatives
WARNING:root:Skip RandomAffine for zero-area mask in first frame after 1 tentatives
WARNING:root:Skip RandomAffine for zero-area mask in first frame after 1 tentatives
INFO 2026-09-28 10:41:34,397 train_utils.py: 271: Train Epoch: [1][ 670/2110] | Batch Time: 0.98 (0.36) | Data Time: 0.83 (0.23) | Mem (GB): 8.00 (7.26/15.00) | Time Elapsed: 00d 00h 19m | Losses/train_all_loss: 2.50e-01 (4.05e+01)
WARNING:root:Skip RandomAffine for zero-area mask in first frame after 1 tentatives
WARNING:root:Skip RandomAffine for zero-area mask in first frame after 1 tentatives
WARNING:root:Skip RandomAffine for zero-area mask in first frame after 1 tentatives
WARNING:root:Skip RandomAffine for zero-area mask in first frame after 1 tentatives
INFO 2026-09-28 10:41:37,295 train_utils.py: 271: Train Epoch: [1][ 680/2110] | Batch Time: 0.08 (0.36) | Data Time: 0.00 (0.23) | Mem (GB): 2.00 (7.26/15.00) | Time Elapsed: 00d 00h 19m | Losses/train_all_loss: 4.39e-01 (4.09e+01)
WARNING:root:Skip RandomAffine for zero-area mask in first frame after 1 tentatives
WARNING:root:Skip RandomAffine for zero-area mask in first frame after 1 tentatives
WARNING:root:Skip RandomAffine for zero-area mask in first frame after 1 tentatives
INFO 2026-09-28 10:41:41,675 train_utils.py: 271: Train Epoch: [1][ 690/2110] | Batch Time: 1.32 (0.36) | Data Time: 1.15 (0.23) | Mem (GB): 8.00 (7.27/15.00) | Time Elapsed: 00d 00h 19m | Losses/train_all_loss: 3.34e+00 (4.09e+01)
WARNING:root:Skip RandomAffine for zero-area mask in first frame after 1 tentatives
INFO 2026-09-28 10:41:44,788 train_utils.py: 271: Train Epoch: [1][ 700/2110] | Batch Time: 0.69 (0.36) | Data Time: 0.50 (0.23) | Mem (GB): 10.00 (7.25/15.00) | Time Elapsed: 00d 00h 19m | Losses/train_all_loss: 4.96e+01 (4.13e+01)
WARNING:root:Skip RandomAffine for zero-area mask in first frame after 1 tentatives
WARNING:root:Skip RandomAffine for zero-area mask in first frame after 1 tentatives
WARNING:root:Skip RandomAffine for zero-area mask in first frame after 1 tentatives
WARNING:root:Skip RandomAffine for zero-area mask in first frame after 1 tentatives
WARNING:root:Skip RandomAffine for zero-area mask in first frame after 1 tentatives
INFO 2026-09-28 10:41:47,950 train_utils.py: 271: Train Epoch: [1][ 710/2110] | Batch Time: 0.11 (0.36) | Data Time: 0.00 (0.23) | Mem (GB): 5.00 (7.26/15.00) | Time Elapsed: 00d 00h 19m | Losses/train_all_loss: 5.14e+01 (4.12e+01)
WARNING:root:Skip RandomAffine for zero-area mask in first frame after 1 tentatives
WARNING:root:Skip RandomAffine for zero-area mask in first frame after 1 tentatives
INFO 2026-09-28 10:41:50,018 train_utils.py: 271: Train Epoch: [1][ 720/2110] | Batch Time: 0.09 (0.36) | Data Time: 0.00 (0.22) | Mem (GB): 4.00 (7.25/15.00) | Time Elapsed: 00d 00h 19m | Losses/train_all_loss: 2.16e+02 (4.19e+01)
WARNING:root:Skip RandomAffine for zero-area mask in first frame after 1 tentatives
WARNING:root:Skip RandomAffine for zero-area mask in first frame after 1 tentatives
WARNING:root:Skip RandomAffine for zero-area mask in first frame after 1 tentatives
INFO 2026-09-28 10:41:53,774 train_utils.py: 271: Train Epoch: [1][ 730/2110] | Batch Time: 0.09 (0.36) | Data Time: 0.00 (0.23) | Mem (GB): 3.00 (7.25/15.00) | Time Elapsed: 00d 00h 19m | Losses/train_all_loss: 4.62e-01 (4.21e+01)
WARNING:root:Skip RandomAffine for zero-area mask in first frame after 1 tentatives
WARNING:root:Skip RandomAffine for zero-area mask in first frame after 1 tentatives
INFO 2026-09-28 10:41:56,666 train_utils.py: 271: Train Epoch: [1][ 740/2110] | Batch Time: 0.09 (0.36) | Data Time: 0.00 (0.22) | Mem (GB): 2.00 (7.25/15.00) | Time Elapsed: 00d 00h 19m | Losses/train_all_loss: 6.26e-01 (4.18e+01)
WARNING:root:Skip RandomAffine for zero-area mask in first frame after 1 tentatives
WARNING:root:Skip RandomAffine for zero-area mask in first frame after 1 tentatives
WARNING:root:Skip RandomAffine for zero-area mask in first frame after 1 tentatives
WARNING:root:Skip RandomAffine for zero-area mask in first frame after 1 tentatives
INFO 2026-09-28 10:42:00,514 train_utils.py: 271: Train Epoch: [1][ 750/2110] | Batch Time: 0.12 (0.36) | Data Time: 0.00 (0.22) | Mem (GB): 5.00 (7.27/15.00) | Time Elapsed: 00d 00h 20m | Losses/train_all_loss: 6.56e-01 (4.15e+01)
WARNING:root:Skip RandomAffine for zero-area mask in first frame after 1 tentatives
WARNING:root:Skip RandomAffine for zero-area mask in first frame after 1 tentatives
INFO 2026-09-28 10:42:03,166 train_utils.py: 271: Train Epoch: [1][ 760/2110] | Batch Time: 0.10 (0.36) | Data Time: 0.00 (0.22) | Mem (GB): 5.00 (7.25/15.00) | Time Elapsed: 00d 00h 20m | Losses/train_all_loss: 6.92e-01 (4.11e+01)
WARNING:root:Skip RandomAffine for zero-area mask in first frame after 1 tentatives
WARNING:root:Skip RandomAffine for zero-area mask in first frame after 1 tentatives
INFO 2026-09-28 10:42:07,801 train_utils.py: 271: Train Epoch: [1][ 770/2110] | Batch Time: 0.08 (0.36) | Data Time: 0.00 (0.22) | Mem (GB): 2.00 (7.25/15.00) | Time Elapsed: 00d 00h 20m | Losses/train_all_loss: 1.43e+02 (4.11e+01)
WARNING:root:Skip RandomAffine for zero-area mask in first frame after 1 tentatives
WARNING:root:Skip RandomAffine for zero-area mask in first frame after 1 tentatives
WARNING:root:Skip RandomAffine for zero-area mask in first frame after 1 tentatives
WARNING:root:Skip RandomAffine for zero-area mask in first frame after 1 tentatives
INFO 2026-09-28 10:42:12,049 train_utils.py: 271: Train Epoch: [1][ 780/2110] | Batch Time: 0.09 (0.36) | Data Time: 0.00 (0.23) | Mem (GB): 4.00 (7.25/15.00) | Time Elapsed: 00d 00h 20m | Losses/train_all_loss: 4.97e-01 (4.10e+01)
WARNING:root:Skip RandomAffine for zero-area mask in first frame after 1 tentatives
WARNING:root:Skip RandomAffine for zero-area mask in first frame after 1 tentatives
WARNING:root:Skip RandomAffine for zero-area mask in first frame after 1 tentatives
INFO 2026-09-28 10:42:15,746 train_utils.py: 271: Train Epoch: [1][ 790/2110] | Batch Time: 0.11 (0.36) | Data Time: 0.00 (0.23) | Mem (GB): 5.00 (7.24/15.00) | Time Elapsed: 00d 00h 20m | Losses/train_all_loss: 2.97e-01 (4.10e+01)
WARNING:root:Skip RandomAffine for zero-area mask in first frame after 1 tentatives
WARNING:root:Skip RandomAffine for zero-area mask in first frame after 1 tentatives
WARNING:root:Skip RandomAffine for zero-area mask in first frame after 1 tentatives
INFO 2026-09-28 10:42:18,493 train_utils.py: 271: Train Epoch: [1][ 800/2110] | Batch Time: 0.17 (0.36) | Data Time: 0.00 (0.22) | Mem (GB): 8.00 (7.27/15.00) | Time Elapsed: 00d 00h 20m | Losses/train_all_loss: 2.91e+00 (4.07e+01)
WARNING:root:Skip RandomAffine for zero-area mask in first frame after 1 tentatives
WARNING:root:Skip RandomAffine for zero-area mask in first frame after 1 tentatives
WARNING:root:Skip RandomAffine for zero-area mask in first frame after 1 tentatives
WARNING:root:Skip RandomAffine for zero-area mask in first frame after 1 tentatives
WARNING:root:Skip RandomAffine for zero-area mask in first frame after 1 tentatives
WARNING:root:Skip RandomAffine for zero-area mask in first frame after 1 tentatives
INFO 2026-09-28 10:42:23,258 train_utils.py: 271: Train Epoch: [1][ 810/2110] | Batch Time: 0.16 (0.36) | Data Time: 0.00 (0.23) | Mem (GB): 10.00 (7.25/15.00) | Time Elapsed: 00d 00h 20m | Losses/train_all_loss: 2.74e+01 (4.11e+01)
WARNING:root:Skip RandomAffine for zero-area mask in first frame after 1 tentatives
WARNING:root:Skip RandomAffine for zero-area mask in first frame after 1 tentatives
WARNING:root:Skip RandomAffine for zero-area mask in first frame after 1 tentatives
INFO 2026-09-28 10:42:25,370 train_utils.py: 271: Train Epoch: [1][ 820/2110] | Batch Time: 0.11 (0.36) | Data Time: 0.00 (0.22) | Mem (GB): 5.00 (7.25/15.00) | Time Elapsed: 00d 00h 20m | Losses/train_all_loss: 6.06e+01 (4.23e+01)
WARNING:root:Skip RandomAffine for zero-area mask in first frame after 1 tentatives
WARNING:root:Skip RandomAffine for zero-area mask in first frame after 1 tentatives
WARNING:root:Skip RandomAffine for zero-area mask in first frame after 1 tentatives
INFO 2026-09-28 10:42:28,217 train_utils.py: 271: Train Epoch: [1][ 830/2110] | Batch Time: 0.17 (0.36) | Data Time: 0.00 (0.22) | Mem (GB): 10.00 (7.25/15.00) | Time Elapsed: 00d 00h 20m | Losses/train_all_loss: 1.49e+00 (4.19e+01)
WARNING:root:Skip RandomAffine for zero-area mask in first frame after 1 tentatives
WARNING:root:Skip RandomAffine for zero-area mask in first frame after 1 tentatives
WARNING:root:Skip RandomAffine for zero-area mask in first frame after 1 tentatives
INFO 2026-09-28 10:42:31,249 train_utils.py: 271: Train Epoch: [1][ 840/2110] | Batch Time: 0.11 (0.36) | Data Time: 0.00 (0.22) | Mem (GB): 6.00 (7.23/15.00) | Time Elapsed: 00d 00h 20m | Losses/train_all_loss: 1.45e+00 (4.14e+01)
WARNING:root:Skip RandomAffine for zero-area mask in first frame after 1 tentatives
WARNING:root:Skip RandomAffine for zero-area mask in first frame after 1 tentatives
WARNING:root:Skip RandomAffine for zero-area mask in first frame after 1 tentatives
INFO 2026-09-28 10:42:34,791 train_utils.py: 271: Train Epoch: [1][ 850/2110] | Batch Time: 0.08 (0.36) | Data Time: 0.00 (0.22) | Mem (GB): 3.00 (7.24/15.00) | Time Elapsed: 00d 00h 20m | Losses/train_all_loss: 1.94e+01 (4.14e+01)
WARNING:root:Skip RandomAffine for zero-area mask in first frame after 1 tentatives
INFO 2026-09-28 10:42:36,807 train_utils.py: 271: Train Epoch: [1][ 860/2110] | Batch Time: 0.11 (0.36) | Data Time: 0.00 (0.22) | Mem (GB): 2.00 (7.21/15.00) | Time Elapsed: 00d 00h 20m | Losses/train_all_loss: 2.88e-01 (4.12e+01)
WARNING:root:Skip RandomAffine for zero-area mask in first frame after 1 tentatives
WARNING:root:Skip RandomAffine for zero-area mask in first frame after 1 tentatives
WARNING:root:Skip RandomAffine for zero-area mask in first frame after 1 tentatives
WARNING:root:Skip RandomAffine for zero-area mask in first frame after 1 tentatives
INFO 2026-09-28 10:42:39,080 train_utils.py: 271: Train Epoch: [1][ 870/2110] | Batch Time: 0.09 (0.35) | Data Time: 0.00 (0.22) | Mem (GB): 2.00 (7.19/15.00) | Time Elapsed: 00d 00h 20m | Losses/train_all_loss: 2.60e-01 (4.14e+01)
WARNING:root:Skip RandomAffine for zero-area mask in first frame after 1 tentatives
WARNING:root:Skip RandomAffine for zero-area mask in first frame after 1 tentatives
WARNING:root:Skip RandomAffine for zero-area mask in first frame after 1 tentatives
WARNING:root:Skip RandomAffine for zero-area mask in first frame after 1 tentatives
INFO 2026-09-28 10:42:42,559 train_utils.py: 271: Train Epoch: [1][ 880/2110] | Batch Time: 0.09 (0.35) | Data Time: 0.00 (0.22) | Mem (GB): 4.00 (7.18/15.00) | Time Elapsed: 00d 00h 20m | Losses/train_all_loss: 1.82e+01 (4.21e+01)
WARNING:root:Skip RandomAffine for zero-area mask in first frame after 1 tentatives
WARNING:root:Skip RandomAffine for zero-area mask in first frame after 1 tentatives
INFO 2026-09-28 10:42:45,473 train_utils.py: 271: Train Epoch: [1][ 890/2110] | Batch Time: 0.58 (0.35) | Data Time: 0.46 (0.22) | Mem (GB): 5.00 (7.16/15.00) | Time Elapsed: 00d 00h 20m | Losses/train_all_loss: 3.83e-01 (4.17e+01)
WARNING:root:Skip RandomAffine for zero-area mask in first frame after 1 tentatives
INFO 2026-09-28 10:42:48,634 train_utils.py: 271: Train Epoch: [1][ 900/2110] | Batch Time: 0.16 (0.35) | Data Time: 0.00 (0.22) | Mem (GB): 8.00 (7.17/15.00) | Time Elapsed: 00d 00h 20m | Losses/train_all_loss: 1.04e+00 (4.15e+01)
WARNING:root:Skip RandomAffine for zero-area mask in first frame after 1 tentatives
WARNING:root:Skip RandomAffine for zero-area mask in first frame after 1 tentatives
WARNING:root:Skip RandomAffine for zero-area mask in first frame after 1 tentatives
WARNING:root:Skip RandomAffine for zero-area mask in first frame after 1 tentatives
WARNING:root:Skip RandomAffine for zero-area mask in first frame after 1 tentatives
INFO 2026-09-28 10:42:52,334 train_utils.py: 271: Train Epoch: [1][ 910/2110] | Batch Time: 1.53 (0.35) | Data Time: 1.37 (0.22) | Mem (GB): 9.00 (7.17/15.00) | Time Elapsed: 00d 00h 20m | Losses/train_all_loss: 9.62e+01 (4.12e+01)
WARNING:root:Skip RandomAffine for zero-area mask in first frame after 1 tentatives
WARNING:root:Skip RandomAffine for zero-area mask in first frame after 1 tentatives
WARNING:root:Skip RandomAffine for zero-area mask in first frame after 1 tentatives
WARNING:root:Skip RandomAffine for zero-area mask in first frame after 1 tentatives
WARNING:root:Skip RandomAffine for zero-area mask in first frame after 1 tentatives
INFO 2026-09-28 10:42:54,981 train_utils.py: 271: Train Epoch: [1][ 920/2110] | Batch Time: 0.09 (0.35) | Data Time: 0.00 (0.22) | Mem (GB): 5.00 (7.17/15.00) | Time Elapsed: 00d 00h 20m | Losses/train_all_loss: 5.79e-01 (4.10e+01)
WARNING:root:Skip RandomAffine for zero-area mask in first frame after 1 tentatives
WARNING:root:Skip RandomAffine for zero-area mask in first frame after 1 tentatives
WARNING:root:Skip RandomAffine for zero-area mask in first frame after 1 tentatives
WARNING:root:Skip RandomAffine for zero-area mask in first frame after 1 tentatives
INFO 2026-09-28 10:42:59,067 train_utils.py: 271: Train Epoch: [1][ 930/2110] | Batch Time: 0.90 (0.35) | Data Time: 0.69 (0.22) | Mem (GB): 14.00 (7.17/15.00) | Time Elapsed: 00d 00h 20m | Losses/train_all_loss: 1.91e+01 (4.07e+01)
WARNING:root:Skip RandomAffine for zero-area mask in first frame after 1 tentatives
INFO 2026-09-28 10:43:03,121 train_utils.py: 271: Train Epoch: [1][ 940/2110] | Batch Time: 1.19 (0.35) | Data Time: 1.02 (0.22) | Mem (GB): 10.00 (7.18/15.00) | Time Elapsed: 00d 00h 21m | Losses/train_all_loss: 4.58e-01 (4.04e+01)
INFO 2026-09-28 10:43:05,757 train_utils.py: 271: Train Epoch: [1][ 950/2110] | Batch Time: 0.15 (0.35) | Data Time: 0.00 (0.22) | Mem (GB): 9.00 (7.18/15.00) | Time Elapsed: 00d 00h 21m | Losses/train_all_loss: 4.33e+00 (4.01e+01)
WARNING:root:Skip RandomAffine for zero-area mask in first frame after 1 tentatives
WARNING:root:Skip RandomAffine for zero-area mask in first frame after 1 tentatives
WARNING:root:Skip RandomAffine for zero-area mask in first frame after 1 tentatives
WARNING:root:Skip RandomAffine for zero-area mask in first frame after 1 tentatives
INFO 2026-09-28 10:43:09,854 train_utils.py: 271: Train Epoch: [1][ 960/2110] | Batch Time: 2.13 (0.35) | Data Time: 1.87 (0.22) | Mem (GB): 12.00 (7.17/15.00) | Time Elapsed: 00d 00h 21m | Losses/train_all_loss: 1.17e+01 (4.04e+01)
WARNING:root:Skip RandomAffine for zero-area mask in first frame after 1 tentatives
INFO 2026-09-28 10:43:12,824 train_utils.py: 271: Train Epoch: [1][ 970/2110] | Batch Time: 0.07 (0.35) | Data Time: 0.00 (0.22) | Mem (GB): 2.00 (7.18/15.00) | Time Elapsed: 00d 00h 21m | Losses/train_all_loss: 5.72e-01 (4.07e+01)
WARNING:root:Skip RandomAffine for zero-area mask in first frame after 1 tentatives
WARNING:root:Skip RandomAffine for zero-area mask in first frame after 1 tentatives
WARNING:root:Skip RandomAffine for zero-area mask in first frame after 1 tentatives
WARNING:root:Skip RandomAffine for zero-area mask in first frame after 1 tentatives
WARNING:root:Skip RandomAffine for zero-area mask in first frame after 1 tentatives
WARNING:root:Skip RandomAffine for zero-area mask in first frame after 1 tentatives
WARNING:root:Skip RandomAffine for zero-area mask in first frame after 1 tentatives
INFO 2026-09-28 10:43:15,947 train_utils.py: 271: Train Epoch: [1][ 980/2110] | Batch Time: 0.47 (0.35) | Data Time: 0.32 (0.22) | Mem (GB): 9.00 (7.18/15.00) | Time Elapsed: 00d 00h 21m | Losses/train_all_loss: 1.96e+01 (4.04e+01)
WARNING:root:Skip RandomAffine for zero-area mask in first frame after 1 tentatives
WARNING:root:Skip RandomAffine for zero-area mask in first frame after 1 tentatives
WARNING:root:Skip RandomAffine for zero-area mask in first frame after 1 tentatives
WARNING:root:Skip RandomAffine for zero-area mask in first frame after 1 tentatives
WARNING:root:Skip RandomAffine for zero-area mask in first frame after 1 tentatives
INFO 2026-09-28 10:43:19,208 train_utils.py: 271: Train Epoch: [1][ 990/2110] | Batch Time: 0.11 (0.35) | Data Time: 0.00 (0.22) | Mem (GB): 4.00 (7.19/15.00) | Time Elapsed: 00d 00h 21m | Losses/train_all_loss: 5.07e-01 (4.02e+01)
WARNING:root:Skip RandomAffine for zero-area mask in first frame after 1 tentatives
WARNING:root:Skip RandomAffine for zero-area mask in first frame after 1 tentatives
WARNING:root:Skip RandomAffine for zero-area mask in first frame after 1 tentatives
WARNING:root:Skip RandomAffine for zero-area mask in first frame after 1 tentatives
WARNING:root:Skip RandomAffine for zero-area mask in first frame after 1 tentatives
INFO 2026-09-28 10:43:22,307 train_utils.py: 271: Train Epoch: [1][1000/2110] | Batch Time: 0.18 (0.35) | Data Time: 0.00 (0.22) | Mem (GB): 10.00 (7.18/15.00) | Time Elapsed: 00d 00h 21m | Losses/train_all_loss: 2.90e+00 (4.08e+01)
WARNING:root:Skip RandomAffine for zero-area mask in first frame after 1 tentatives
WARNING:root:Skip RandomAffine for zero-area mask in first frame after 1 tentatives
WARNING:root:Skip RandomAffine for zero-area mask in first frame after 1 tentatives
INFO 2026-09-28 10:43:25,294 train_utils.py: 271: Train Epoch: [1][1010/2110] | Batch Time: 0.17 (0.35) | Data Time: 0.00 (0.22) | Mem (GB): 10.00 (7.18/15.00) | Time Elapsed: 00d 00h 21m | Losses/train_all_loss: 2.32e-01 (4.17e+01)
WARNING:root:Skip RandomAffine for zero-area mask in first frame after 1 tentatives
WARNING:root:Skip RandomAffine for zero-area mask in first frame after 1 tentatives
INFO 2026-09-28 10:43:28,792 train_utils.py: 271: Train Epoch: [1][1020/2110] | Batch Time: 0.39 (0.35) | Data Time: 0.27 (0.22) | Mem (GB): 6.00 (7.17/15.00) | Time Elapsed: 00d 00h 21m | Losses/train_all_loss: 1.50e+00 (4.13e+01)
WARNING:root:Skip RandomAffine for zero-area mask in first frame after 1 tentatives
WARNING:root:Skip RandomAffine for zero-area mask in first frame after 1 tentatives
INFO 2026-09-28 10:43:31,606 train_utils.py: 271: Train Epoch: [1][1030/2110] | Batch Time: 0.10 (0.35) | Data Time: 0.00 (0.22) | Mem (GB): 5.00 (7.16/15.00) | Time Elapsed: 00d 00h 21m | Losses/train_all_loss: 7.21e-01 (4.16e+01)
WARNING:root:Skip RandomAffine for zero-area mask in first frame after 1 tentatives
WARNING:root:Skip RandomAffine for zero-area mask in first frame after 1 tentatives
WARNING:root:Skip RandomAffine for zero-area mask in first frame after 1 tentatives
WARNING:root:Skip RandomAffine for zero-area mask in first frame after 1 tentatives
INFO 2026-09-28 10:43:35,721 train_utils.py: 271: Train Epoch: [1][1040/2110] | Batch Time: 0.10 (0.35) | Data Time: 0.00 (0.22) | Mem (GB): 5.00 (7.17/15.00) | Time Elapsed: 00d 00h 21m | Losses/train_all_loss: 2.36e-01 (4.17e+01)
WARNING:root:Skip RandomAffine for zero-area mask in first frame after 1 tentatives
WARNING:root:Skip RandomAffine for zero-area mask in first frame after 1 tentatives
INFO 2026-09-28 10:43:39,041 train_utils.py: 271: Train Epoch: [1][1050/2110] | Batch Time: 0.12 (0.35) | Data Time: 0.00 (0.22) | Mem (GB): 7.00 (7.17/15.00) | Time Elapsed: 00d 00h 21m | Losses/train_all_loss: 2.60e-01 (4.21e+01)
WARNING:root:Skip RandomAffine for zero-area mask in first frame after 1 tentatives
WARNING:root:Skip RandomAffine for zero-area mask in first frame after 1 tentatives
INFO 2026-09-28 10:43:43,214 train_utils.py: 271: Train Epoch: [1][1060/2110] | Batch Time: 0.09 (0.35) | Data Time: 0.00 (0.22) | Mem (GB): 3.00 (7.16/15.00) | Time Elapsed: 00d 00h 21m | Losses/train_all_loss: 2.30e-01 (4.19e+01)
WARNING:root:Skip RandomAffine for zero-area mask in first frame after 1 tentatives
WARNING:root:Skip RandomAffine for zero-area mask in first frame after 1 tentatives
WARNING:root:Skip RandomAffine for zero-area mask in first frame after 1 tentatives
INFO 2026-09-28 10:43:47,291 train_utils.py: 271: Train Epoch: [1][1070/2110] | Batch Time: 0.13 (0.35) | Data Time: 0.00 (0.22) | Mem (GB): 7.00 (7.17/15.00) | Time Elapsed: 00d 00h 21m | Losses/train_all_loss: 6.60e+01 (4.25e+01)
WARNING:root:Skip RandomAffine for zero-area mask in first frame after 1 tentatives
WARNING:root:Skip RandomAffine for zero-area mask in first frame after 1 tentatives
WARNING:root:Skip RandomAffine for zero-area mask in first frame after 1 tentatives
WARNING:root:Skip RandomAffine for zero-area mask in first frame after 1 tentatives
INFO 2026-09-28 10:43:50,877 train_utils.py: 271: Train Epoch: [1][1080/2110] | Batch Time: 0.19 (0.35) | Data Time: 0.00 (0.22) | Mem (GB): 10.00 (7.18/15.00) | Time Elapsed: 00d 00h 21m | Losses/train_all_loss: 6.58e+01 (4.24e+01)
WARNING:root:Skip RandomAffine for zero-area mask in first frame after 1 tentatives
WARNING:root:Skip RandomAffine for zero-area mask in first frame after 1 tentatives
INFO 2026-09-28 10:43:54,504 train_utils.py: 271: Train Epoch: [1][1090/2110] | Batch Time: 0.18 (0.35) | Data Time: 0.00 (0.22) | Mem (GB): 11.00 (7.19/15.00) | Time Elapsed: 00d 00h 21m | Losses/train_all_loss: 2.24e+00 (4.29e+01)
WARNING:root:Skip RandomAffine for zero-area mask in first frame after 1 tentatives
WARNING:root:Skip RandomAffine for zero-area mask in first frame after 1 tentatives
WARNING:root:Skip RandomAffine for zero-area mask in first frame after 1 tentatives
INFO 2026-09-28 10:43:57,878 train_utils.py: 271: Train Epoch: [1][1100/2110] | Batch Time: 0.36 (0.35) | Data Time: 0.16 (0.22) | Mem (GB): 10.00 (7.19/15.00) | Time Elapsed: 00d 00h 21m | Losses/train_all_loss: 2.47e+01 (4.26e+01)
WARNING:root:Skip RandomAffine for zero-area mask in first frame after 1 tentatives
WARNING:root:Skip RandomAffine for zero-area mask in first frame after 1 tentatives
WARNING:root:Skip RandomAffine for zero-area mask in first frame after 1 tentatives
WARNING:root:Skip RandomAffine for zero-area mask in first frame after 1 tentatives
INFO 2026-09-28 10:44:01,812 train_utils.py: 271: Train Epoch: [1][1110/2110] | Batch Time: 0.90 (0.35) | Data Time: 0.76 (0.22) | Mem (GB): 7.00 (7.18/15.00) | Time Elapsed: 00d 00h 22m | Losses/train_all_loss: 7.64e+01 (4.26e+01)
WARNING:root:Skip RandomAffine for zero-area mask in first frame after 1 tentatives
WARNING:root:Skip RandomAffine for zero-area mask in first frame after 1 tentatives
WARNING:root:Skip RandomAffine for zero-area mask in first frame after 1 tentatives
WARNING:root:Skip RandomAffine for zero-area mask in first frame after 1 tentatives
INFO 2026-09-28 10:44:04,316 train_utils.py: 271: Train Epoch: [1][1120/2110] | Batch Time: 0.15 (0.35) | Data Time: 0.00 (0.22) | Mem (GB): 9.00 (7.19/15.00) | Time Elapsed: 00d 00h 22m | Losses/train_all_loss: 5.12e+01 (4.23e+01)
WARNING:root:Skip RandomAffine for zero-area mask in first frame after 1 tentatives
WARNING:root:Skip RandomAffine for zero-area mask in first frame after 1 tentatives
INFO 2026-09-28 10:44:07,088 train_utils.py: 271: Train Epoch: [1][1130/2110] | Batch Time: 0.56 (0.35) | Data Time: 0.45 (0.22) | Mem (GB): 6.00 (7.18/15.00) | Time Elapsed: 00d 00h 22m | Losses/train_all_loss: 2.46e-01 (4.20e+01)
WARNING:root:Skip RandomAffine for zero-area mask in first frame after 1 tentatives
WARNING:root:Skip RandomAffine for zero-area mask in first frame after 1 tentatives
WARNING:root:Skip RandomAffine for zero-area mask in first frame after 1 tentatives
WARNING:root:Skip RandomAffine for zero-area mask in first frame after 1 tentatives
INFO 2026-09-28 10:44:10,113 train_utils.py: 271: Train Epoch: [1][1140/2110] | Batch Time: 0.12 (0.35) | Data Time: 0.00 (0.22) | Mem (GB): 7.00 (7.17/15.00) | Time Elapsed: 00d 00h 22m | Losses/train_all_loss: 2.87e-01 (4.17e+01)
WARNING:root:Skip RandomAffine for zero-area mask in first frame after 1 tentatives
WARNING:root:Skip RandomAffine for zero-area mask in first frame after 1 tentatives
WARNING:root:Skip RandomAffine for zero-area mask in first frame after 1 tentatives
INFO 2026-09-28 10:44:14,565 train_utils.py: 271: Train Epoch: [1][1150/2110] | Batch Time: 1.15 (0.35) | Data Time: 0.97 (0.22) | Mem (GB): 11.00 (7.18/15.00) | Time Elapsed: 00d 00h 22m | Losses/train_all_loss: 2.32e+01 (4.16e+01)
WARNING:root:Skip RandomAffine for zero-area mask in first frame after 1 tentatives
INFO 2026-09-28 10:44:17,025 train_utils.py: 271: Train Epoch: [1][1160/2110] | Batch Time: 0.16 (0.35) | Data Time: 0.00 (0.22) | Mem (GB): 9.00 (7.17/15.00) | Time Elapsed: 00d 00h 22m | Losses/train_all_loss: 5.97e-01 (4.14e+01)
WARNING:root:Skip RandomAffine for zero-area mask in first frame after 1 tentatives
WARNING:root:Skip RandomAffine for zero-area mask in first frame after 1 tentatives
WARNING:root:Skip RandomAffine for zero-area mask in first frame after 1 tentatives
WARNING:root:Skip RandomAffine for zero-area mask in first frame after 1 tentatives
INFO 2026-09-28 10:44:21,177 train_utils.py: 271: Train Epoch: [1][1170/2110] | Batch Time: 2.21 (0.35) | Data Time: 1.96 (0.22) | Mem (GB): 15.00 (7.17/15.00) | Time Elapsed: 00d 00h 22m | Losses/train_all_loss: 1.99e+01 (4.12e+01)
WARNING:root:Skip RandomAffine for zero-area mask in first frame after 1 tentatives
INFO 2026-09-28 10:44:23,936 train_utils.py: 271: Train Epoch: [1][1180/2110] | Batch Time: 1.03 (0.35) | Data Time: 0.80 (0.22) | Mem (GB): 14.00 (7.17/15.00) | Time Elapsed: 00d 00h 22m | Losses/train_all_loss: 6.37e-01 (4.13e+01)
WARNING:root:Skip RandomAffine for zero-area mask in first frame after 1 tentatives
WARNING:root:Skip RandomAffine for zero-area mask in first frame after 1 tentatives
INFO 2026-09-28 10:44:28,694 train_utils.py: 271: Train Epoch: [1][1190/2110] | Batch Time: 0.19 (0.35) | Data Time: 0.00 (0.22) | Mem (GB): 12.00 (7.17/15.00) | Time Elapsed: 00d 00h 22m | Losses/train_all_loss: 6.01e+00 (4.13e+01)
WARNING:root:Skip RandomAffine for zero-area mask in first frame after 1 tentatives
WARNING:root:Skip RandomAffine for zero-area mask in first frame after 1 tentatives
WARNING:root:Skip RandomAffine for zero-area mask in first frame after 1 tentatives
INFO 2026-09-28 10:44:32,832 train_utils.py: 271: Train Epoch: [1][1200/2110] | Batch Time: 1.30 (0.35) | Data Time: 1.10 (0.22) | Mem (GB): 10.00 (7.18/15.00) | Time Elapsed: 00d 00h 22m | Losses/train_all_loss: 1.21e+02 (4.13e+01)
WARNING:root:Skip RandomAffine for zero-area mask in first frame after 1 tentatives
WARNING:root:Skip RandomAffine for zero-area mask in first frame after 1 tentatives
INFO 2026-09-28 10:44:36,790 train_utils.py: 271: Train Epoch: [1][1210/2110] | Batch Time: 0.19 (0.35) | Data Time: 0.00 (0.22) | Mem (GB): 12.00 (7.18/15.00) | Time Elapsed: 00d 00h 22m | Losses/train_all_loss: 1.30e+00 (4.11e+01)
WARNING:root:Skip RandomAffine for zero-area mask in first frame after 1 tentatives
WARNING:root:Skip RandomAffine for zero-area mask in first frame after 1 tentatives
INFO 2026-09-28 10:44:41,016 train_utils.py: 271: Train Epoch: [1][1220/2110] | Batch Time: 0.85 (0.35) | Data Time: 0.71 (0.22) | Mem (GB): 6.00 (7.19/15.00) | Time Elapsed: 00d 00h 22m | Losses/train_all_loss: 3.24e-01 (4.09e+01)
WARNING:root:Skip RandomAffine for zero-area mask in first frame after 1 tentatives
WARNING:root:Skip RandomAffine for zero-area mask in first frame after 1 tentatives
INFO 2026-09-28 10:44:45,129 train_utils.py: 271: Train Epoch: [1][1230/2110] | Batch Time: 0.15 (0.35) | Data Time: 0.00 (0.22) | Mem (GB): 10.00 (7.19/15.00) | Time Elapsed: 00d 00h 22m | Losses/train_all_loss: 3.58e+01 (4.08e+01)
WARNING:root:Skip RandomAffine for zero-area mask in first frame after 1 tentatives
WARNING:root:Skip RandomAffine for zero-area mask in first frame after 1 tentatives
INFO 2026-09-28 10:44:48,245 train_utils.py: 271: Train Epoch: [1][1240/2110] | Batch Time: 1.02 (0.35) | Data Time: 0.91 (0.22) | Mem (GB): 5.00 (7.18/15.00) | Time Elapsed: 00d 00h 22m | Losses/train_all_loss: 4.42e-01 (4.08e+01)
INFO 2026-09-28 10:44:50,285 train_utils.py: 271: Train Epoch: [1][1250/2110] | Batch Time: 0.15 (0.35) | Data Time: 0.00 (0.22) | Mem (GB): 9.00 (7.16/15.00) | Time Elapsed: 00d 00h 22m | Losses/train_all_loss: 3.05e-01 (4.09e+01)
WARNING:root:Skip RandomAffine for zero-area mask in first frame after 1 tentatives
WARNING:root:Skip RandomAffine for zero-area mask in first frame after 1 tentatives
WARNING:root:Skip RandomAffine for zero-area mask in first frame after 1 tentatives
WARNING:root:Skip RandomAffine for zero-area mask in first frame after 1 tentatives
INFO 2026-09-28 10:44:54,939 train_utils.py: 271: Train Epoch: [1][1260/2110] | Batch Time: 1.21 (0.35) | Data Time: 0.98 (0.22) | Mem (GB): 15.00 (7.18/15.00) | Time Elapsed: 00d 00h 22m | Losses/train_all_loss: 2.69e-01 (4.08e+01)
WARNING:root:Skip RandomAffine for zero-area mask in first frame after 1 tentatives
INFO 2026-09-28 10:44:58,930 train_utils.py: 271: Train Epoch: [1][1270/2110] | Batch Time: 2.02 (0.35) | Data Time: 1.81 (0.22) | Mem (GB): 13.00 (7.18/15.00) | Time Elapsed: 00d 00h 22m | Losses/train_all_loss: 1.78e+01 (4.07e+01)
WARNING:root:Skip RandomAffine for zero-area mask in first frame after 1 tentatives
INFO 2026-09-28 10:45:01,720 train_utils.py: 271: Train Epoch: [1][1280/2110] | Batch Time: 0.83 (0.35) | Data Time: 0.63 (0.22) | Mem (GB): 12.00 (7.17/15.00) | Time Elapsed: 00d 00h 23m | Losses/train_all_loss: 6.62e-01 (4.05e+01)
WARNING:root:Skip RandomAffine for zero-area mask in first frame after 1 tentatives
WARNING:root:Skip RandomAffine for zero-area mask in first frame after 1 tentatives
WARNING:root:Skip RandomAffine for zero-area mask in first frame after 1 tentatives
INFO 2026-09-28 10:45:03,955 train_utils.py: 271: Train Epoch: [1][1290/2110] | Batch Time: 0.15 (0.35) | Data Time: 0.00 (0.22) | Mem (GB): 9.00 (7.16/15.00) | Time Elapsed: 00d 00h 23m | Losses/train_all_loss: 7.72e+00 (4.09e+01)
WARNING:root:Skip RandomAffine for zero-area mask in first frame after 1 tentatives
WARNING:root:Skip RandomAffine for zero-area mask in first frame after 1 tentatives
WARNING:root:Skip RandomAffine for zero-area mask in first frame after 1 tentatives
WARNING:root:Skip RandomAffine for zero-area mask in first frame after 1 tentatives
INFO 2026-09-28 10:45:07,479 train_utils.py: 271: Train Epoch: [1][1300/2110] | Batch Time: 0.20 (0.35) | Data Time: 0.00 (0.22) | Mem (GB): 12.00 (7.17/15.00) | Time Elapsed: 00d 00h 23m | Losses/train_all_loss: 3.61e-01 (4.07e+01)
WARNING:root:Skip RandomAffine for zero-area mask in first frame after 1 tentatives
WARNING:root:Skip RandomAffine for zero-area mask in first frame after 1 tentatives
INFO 2026-09-28 10:45:11,268 train_utils.py: 271: Train Epoch: [1][1310/2110] | Batch Time: 0.11 (0.35) | Data Time: 0.00 (0.22) | Mem (GB): 6.00 (7.16/15.00) | Time Elapsed: 00d 00h 23m | Losses/train_all_loss: 6.31e+01 (4.07e+01)
WARNING:root:Skip RandomAffine for zero-area mask in first frame after 1 tentatives
WARNING:root:Skip RandomAffine for zero-area mask in first frame after 1 tentatives
WARNING:root:Skip RandomAffine for zero-area mask in first frame after 1 tentatives
WARNING:root:Skip RandomAffine for zero-area mask in first frame after 1 tentatives
INFO 2026-09-28 10:45:14,581 train_utils.py: 271: Train Epoch: [1][1320/2110] | Batch Time: 0.14 (0.35) | Data Time: 0.00 (0.22) | Mem (GB): 7.00 (7.17/15.00) | Time Elapsed: 00d 00h 23m | Losses/train_all_loss: 2.41e-01 (4.06e+01)
WARNING:root:Skip RandomAffine for zero-area mask in first frame after 1 tentatives
WARNING:root:Skip RandomAffine for zero-area mask in first frame after 1 tentatives
WARNING:root:Skip RandomAffine for zero-area mask in first frame after 1 tentatives
WARNING:root:Skip RandomAffine for zero-area mask in first frame after 1 tentatives
WARNING:root:Skip RandomAffine for zero-area mask in first frame after 1 tentatives
WARNING:root:Skip RandomAffine for zero-area mask in first frame after 1 tentatives
WARNING:root:Skip RandomAffine for zero-area mask in first frame after 1 tentatives
WARNING:root:Skip RandomAffine for zero-area mask in first frame after 1 tentatives
INFO 2026-09-28 10:45:19,593 train_utils.py: 271: Train Epoch: [1][1330/2110] | Batch Time: 0.39 (0.35) | Data Time: 0.23 (0.22) | Mem (GB): 10.00 (7.17/15.00) | Time Elapsed: 00d 00h 23m | Losses/train_all_loss: 7.80e+01 (4.05e+01)
WARNING:root:Skip RandomAffine for zero-area mask in first frame after 1 tentatives
WARNING:root:Skip RandomAffine for zero-area mask in first frame after 1 tentatives
WARNING:root:Skip RandomAffine for zero-area mask in first frame after 1 tentatives
WARNING:root:Skip RandomAffine for zero-area mask in first frame after 1 tentatives
WARNING:root:Skip RandomAffine for zero-area mask in first frame after 1 tentatives
INFO 2026-09-28 10:45:22,666 train_utils.py: 271: Train Epoch: [1][1340/2110] | Batch Time: 0.12 (0.35) | Data Time: 0.00 (0.22) | Mem (GB): 6.00 (7.18/15.00) | Time Elapsed: 00d 00h 23m | Losses/train_all_loss: 3.85e-01 (4.07e+01)
WARNING:root:Skip RandomAffine for zero-area mask in first frame after 1 tentatives
WARNING:root:Skip RandomAffine for zero-area mask in first frame after 1 tentatives
WARNING:root:Skip RandomAffine for zero-area mask in first frame after 1 tentatives
INFO 2026-09-28 10:45:25,975 train_utils.py: 271: Train Epoch: [1][1350/2110] | Batch Time: 0.12 (0.35) | Data Time: 0.00 (0.22) | Mem (GB): 7.00 (7.19/15.00) | Time Elapsed: 00d 00h 23m | Losses/train_all_loss: 1.50e+02 (4.07e+01)
WARNING:root:Skip RandomAffine for zero-area mask in first frame after 1 tentatives
WARNING:root:Skip RandomAffine for zero-area mask in first frame after 1 tentatives
INFO 2026-09-28 10:45:29,320 train_utils.py: 271: Train Epoch: [1][1360/2110] | Batch Time: 0.99 (0.35) | Data Time: 0.83 (0.22) | Mem (GB): 10.00 (7.19/15.00) | Time Elapsed: 00d 00h 23m | Losses/train_all_loss: 3.87e+00 (4.08e+01)
WARNING:root:Skip RandomAffine for zero-area mask in first frame after 1 tentatives
WARNING:root:Skip RandomAffine for zero-area mask in first frame after 1 tentatives
WARNING:root:Skip RandomAffine for zero-area mask in first frame after 1 tentatives
WARNING:root:Skip RandomAffine for zero-area mask in first frame after 1 tentatives
WARNING:root:Skip RandomAffine for zero-area mask in first frame after 1 tentatives
INFO 2026-09-28 10:45:32,994 train_utils.py: 271: Train Epoch: [1][1370/2110] | Batch Time: 0.51 (0.35) | Data Time: 0.38 (0.22) | Mem (GB): 7.00 (7.20/15.00) | Time Elapsed: 00d 00h 23m | Losses/train_all_loss: 1.92e+02 (4.07e+01)
WARNING:root:Skip RandomAffine for zero-area mask in first frame after 1 tentatives
WARNING:root:Skip RandomAffine for zero-area mask in first frame after 1 tentatives
WARNING:root:Skip RandomAffine for zero-area mask in first frame after 1 tentatives
WARNING:root:Skip RandomAffine for zero-area mask in first frame after 1 tentatives
WARNING:root:Skip RandomAffine for zero-area mask in first frame after 1 tentatives
INFO 2026-09-28 10:45:35,936 train_utils.py: 271: Train Epoch: [1][1380/2110] | Batch Time: 0.61 (0.35) | Data Time: 0.50 (0.22) | Mem (GB): 5.00 (7.19/15.00) | Time Elapsed: 00d 00h 23m | Losses/train_all_loss: 6.88e+01 (4.10e+01)
WARNING:root:Skip RandomAffine for zero-area mask in first frame after 1 tentatives
WARNING:root:Skip RandomAffine for zero-area mask in first frame after 1 tentatives
WARNING:root:Skip RandomAffine for zero-area mask in first frame after 1 tentatives
WARNING:root:Skip RandomAffine for zero-area mask in first frame after 1 tentatives
WARNING:root:Skip RandomAffine for zero-area mask in first frame after 1 tentatives
WARNING:root:Skip RandomAffine for zero-area mask in first frame after 1 tentatives
INFO 2026-09-28 10:45:38,588 train_utils.py: 271: Train Epoch: [1][1390/2110] | Batch Time: 0.53 (0.35) | Data Time: 0.37 (0.22) | Mem (GB): 9.00 (7.20/15.00) | Time Elapsed: 00d 00h 23m | Losses/train_all_loss: 5.24e+01 (4.09e+01)
WARNING:root:Skip RandomAffine for zero-area mask in first frame after 1 tentatives
WARNING:root:Skip RandomAffine for zero-area mask in first frame after 1 tentatives
WARNING:root:Skip RandomAffine for zero-area mask in first frame after 1 tentatives
INFO 2026-09-28 10:45:41,592 train_utils.py: 271: Train Epoch: [1][1400/2110] | Batch Time: 0.26 (0.35) | Data Time: 0.12 (0.22) | Mem (GB): 5.00 (7.19/15.00) | Time Elapsed: 00d 00h 23m | Losses/train_all_loss: 5.12e-01 (4.07e+01)
WARNING:root:Skip RandomAffine for zero-area mask in first frame after 1 tentatives
WARNING:root:Skip RandomAffine for zero-area mask in first frame after 1 tentatives
WARNING:root:Skip RandomAffine for zero-area mask in first frame after 1 tentatives
WARNING:root:Skip RandomAffine for zero-area mask in first frame after 1 tentatives
WARNING:root:Skip RandomAffine for zero-area mask in first frame after 1 tentatives
INFO 2026-09-28 10:45:45,436 train_utils.py: 271: Train Epoch: [1][1410/2110] | Batch Time: 0.11 (0.35) | Data Time: 0.00 (0.22) | Mem (GB): 5.00 (7.19/15.00) | Time Elapsed: 00d 00h 23m | Losses/train_all_loss: 3.52e-01 (4.06e+01)
WARNING:root:Skip RandomAffine for zero-area mask in first frame after 1 tentatives
WARNING:root:Skip RandomAffine for zero-area mask in first frame after 1 tentatives
WARNING:root:Skip RandomAffine for zero-area mask in first frame after 1 tentatives
WARNING:root:Skip RandomAffine for zero-area mask in first frame after 1 tentatives
WARNING:root:Skip RandomAffine for zero-area mask in first frame after 1 tentatives
INFO 2026-09-28 10:45:48,739 train_utils.py: 271: Train Epoch: [1][1420/2110] | Batch Time: 0.09 (0.35) | Data Time: 0.00 (0.22) | Mem (GB): 4.00 (7.21/15.00) | Time Elapsed: 00d 00h 23m | Losses/train_all_loss: 5.47e-01 (4.05e+01)
WARNING:root:Skip RandomAffine for zero-area mask in first frame after 1 tentatives
INFO 2026-09-28 10:45:51,926 train_utils.py: 271: Train Epoch: [1][1430/2110] | Batch Time: 0.18 (0.35) | Data Time: 0.00 (0.22) | Mem (GB): 11.00 (7.20/15.00) | Time Elapsed: 00d 00h 23m | Losses/train_all_loss: 6.67e+01 (4.04e+01)
WARNING:root:Skip RandomAffine for zero-area mask in first frame after 1 tentatives
WARNING:root:Skip RandomAffine for zero-area mask in first frame after 1 tentatives
WARNING:root:Skip RandomAffine for zero-area mask in first frame after 1 tentatives
WARNING:root:Skip RandomAffine for zero-area mask in first frame after 1 tentatives
INFO 2026-09-28 10:45:55,421 train_utils.py: 271: Train Epoch: [1][1440/2110] | Batch Time: 0.07 (0.35) | Data Time: 0.00 (0.22) | Mem (GB): 2.00 (7.19/15.00) | Time Elapsed: 00d 00h 23m | Losses/train_all_loss: 1.69e+03 (4.18e+01)
WARNING:root:Skip RandomAffine for zero-area mask in first frame after 1 tentatives
WARNING:root:Skip RandomAffine for zero-area mask in first frame after 1 tentatives
WARNING:root:Skip RandomAffine for zero-area mask in first frame after 1 tentatives
WARNING:root:Skip RandomAffine for zero-area mask in first frame after 1 tentatives
WARNING:root:Skip RandomAffine for zero-area mask in first frame after 1 tentatives
WARNING:root:Skip RandomAffine for zero-area mask in first frame after 1 tentatives
WARNING:root:Skip RandomAffine for zero-area mask in first frame after 1 tentatives
INFO 2026-09-28 10:45:58,557 train_utils.py: 271: Train Epoch: [1][1450/2110] | Batch Time: 0.39 (0.35) | Data Time: 0.25 (0.22) | Mem (GB): 8.00 (7.19/15.00) | Time Elapsed: 00d 00h 23m | Losses/train_all_loss: 2.13e+01 (4.16e+01)
WARNING:root:Skip RandomAffine for zero-area mask in first frame after 1 tentatives
WARNING:root:Skip RandomAffine for zero-area mask in first frame after 1 tentatives
WARNING:root:Skip RandomAffine for zero-area mask in first frame after 1 tentatives
INFO 2026-09-28 10:46:01,815 train_utils.py: 271: Train Epoch: [1][1460/2110] | Batch Time: 0.35 (0.35) | Data Time: 0.15 (0.22) | Mem (GB): 13.00 (7.20/15.00) | Time Elapsed: 00d 00h 24m | Losses/train_all_loss: 7.47e+01 (4.17e+01)
WARNING:root:Skip RandomAffine for zero-area mask in first frame after 1 tentatives
WARNING:root:Skip RandomAffine for zero-area mask in first frame after 1 tentatives
WARNING:root:Skip RandomAffine for zero-area mask in first frame after 1 tentatives
WARNING:root:Skip RandomAffine for zero-area mask in first frame after 1 tentatives
WARNING:root:Skip RandomAffine for zero-area mask in first frame after 1 tentatives
INFO 2026-09-28 10:46:04,822 train_utils.py: 271: Train Epoch: [1][1470/2110] | Batch Time: 0.73 (0.35) | Data Time: 0.58 (0.21) | Mem (GB): 8.00 (7.20/15.00) | Time Elapsed: 00d 00h 24m | Losses/train_all_loss: 5.19e-01 (4.17e+01)
WARNING:root:Skip RandomAffine for zero-area mask in first frame after 1 tentatives
WARNING:root:Skip RandomAffine for zero-area mask in first frame after 1 tentatives
INFO 2026-09-28 10:46:08,190 train_utils.py: 271: Train Epoch: [1][1480/2110] | Batch Time: 0.08 (0.35) | Data Time: 0.00 (0.21) | Mem (GB): 2.00 (7.20/15.00) | Time Elapsed: 00d 00h 24m | Losses/train_all_loss: 4.81e-01 (4.14e+01)
WARNING:root:Skip RandomAffine for zero-area mask in first frame after 1 tentatives
WARNING:root:Skip RandomAffine for zero-area mask in first frame after 1 tentatives
WARNING:root:Skip RandomAffine for zero-area mask in first frame after 1 tentatives
INFO 2026-09-28 10:46:11,735 train_utils.py: 271: Train Epoch: [1][1490/2110] | Batch Time: 0.51 (0.35) | Data Time: 0.35 (0.21) | Mem (GB): 8.00 (7.21/15.00) | Time Elapsed: 00d 00h 24m | Losses/train_all_loss: 1.31e+02 (4.15e+01)
WARNING:root:Skip RandomAffine for zero-area mask in first frame after 1 tentatives
WARNING:root:Skip RandomAffine for zero-area mask in first frame after 1 tentatives
INFO 2026-09-28 10:46:14,038 train_utils.py: 271: Train Epoch: [1][1500/2110] | Batch Time: 0.11 (0.35) | Data Time: 0.00 (0.21) | Mem (GB): 3.00 (7.20/15.00) | Time Elapsed: 00d 00h 24m | Losses/train_all_loss: 5.34e-01 (4.19e+01)
WARNING:root:Skip RandomAffine for zero-area mask in first frame after 1 tentatives
WARNING:root:Skip RandomAffine for zero-area mask in first frame after 1 tentatives
WARNING:root:Skip RandomAffine for zero-area mask in first frame after 1 tentatives
INFO 2026-09-28 10:46:19,974 train_utils.py: 271: Train Epoch: [1][1510/2110] | Batch Time: 4.17 (0.35) | Data Time: 3.93 (0.22) | Mem (GB): 15.00 (7.19/15.00) | Time Elapsed: 00d 00h 24m | Losses/train_all_loss: 1.89e+01 (4.19e+01)
WARNING:root:Skip RandomAffine for zero-area mask in first frame after 1 tentatives
WARNING:root:Skip RandomAffine for zero-area mask in first frame after 1 tentatives
INFO 2026-09-28 10:46:21,709 train_utils.py: 271: Train Epoch: [1][1520/2110] | Batch Time: 0.10 (0.35) | Data Time: 0.00 (0.21) | Mem (GB): 5.00 (7.17/15.00) | Time Elapsed: 00d 00h 24m | Losses/train_all_loss: 5.13e-01 (4.19e+01)
WARNING:root:Skip RandomAffine for zero-area mask in first frame after 1 tentatives
INFO 2026-09-28 10:46:24,751 train_utils.py: 271: Train Epoch: [1][1530/2110] | Batch Time: 0.64 (0.35) | Data Time: 0.53 (0.21) | Mem (GB): 5.00 (7.16/15.00) | Time Elapsed: 00d 00h 24m | Losses/train_all_loss: 3.62e-01 (4.17e+01)
INFO 2026-09-28 10:46:27,402 train_utils.py: 271: Train Epoch: [1][1540/2110] | Batch Time: 0.17 (0.35) | Data Time: 0.00 (0.21) | Mem (GB): 10.00 (7.15/15.00) | Time Elapsed: 00d 00h 24m | Losses/train_all_loss: 2.49e-01 (4.15e+01)
WARNING:root:Skip RandomAffine for zero-area mask in first frame after 1 tentatives
WARNING:root:Skip RandomAffine for zero-area mask in first frame after 1 tentatives
WARNING:root:Skip RandomAffine for zero-area mask in first frame after 1 tentatives
WARNING:root:Skip RandomAffine for zero-area mask in first frame after 1 tentatives
WARNING:root:Skip RandomAffine for zero-area mask in first frame after 1 tentatives
INFO 2026-09-28 10:46:30,692 train_utils.py: 271: Train Epoch: [1][1550/2110] | Batch Time: 0.95 (0.35) | Data Time: 0.74 (0.21) | Mem (GB): 12.00 (7.15/15.00) | Time Elapsed: 00d 00h 24m | Losses/train_all_loss: 2.91e+01 (4.14e+01)
WARNING:root:Skip RandomAffine for zero-area mask in first frame after 1 tentatives
WARNING:root:Skip RandomAffine for zero-area mask in first frame after 1 tentatives
WARNING:root:Skip RandomAffine for zero-area mask in first frame after 1 tentatives
WARNING:root:Skip RandomAffine for zero-area mask in first frame after 1 tentatives
WARNING:root:Skip RandomAffine for zero-area mask in first frame after 1 tentatives
WARNING:root:Skip RandomAffine for zero-area mask in first frame after 1 tentatives
WARNING:root:Skip RandomAffine for zero-area mask in first frame after 1 tentatives
INFO 2026-09-28 10:46:33,982 train_utils.py: 271: Train Epoch: [1][1560/2110] | Batch Time: 0.13 (0.35) | Data Time: 0.00 (0.21) | Mem (GB): 7.00 (7.15/15.00) | Time Elapsed: 00d 00h 24m | Losses/train_all_loss: 2.84e-01 (4.15e+01)
WARNING:root:Skip RandomAffine for zero-area mask in first frame after 1 tentatives
WARNING:root:Skip RandomAffine for zero-area mask in first frame after 1 tentatives
WARNING:root:Skip RandomAffine for zero-area mask in first frame after 1 tentatives
WARNING:root:Skip RandomAffine for zero-area mask in first frame after 1 tentatives
INFO 2026-09-28 10:46:37,466 train_utils.py: 271: Train Epoch: [1][1570/2110] | Batch Time: 0.10 (0.35) | Data Time: 0.01 (0.21) | Mem (GB): 4.00 (7.17/15.00) | Time Elapsed: 00d 00h 24m | Losses/train_all_loss: 8.76e+01 (4.14e+01)
WARNING:root:Skip RandomAffine for zero-area mask in first frame after 1 tentatives
WARNING:root:Skip RandomAffine for zero-area mask in first frame after 1 tentatives
WARNING:root:Skip RandomAffine for zero-area mask in first frame after 1 tentatives
INFO 2026-09-28 10:46:41,089 train_utils.py: 271: Train Epoch: [1][1580/2110] | Batch Time: 0.08 (0.35) | Data Time: 0.00 (0.21) | Mem (GB): 2.00 (7.16/15.00) | Time Elapsed: 00d 00h 24m | Losses/train_all_loss: 3.60e-01 (4.20e+01)
WARNING:root:Skip RandomAffine for zero-area mask in first frame after 1 tentatives
INFO 2026-09-28 10:46:44,595 train_utils.py: 271: Train Epoch: [1][1590/2110] | Batch Time: 1.36 (0.35) | Data Time: 1.13 (0.21) | Mem (GB): 15.00 (7.15/15.00) | Time Elapsed: 00d 00h 24m | Losses/train_all_loss: 4.92e+01 (4.21e+01)
WARNING:root:Skip RandomAffine for zero-area mask in first frame after 1 tentatives
WARNING:root:Skip RandomAffine for zero-area mask in first frame after 1 tentatives
INFO 2026-09-28 10:46:48,468 train_utils.py: 271: Train Epoch: [1][1600/2110] | Batch Time: 0.09 (0.35) | Data Time: 0.00 (0.21) | Mem (GB): 2.00 (7.16/15.00) | Time Elapsed: 00d 00h 24m | Losses/train_all_loss: 7.41e-01 (4.21e+01)
WARNING:root:Skip RandomAffine for zero-area mask in first frame after 1 tentatives
INFO 2026-09-28 10:46:51,228 train_utils.py: 271: Train Epoch: [1][1610/2110] | Batch Time: 0.40 (0.35) | Data Time: 0.31 (0.21) | Mem (GB): 4.00 (7.16/15.00) | Time Elapsed: 00d 00h 24m | Losses/train_all_loss: 8.01e-01 (4.20e+01)
WARNING:root:Skip RandomAffine for zero-area mask in first frame after 1 tentatives
INFO 2026-09-28 10:46:55,839 train_utils.py: 271: Train Epoch: [1][1620/2110] | Batch Time: 0.14 (0.35) | Data Time: 0.00 (0.21) | Mem (GB): 8.00 (7.16/15.00) | Time Elapsed: 00d 00h 24m | Losses/train_all_loss: 8.65e+00 (4.21e+01)
WARNING:root:Skip RandomAffine for zero-area mask in first frame after 1 tentatives
WARNING:root:Skip RandomAffine for zero-area mask in first frame after 1 tentatives
WARNING:root:Skip RandomAffine for zero-area mask in first frame after 1 tentatives
WARNING:root:Skip RandomAffine for zero-area mask in first frame after 1 tentatives
INFO 2026-09-28 10:46:59,479 train_utils.py: 271: Train Epoch: [1][1630/2110] | Batch Time: 0.17 (0.35) | Data Time: 0.00 (0.21) | Mem (GB): 10.00 (7.17/15.00) | Time Elapsed: 00d 00h 25m | Losses/train_all_loss: 4.93e+01 (4.19e+01)
WARNING:root:Skip RandomAffine for zero-area mask in first frame after 1 tentatives
WARNING:root:Skip RandomAffine for zero-area mask in first frame after 1 tentatives
INFO 2026-09-28 10:47:02,315 train_utils.py: 271: Train Epoch: [1][1640/2110] | Batch Time: 0.09 (0.35) | Data Time: 0.00 (0.21) | Mem (GB): 5.00 (7.16/15.00) | Time Elapsed: 00d 00h 25m | Losses/train_all_loss: 1.78e+02 (4.19e+01)
WARNING:root:Skip RandomAffine for zero-area mask in first frame after 1 tentatives
WARNING:root:Skip RandomAffine for zero-area mask in first frame after 1 tentatives
WARNING:root:Skip RandomAffine for zero-area mask in first frame after 1 tentatives
INFO 2026-09-28 10:47:04,850 train_utils.py: 271: Train Epoch: [1][1650/2110] | Batch Time: 0.08 (0.35) | Data Time: 0.00 (0.21) | Mem (GB): 2.00 (7.16/15.00) | Time Elapsed: 00d 00h 25m | Losses/train_all_loss: 5.10e-01 (4.20e+01)
WARNING:root:Skip RandomAffine for zero-area mask in first frame after 1 tentatives
WARNING:root:Skip RandomAffine for zero-area mask in first frame after 1 tentatives
INFO 2026-09-28 10:47:08,306 train_utils.py: 271: Train Epoch: [1][1660/2110] | Batch Time: 0.15 (0.35) | Data Time: 0.08 (0.21) | Mem (GB): 2.00 (7.15/15.00) | Time Elapsed: 00d 00h 25m | Losses/train_all_loss: 2.38e+02 (4.21e+01)
WARNING:root:Skip RandomAffine for zero-area mask in first frame after 1 tentatives
WARNING:root:Skip RandomAffine for zero-area mask in first frame after 1 tentatives
WARNING:root:Skip RandomAffine for zero-area mask in first frame after 1 tentatives
WARNING:root:Skip RandomAffine for zero-area mask in first frame after 1 tentatives
WARNING:root:Skip RandomAffine for zero-area mask in first frame after 1 tentatives
INFO 2026-09-28 10:47:11,434 train_utils.py: 271: Train Epoch: [1][1670/2110] | Batch Time: 0.15 (0.35) | Data Time: 0.00 (0.21) | Mem (GB): 8.00 (7.15/15.00) | Time Elapsed: 00d 00h 25m | Losses/train_all_loss: 1.40e+01 (4.19e+01)
WARNING:root:Skip RandomAffine for zero-area mask in first frame after 1 tentatives
INFO 2026-09-28 10:47:13,299 train_utils.py: 271: Train Epoch: [1][1680/2110] | Batch Time: 0.09 (0.35) | Data Time: 0.00 (0.21) | Mem (GB): 3.00 (7.14/15.00) | Time Elapsed: 00d 00h 25m | Losses/train_all_loss: 8.11e-01 (4.19e+01)
WARNING:root:Skip RandomAffine for zero-area mask in first frame after 1 tentatives
INFO 2026-09-28 10:47:16,729 train_utils.py: 271: Train Epoch: [1][1690/2110] | Batch Time: 0.74 (0.35) | Data Time: 0.54 (0.21) | Mem (GB): 13.00 (7.14/15.00) | Time Elapsed: 00d 00h 25m | Losses/train_all_loss: 1.26e+01 (4.18e+01)
WARNING:root:Skip RandomAffine for zero-area mask in first frame after 1 tentatives
WARNING:root:Skip RandomAffine for zero-area mask in first frame after 1 tentatives
WARNING:root:Skip RandomAffine for zero-area mask in first frame after 1 tentatives
WARNING:root:Skip RandomAffine for zero-area mask in first frame after 1 tentatives
WARNING:root:Skip RandomAffine for zero-area mask in first frame after 1 tentatives
INFO 2026-09-28 10:47:21,301 train_utils.py: 271: Train Epoch: [1][1700/2110] | Batch Time: 0.22 (0.35) | Data Time: 0.00 (0.21) | Mem (GB): 13.00 (7.14/15.00) | Time Elapsed: 00d 00h 25m | Losses/train_all_loss: 4.28e+01 (4.20e+01)
WARNING:root:Skip RandomAffine for zero-area mask in first frame after 1 tentatives
WARNING:root:Skip RandomAffine for zero-area mask in first frame after 1 tentatives
WARNING:root:Skip RandomAffine for zero-area mask in first frame after 1 tentatives
INFO 2026-09-28 10:47:23,820 train_utils.py: 271: Train Epoch: [1][1710/2110] | Batch Time: 0.14 (0.35) | Data Time: 0.00 (0.21) | Mem (GB): 8.00 (7.15/15.00) | Time Elapsed: 00d 00h 25m | Losses/train_all_loss: 3.65e-01 (4.18e+01)
WARNING:root:Skip RandomAffine for zero-area mask in first frame after 1 tentatives
WARNING:root:Skip RandomAffine for zero-area mask in first frame after 1 tentatives
WARNING:root:Skip RandomAffine for zero-area mask in first frame after 1 tentatives
INFO 2026-09-28 10:47:26,576 train_utils.py: 271: Train Epoch: [1][1720/2110] | Batch Time: 0.27 (0.35) | Data Time: 0.10 (0.21) | Mem (GB): 10.00 (7.14/15.00) | Time Elapsed: 00d 00h 25m | Losses/train_all_loss: 5.53e-01 (4.17e+01)
WARNING:root:Skip RandomAffine for zero-area mask in first frame after 1 tentatives
WARNING:root:Skip RandomAffine for zero-area mask in first frame after 1 tentatives
WARNING:root:Skip RandomAffine for zero-area mask in first frame after 1 tentatives
WARNING:root:Skip RandomAffine for zero-area mask in first frame after 1 tentatives
INFO 2026-09-28 10:47:30,839 train_utils.py: 271: Train Epoch: [1][1730/2110] | Batch Time: 0.20 (0.35) | Data Time: 0.00 (0.21) | Mem (GB): 13.00 (7.14/15.00) | Time Elapsed: 00d 00h 25m | Losses/train_all_loss: 1.33e+01 (4.16e+01)
WARNING:root:Skip RandomAffine for zero-area mask in first frame after 1 tentatives
WARNING:root:Skip RandomAffine for zero-area mask in first frame after 1 tentatives
WARNING:root:Skip RandomAffine for zero-area mask in first frame after 1 tentatives
WARNING:root:Skip RandomAffine for zero-area mask in first frame after 1 tentatives
INFO 2026-09-28 10:47:33,613 train_utils.py: 271: Train Epoch: [1][1740/2110] | Batch Time: 0.19 (0.35) | Data Time: 0.00 (0.21) | Mem (GB): 13.00 (7.14/15.00) | Time Elapsed: 00d 00h 25m | Losses/train_all_loss: 5.64e-01 (4.15e+01)
WARNING:root:Skip RandomAffine for zero-area mask in first frame after 1 tentatives
INFO 2026-09-28 10:47:38,549 train_utils.py: 271: Train Epoch: [1][1750/2110] | Batch Time: 0.14 (0.35) | Data Time: 0.00 (0.21) | Mem (GB): 8.00 (7.15/15.00) | Time Elapsed: 00d 00h 25m | Losses/train_all_loss: 1.58e+02 (4.15e+01)
WARNING:root:Skip RandomAffine for zero-area mask in first frame after 1 tentatives
WARNING:root:Skip RandomAffine for zero-area mask in first frame after 1 tentatives
WARNING:root:Skip RandomAffine for zero-area mask in first frame after 1 tentatives
INFO 2026-09-28 10:47:42,025 train_utils.py: 271: Train Epoch: [1][1760/2110] | Batch Time: 0.07 (0.35) | Data Time: 0.00 (0.21) | Mem (GB): 2.00 (7.15/15.00) | Time Elapsed: 00d 00h 25m | Losses/train_all_loss: 4.79e+01 (4.15e+01)
WARNING:root:Skip RandomAffine for zero-area mask in first frame after 1 tentatives
WARNING:root:Skip RandomAffine for zero-area mask in first frame after 1 tentatives
WARNING:root:Skip RandomAffine for zero-area mask in first frame after 1 tentatives
INFO 2026-09-28 10:47:44,775 train_utils.py: 271: Train Epoch: [1][1770/2110] | Batch Time: 0.41 (0.35) | Data Time: 0.19 (0.21) | Mem (GB): 15.00 (7.15/15.00) | Time Elapsed: 00d 00h 25m | Losses/train_all_loss: 3.82e+01 (4.16e+01)
WARNING:root:Skip RandomAffine for zero-area mask in first frame after 1 tentatives
WARNING:root:Skip RandomAffine for zero-area mask in first frame after 1 tentatives
WARNING:root:Skip RandomAffine for zero-area mask in first frame after 1 tentatives
WARNING:root:Skip RandomAffine for zero-area mask in first frame after 1 tentatives
WARNING:root:Skip RandomAffine for zero-area mask in first frame after 1 tentatives
WARNING:root:Skip RandomAffine for zero-area mask in first frame after 1 tentatives
INFO 2026-09-28 10:47:48,909 train_utils.py: 271: Train Epoch: [1][1780/2110] | Batch Time: 1.72 (0.35) | Data Time: 1.53 (0.21) | Mem (GB): 10.00 (7.15/15.00) | Time Elapsed: 00d 00h 25m | Losses/train_all_loss: 3.43e+01 (4.16e+01)
INFO 2026-09-28 10:47:52,361 train_utils.py: 271: Train Epoch: [1][1790/2110] | Batch Time: 0.14 (0.35) | Data Time: 0.00 (0.21) | Mem (GB): 7.00 (7.16/15.00) | Time Elapsed: 00d 00h 25m | Losses/train_all_loss: 3.09e+01 (4.15e+01)
WARNING:root:Skip RandomAffine for zero-area mask in first frame after 1 tentatives
WARNING:root:Skip RandomAffine for zero-area mask in first frame after 1 tentatives
WARNING:root:Skip RandomAffine for zero-area mask in first frame after 1 tentatives
INFO 2026-09-28 10:47:54,826 train_utils.py: 271: Train Epoch: [1][1800/2110] | Batch Time: 0.12 (0.35) | Data Time: 0.00 (0.21) | Mem (GB): 3.00 (7.17/15.00) | Time Elapsed: 00d 00h 25m | Losses/train_all_loss: 3.17e-01 (4.14e+01)
WARNING:root:Skip RandomAffine for zero-area mask in first frame after 1 tentatives
WARNING:root:Skip RandomAffine for zero-area mask in first frame after 1 tentatives
WARNING:root:Skip RandomAffine for zero-area mask in first frame after 1 tentatives
INFO 2026-09-28 10:47:59,744 train_utils.py: 271: Train Epoch: [1][1810/2110] | Batch Time: 0.16 (0.35) | Data Time: 0.00 (0.21) | Mem (GB): 10.00 (7.17/15.00) | Time Elapsed: 00d 00h 26m | Losses/train_all_loss: 8.01e+00 (4.14e+01)
WARNING:root:Skip RandomAffine for zero-area mask in first frame after 1 tentatives
WARNING:root:Skip RandomAffine for zero-area mask in first frame after 1 tentatives
INFO 2026-09-28 10:48:03,061 train_utils.py: 271: Train Epoch: [1][1820/2110] | Batch Time: 0.10 (0.35) | Data Time: 0.00 (0.21) | Mem (GB): 5.00 (7.17/15.00) | Time Elapsed: 00d 00h 26m | Losses/train_all_loss: 3.51e-01 (4.19e+01)
WARNING:root:Skip RandomAffine for zero-area mask in first frame after 1 tentatives
WARNING:root:Skip RandomAffine for zero-area mask in first frame after 1 tentatives
WARNING:root:Skip RandomAffine for zero-area mask in first frame after 1 tentatives
INFO 2026-09-28 10:48:05,420 train_utils.py: 271: Train Epoch: [1][1830/2110] | Batch Time: 0.13 (0.35) | Data Time: 0.00 (0.21) | Mem (GB): 5.00 (7.18/15.00) | Time Elapsed: 00d 00h 26m | Losses/train_all_loss: 4.95e-01 (4.18e+01)
WARNING:root:Skip RandomAffine for zero-area mask in first frame after 1 tentatives
WARNING:root:Skip RandomAffine for zero-area mask in first frame after 1 tentatives
WARNING:root:Skip RandomAffine for zero-area mask in first frame after 1 tentatives
WARNING:root:Skip RandomAffine for zero-area mask in first frame after 1 tentatives
WARNING:root:Skip RandomAffine for zero-area mask in first frame after 1 tentatives
WARNING:root:Skip RandomAffine for zero-area mask in first frame after 1 tentatives
WARNING:root:Skip RandomAffine for zero-area mask in first frame after 1 tentatives
WARNING:root:Skip RandomAffine for zero-area mask in first frame after 1 tentatives
WARNING:root:Skip RandomAffine for zero-area mask in first frame after 1 tentatives
WARNING:root:Skip RandomAffine for zero-area mask in first frame after 1 tentatives
WARNING:root:Skip RandomAffine for zero-area mask in first frame after 1 tentatives
INFO 2026-09-28 10:48:11,353 train_utils.py: 271: Train Epoch: [1][1840/2110] | Batch Time: 0.11 (0.35) | Data Time: 0.00 (0.21) | Mem (GB): 5.00 (7.19/15.00) | Time Elapsed: 00d 00h 26m | Losses/train_all_loss: 7.52e-01 (4.17e+01)
WARNING:root:Skip RandomAffine for zero-area mask in first frame after 1 tentatives
WARNING:root:Skip RandomAffine for zero-area mask in first frame after 1 tentatives
WARNING:root:Skip RandomAffine for zero-area mask in first frame after 1 tentatives
INFO 2026-09-28 10:48:13,869 train_utils.py: 271: Train Epoch: [1][1850/2110] | Batch Time: 0.10 (0.35) | Data Time: 0.00 (0.21) | Mem (GB): 5.00 (7.20/15.00) | Time Elapsed: 00d 00h 26m | Losses/train_all_loss: 4.51e-01 (4.17e+01)
WARNING:root:Skip RandomAffine for zero-area mask in first frame after 1 tentatives
WARNING:root:Skip RandomAffine for zero-area mask in first frame after 1 tentatives
WARNING:root:Skip RandomAffine for zero-area mask in first frame after 1 tentatives
WARNING:root:Skip RandomAffine for zero-area mask in first frame after 1 tentatives
WARNING:root:Skip RandomAffine for zero-area mask in first frame after 1 tentatives
WARNING:root:Skip RandomAffine for zero-area mask in first frame after 1 tentatives
INFO 2026-09-28 10:48:18,521 train_utils.py: 271: Train Epoch: [1][1860/2110] | Batch Time: 0.08 (0.35) | Data Time: 0.00 (0.21) | Mem (GB): 2.00 (7.19/15.00) | Time Elapsed: 00d 00h 26m | Losses/train_all_loss: 6.73e-01 (4.17e+01)
WARNING:root:Skip RandomAffine for zero-area mask in first frame after 1 tentatives
WARNING:root:Skip RandomAffine for zero-area mask in first frame after 1 tentatives
WARNING:root:Skip RandomAffine for zero-area mask in first frame after 1 tentatives
WARNING:root:Skip RandomAffine for zero-area mask in first frame after 1 tentatives
WARNING:root:Skip RandomAffine for zero-area mask in first frame after 1 tentatives
WARNING:root:Skip RandomAffine for zero-area mask in first frame after 1 tentatives
INFO 2026-09-28 10:48:21,507 train_utils.py: 271: Train Epoch: [1][1870/2110] | Batch Time: 0.62 (0.35) | Data Time: 0.44 (0.21) | Mem (GB): 10.00 (7.20/15.00) | Time Elapsed: 00d 00h 26m | Losses/train_all_loss: 3.97e-01 (4.16e+01)
WARNING:root:Skip RandomAffine for zero-area mask in first frame after 1 tentatives
WARNING:root:Skip RandomAffine for zero-area mask in first frame after 1 tentatives
WARNING:root:Skip RandomAffine for zero-area mask in first frame after 1 tentatives
WARNING:root:Skip RandomAffine for zero-area mask in first frame after 1 tentatives
INFO 2026-09-28 10:48:25,251 train_utils.py: 271: Train Epoch: [1][1880/2110] | Batch Time: 0.14 (0.35) | Data Time: 0.00 (0.21) | Mem (GB): 8.00 (7.20/15.00) | Time Elapsed: 00d 00h 26m | Losses/train_all_loss: 3.38e+00 (4.15e+01)
WARNING:root:Skip RandomAffine for zero-area mask in first frame after 1 tentatives
WARNING:root:Skip RandomAffine for zero-area mask in first frame after 1 tentatives
INFO 2026-09-28 10:48:28,735 train_utils.py: 271: Train Epoch: [1][1890/2110] | Batch Time: 0.21 (0.35) | Data Time: 0.00 (0.21) | Mem (GB): 13.00 (7.21/15.00) | Time Elapsed: 00d 00h 26m | Losses/train_all_loss: 8.52e+01 (4.16e+01)
WARNING:root:Skip RandomAffine for zero-area mask in first frame after 1 tentatives
WARNING:root:Skip RandomAffine for zero-area mask in first frame after 1 tentatives
WARNING:root:Skip RandomAffine for zero-area mask in first frame after 1 tentatives
WARNING:root:Skip RandomAffine for zero-area mask in first frame after 1 tentatives
WARNING:root:Skip RandomAffine for zero-area mask in first frame after 1 tentatives
WARNING:root:Skip RandomAffine for zero-area mask in first frame after 1 tentatives
INFO 2026-09-28 10:48:31,359 train_utils.py: 271: Train Epoch: [1][1900/2110] | Batch Time: 0.75 (0.35) | Data Time: 0.58 (0.21) | Mem (GB): 8.00 (7.20/15.00) | Time Elapsed: 00d 00h 26m | Losses/train_all_loss: 1.15e+02 (4.16e+01)
WARNING:root:Skip RandomAffine for zero-area mask in first frame after 1 tentatives
WARNING:root:Skip RandomAffine for zero-area mask in first frame after 1 tentatives
WARNING:root:Skip RandomAffine for zero-area mask in first frame after 1 tentatives
WARNING:root:Skip RandomAffine for zero-area mask in first frame after 1 tentatives
INFO 2026-09-28 10:48:34,125 train_utils.py: 271: Train Epoch: [1][1910/2110] | Batch Time: 0.10 (0.35) | Data Time: 0.00 (0.21) | Mem (GB): 5.00 (7.20/15.00) | Time Elapsed: 00d 00h 26m | Losses/train_all_loss: 4.83e-01 (4.17e+01)
INFO 2026-09-28 10:48:35,926 train_utils.py: 271: Train Epoch: [1][1920/2110] | Batch Time: 0.26 (0.35) | Data Time: 0.18 (0.21) | Mem (GB): 2.00 (7.19/15.00) | Time Elapsed: 00d 00h 26m | Losses/train_all_loss: 7.03e-01 (4.21e+01)
WARNING:root:Skip RandomAffine for zero-area mask in first frame after 1 tentatives
WARNING:root:Skip RandomAffine for zero-area mask in first frame after 1 tentatives
WARNING:root:Skip RandomAffine for zero-area mask in first frame after 1 tentatives
WARNING:root:Skip RandomAffine for zero-area mask in first frame after 1 tentatives
INFO 2026-09-28 10:48:39,936 train_utils.py: 271: Train Epoch: [1][1930/2110] | Batch Time: 0.23 (0.35) | Data Time: 0.00 (0.21) | Mem (GB): 15.00 (7.19/15.00) | Time Elapsed: 00d 00h 26m | Losses/train_all_loss: 1.82e+01 (4.19e+01)
WARNING:root:Skip RandomAffine for zero-area mask in first frame after 1 tentatives
WARNING:root:Skip RandomAffine for zero-area mask in first frame after 1 tentatives
WARNING:root:Skip RandomAffine for zero-area mask in first frame after 1 tentatives
WARNING:root:Skip RandomAffine for zero-area mask in first frame after 1 tentatives
WARNING:root:Skip RandomAffine for zero-area mask in first frame after 1 tentatives
WARNING:root:Skip RandomAffine for zero-area mask in first frame after 1 tentatives
WARNING:root:Skip RandomAffine for zero-area mask in first frame after 1 tentatives
WARNING:root:Skip RandomAffine for zero-area mask in first frame after 1 tentatives
INFO 2026-09-28 10:48:44,123 train_utils.py: 271: Train Epoch: [1][1940/2110] | Batch Time: 0.96 (0.35) | Data Time: 0.76 (0.21) | Mem (GB): 13.00 (7.19/15.00) | Time Elapsed: 00d 00h 26m | Losses/train_all_loss: 3.81e+00 (4.17e+01)
WARNING:root:Skip RandomAffine for zero-area mask in first frame after 1 tentatives
WARNING:root:Skip RandomAffine for zero-area mask in first frame after 1 tentatives
INFO 2026-09-28 10:48:46,849 train_utils.py: 271: Train Epoch: [1][1950/2110] | Batch Time: 0.07 (0.35) | Data Time: 0.00 (0.21) | Mem (GB): 2.00 (7.20/15.00) | Time Elapsed: 00d 00h 26m | Losses/train_all_loss: 1.80e-01 (4.16e+01)
WARNING:root:Skip RandomAffine for zero-area mask in first frame after 1 tentatives
WARNING:root:Skip RandomAffine for zero-area mask in first frame after 1 tentatives
WARNING:root:Skip RandomAffine for zero-area mask in first frame after 1 tentatives
INFO 2026-09-28 10:48:50,120 train_utils.py: 271: Train Epoch: [1][1960/2110] | Batch Time: 0.09 (0.35) | Data Time: 0.00 (0.21) | Mem (GB): 3.00 (7.20/15.00) | Time Elapsed: 00d 00h 26m | Losses/train_all_loss: 1.06e+00 (4.15e+01)
WARNING:root:Skip RandomAffine for zero-area mask in first frame after 1 tentatives
WARNING:root:Skip RandomAffine for zero-area mask in first frame after 1 tentatives
WARNING:root:Skip RandomAffine for zero-area mask in first frame after 1 tentatives
INFO 2026-09-28 10:48:53,899 train_utils.py: 271: Train Epoch: [1][1970/2110] | Batch Time: 0.77 (0.35) | Data Time: 0.63 (0.21) | Mem (GB): 8.00 (7.19/15.00) | Time Elapsed: 00d 00h 26m | Losses/train_all_loss: 6.50e+00 (4.13e+01)
WARNING:root:Skip RandomAffine for zero-area mask in first frame after 1 tentatives
WARNING:root:Skip RandomAffine for zero-area mask in first frame after 1 tentatives
WARNING:root:Skip RandomAffine for zero-area mask in first frame after 1 tentatives
WARNING:root:Skip RandomAffine for zero-area mask in first frame after 1 tentatives
WARNING:root:Skip RandomAffine for zero-area mask in first frame after 1 tentatives
WARNING:root:Skip RandomAffine for zero-area mask in first frame after 1 tentatives
WARNING:root:Skip RandomAffine for zero-area mask in first frame after 1 tentatives
INFO 2026-09-28 10:48:57,196 train_utils.py: 271: Train Epoch: [1][1980/2110] | Batch Time: 0.11 (0.35) | Data Time: 0.00 (0.21) | Mem (GB): 5.00 (7.20/15.00) | Time Elapsed: 00d 00h 26m | Losses/train_all_loss: 3.61e-01 (4.12e+01)
WARNING:root:Skip RandomAffine for zero-area mask in first frame after 1 tentatives
INFO 2026-09-28 10:49:00,532 train_utils.py: 271: Train Epoch: [1][1990/2110] | Batch Time: 0.49 (0.35) | Data Time: 0.39 (0.21) | Mem (GB): 5.00 (7.20/15.00) | Time Elapsed: 00d 00h 27m | Losses/train_all_loss: 2.48e+01 (4.12e+01)
WARNING:root:Skip RandomAffine for zero-area mask in first frame after 1 tentatives
INFO 2026-09-28 10:49:04,811 train_utils.py: 271: Train Epoch: [1][2000/2110] | Batch Time: 0.22 (0.35) | Data Time: 0.00 (0.21) | Mem (GB): 13.00 (7.20/15.00) | Time Elapsed: 00d 00h 27m | Losses/train_all_loss: 5.21e-01 (4.11e+01)
WARNING:root:Skip RandomAffine for zero-area mask in first frame after 1 tentatives
WARNING:root:Skip RandomAffine for zero-area mask in first frame after 1 tentatives
WARNING:root:Skip RandomAffine for zero-area mask in first frame after 1 tentatives
WARNING:root:Skip RandomAffine for zero-area mask in first frame after 1 tentatives
WARNING:root:Skip RandomAffine for zero-area mask in first frame after 1 tentatives
INFO 2026-09-28 10:49:08,231 train_utils.py: 271: Train Epoch: [1][2010/2110] | Batch Time: 0.56 (0.35) | Data Time: 0.39 (0.21) | Mem (GB): 10.00 (7.20/15.00) | Time Elapsed: 00d 00h 27m | Losses/train_all_loss: 2.09e+01 (4.11e+01)
WARNING:root:Skip RandomAffine for zero-area mask in first frame after 1 tentatives
WARNING:root:Skip RandomAffine for zero-area mask in first frame after 1 tentatives
WARNING:root:Skip RandomAffine for zero-area mask in first frame after 1 tentatives
WARNING:root:Skip RandomAffine for zero-area mask in first frame after 1 tentatives
INFO 2026-09-28 10:49:11,623 train_utils.py: 271: Train Epoch: [1][2020/2110] | Batch Time: 0.12 (0.35) | Data Time: 0.00 (0.21) | Mem (GB): 6.00 (7.20/15.00) | Time Elapsed: 00d 00h 27m | Losses/train_all_loss: 4.58e+00 (4.11e+01)
WARNING:root:Skip RandomAffine for zero-area mask in first frame after 1 tentatives
WARNING:root:Skip RandomAffine for zero-area mask in first frame after 1 tentatives
WARNING:root:Skip RandomAffine for zero-area mask in first frame after 1 tentatives
INFO 2026-09-28 10:49:14,831 train_utils.py: 271: Train Epoch: [1][2030/2110] | Batch Time: 0.42 (0.35) | Data Time: 0.29 (0.21) | Mem (GB): 6.00 (7.21/15.00) | Time Elapsed: 00d 00h 27m | Losses/train_all_loss: 9.06e-01 (4.09e+01)
WARNING:root:Skip RandomAffine for zero-area mask in first frame after 1 tentatives
WARNING:root:Skip RandomAffine for zero-area mask in first frame after 1 tentatives
WARNING:root:Skip RandomAffine for zero-area mask in first frame after 1 tentatives
INFO 2026-09-28 10:49:17,659 train_utils.py: 271: Train Epoch: [1][2040/2110] | Batch Time: 0.11 (0.35) | Data Time: 0.00 (0.21) | Mem (GB): 6.00 (7.21/15.00) | Time Elapsed: 00d 00h 27m | Losses/train_all_loss: 2.91e-01 (4.08e+01)
WARNING:root:Skip RandomAffine for zero-area mask in first frame after 1 tentatives
WARNING:root:Skip RandomAffine for zero-area mask in first frame after 1 tentatives
WARNING:root:Skip RandomAffine for zero-area mask in first frame after 1 tentatives
INFO 2026-09-28 10:49:22,021 train_utils.py: 271: Train Epoch: [1][2050/2110] | Batch Time: 0.75 (0.35) | Data Time: 0.60 (0.21) | Mem (GB): 7.00 (7.21/15.00) | Time Elapsed: 00d 00h 27m | Losses/train_all_loss: 7.10e-01 (4.07e+01)
WARNING:root:Skip RandomAffine for zero-area mask in first frame after 1 tentatives
WARNING:root:Skip RandomAffine for zero-area mask in first frame after 1 tentatives
WARNING:root:Skip RandomAffine for zero-area mask in first frame after 1 tentatives
WARNING:root:Skip RandomAffine for zero-area mask in first frame after 1 tentatives
WARNING:root:Skip RandomAffine for zero-area mask in first frame after 1 tentatives
INFO 2026-09-28 10:49:25,107 train_utils.py: 271: Train Epoch: [1][2060/2110] | Batch Time: 0.13 (0.35) | Data Time: 0.00 (0.21) | Mem (GB): 7.00 (7.21/15.00) | Time Elapsed: 00d 00h 27m | Losses/train_all_loss: 4.96e-01 (4.08e+01)
WARNING:root:Skip RandomAffine for zero-area mask in first frame after 1 tentatives
WARNING:root:Skip RandomAffine for zero-area mask in first frame after 1 tentatives
WARNING:root:Skip RandomAffine for zero-area mask in first frame after 1 tentatives
WARNING:root:Skip RandomAffine for zero-area mask in first frame after 1 tentatives
WARNING:root:Skip RandomAffine for zero-area mask in first frame after 1 tentatives
WARNING:root:Skip RandomAffine for zero-area mask in first frame after 1 tentatives
WARNING:root:Skip RandomAffine for zero-area mask in first frame after 1 tentatives
INFO 2026-09-28 10:49:28,123 train_utils.py: 271: Train Epoch: [1][2070/2110] | Batch Time: 1.01 (0.35) | Data Time: 0.77 (0.21) | Mem (GB): 13.00 (7.21/15.00) | Time Elapsed: 00d 00h 27m | Losses/train_all_loss: 7.63e+00 (4.09e+01)
WARNING:root:Skip RandomAffine for zero-area mask in first frame after 1 tentatives
INFO 2026-09-28 10:49:30,824 train_utils.py: 271: Train Epoch: [1][2080/2110] | Batch Time: 0.45 (0.35) | Data Time: 0.35 (0.21) | Mem (GB): 5.00 (7.20/15.00) | Time Elapsed: 00d 00h 27m | Losses/train_all_loss: 6.00e-01 (4.14e+01)
WARNING:root:Skip RandomAffine for zero-area mask in first frame after 1 tentatives
WARNING:root:Skip RandomAffine for zero-area mask in first frame after 1 tentatives
WARNING:root:Skip RandomAffine for zero-area mask in first frame after 1 tentatives
INFO 2026-09-28 10:49:33,764 train_utils.py: 271: Train Epoch: [1][2090/2110] | Batch Time: 0.59 (0.35) | Data Time: 0.46 (0.21) | Mem (GB): 7.00 (7.20/15.00) | Time Elapsed: 00d 00h 27m | Losses/train_all_loss: 2.11e+01 (4.13e+01)
WARNING:root:Skip RandomAffine for zero-area mask in first frame after 1 tentatives
WARNING:root:Skip RandomAffine for zero-area mask in first frame after 1 tentatives
INFO 2026-09-28 10:49:38,172 train_utils.py: 271: Train Epoch: [1][2100/2110] | Batch Time: 1.64 (0.35) | Data Time: 1.42 (0.21) | Mem (GB): 11.00 (7.20/15.00) | Time Elapsed: 00d 00h 27m | Losses/train_all_loss: 1.35e+01 (4.14e+01)
WARNING:root:Skip RandomAffine for zero-area mask in first frame after 1 tentatives
INFO 2026-09-28 10:49:41,484 trainer.py: 950: Estimated time remaining: 00d 19h 53m
INFO 2026-09-28 10:49:41,488 trainer.py: 892: Synchronizing meters
INFO 2026-09-28 10:49:41,489 trainer.py: 830: Losses and meters: {'Losses/train_all_loss': 41.2603895863474, 'Losses/train_all_loss_mask': 2.033883094497913, 'Losses/train_all_loss_dice': 0.14685722387073588, 'Losses/train_all_loss_iou': 0.08758828787406757, 'Losses/train_all_loss_class': 0.348282198142812, 'Losses/train_all_core_loss': 41.2603895863474, 'Trainer/where': 0.01999526066350711, 'Trainer/epoch': 1, 'Trainer/steps_train': 4220}
INFO 2026-09-28 10:49:41,589 sam2_image_predictor.py: 102: For numpy array image, we assume (HxWxC) format
INFO 2026-09-28 10:49:41,612 sam2_image_predictor.py: 116: Computing image embeddings for the provided image...
INFO 2026-09-28 10:49:41,624 sam2_image_predictor.py: 129: Image embeddings computed.
INFO 2026-09-28 10:49:42,302 sam2_image_predictor.py: 102: For numpy array image, we assume (HxWxC) format
INFO 2026-09-28 10:49:42,320 sam2_image_predictor.py: 116: Computing image embeddings for the provided image...
INFO 2026-09-28 10:49:42,332 sam2_image_predictor.py: 129: Image embeddings computed.
INFO 2026-09-28 10:49:43,034 sam2_image_predictor.py: 102: For numpy array image, we assume (HxWxC) format
INFO 2026-09-28 10:49:43,052 sam2_image_predictor.py: 116: Computing image embeddings for the provided image...
INFO 2026-09-28 10:49:43,064 sam2_image_predictor.py: 129: Image embeddings computed.
INFO 2026-09-28 10:49:43,823 sam2_image_predictor.py: 102: For numpy array image, we assume (HxWxC) format
INFO 2026-09-28 10:49:43,844 sam2_image_predictor.py: 116: Computing image embeddings for the provided image...
INFO 2026-09-28 10:49:43,855 sam2_image_predictor.py: 129: Image embeddings computed.
INFO 2026-09-28 10:49:44,664 sam2_image_predictor.py: 102: For numpy array image, we assume (HxWxC) format
INFO 2026-09-28 10:49:44,693 sam2_image_predictor.py: 116: Computing image embeddings for the provided image...
INFO 2026-09-28 10:49:44,748 sam2_image_predictor.py: 129: Image embeddings computed.
INFO 2026-09-28 10:49:45,677 sam2_image_predictor.py: 102: For numpy array image, we assume (HxWxC) format
INFO 2026-09-28 10:49:45,699 sam2_image_predictor.py: 116: Computing image embeddings for the provided image...
INFO 2026-09-28 10:49:45,707 sam2_image_predictor.py: 129: Image embeddings computed.
INFO 2026-09-28 10:49:46,421 sam2_image_predictor.py: 102: For numpy array image, we assume (HxWxC) format
INFO 2026-09-28 10:49:46,440 sam2_image_predictor.py: 116: Computing image embeddings for the provided image...
INFO 2026-09-28 10:49:46,449 sam2_image_predictor.py: 129: Image embeddings computed.
INFO 2026-09-28 10:49:47,196 sam2_image_predictor.py: 102: For numpy array image, we assume (HxWxC) format
INFO 2026-09-28 10:49:47,216 sam2_image_predictor.py: 116: Computing image embeddings for the provided image...
INFO 2026-09-28 10:49:47,223 sam2_image_predictor.py: 129: Image embeddings computed.
INFO 2026-09-28 10:49:47,931 sam2_image_predictor.py: 102: For numpy array image, we assume (HxWxC) format
INFO 2026-09-28 10:49:47,949 sam2_image_predictor.py: 116: Computing image embeddings for the provided image...
INFO 2026-09-28 10:49:47,957 sam2_image_predictor.py: 129: Image embeddings computed.
INFO 2026-09-28 10:49:48,594 sam2_image_predictor.py: 102: For numpy array image, we assume (HxWxC) format
INFO 2026-09-28 10:49:48,665 sam2_image_predictor.py: 116: Computing image embeddings for the provided image...
INFO 2026-09-28 10:49:48,674 sam2_image_predictor.py: 129: Image embeddings computed.
INFO 2026-09-28 10:49:49,232 sam2_image_predictor.py: 102: For numpy array image, we assume (HxWxC) format
INFO 2026-09-28 10:49:49,237 sam2_image_predictor.py: 116: Computing image embeddings for the provided image...
INFO 2026-09-28 10:49:49,246 sam2_image_predictor.py: 129: Image embeddings computed.
INFO 2026-09-28 10:49:49,817 sam2_image_predictor.py: 102: For numpy array image, we assume (HxWxC) format
INFO 2026-09-28 10:49:49,831 sam2_image_predictor.py: 116: Computing image embeddings for the provided image...
INFO 2026-09-28 10:49:49,838 sam2_image_predictor.py: 129: Image embeddings computed.
INFO 2026-09-28 10:49:50,440 sam2_image_predictor.py: 102: For numpy array image, we assume (HxWxC) format
INFO 2026-09-28 10:49:50,454 sam2_image_predictor.py: 116: Computing image embeddings for the provided image...
INFO 2026-09-28 10:49:50,462 sam2_image_predictor.py: 129: Image embeddings computed.
INFO 2026-09-28 10:49:51,048 sam2_image_predictor.py: 102: For numpy array image, we assume (HxWxC) format
INFO 2026-09-28 10:49:51,144 sam2_image_predictor.py: 116: Computing image embeddings for the provided image...
INFO 2026-09-28 10:49:51,156 sam2_image_predictor.py: 129: Image embeddings computed.
INFO 2026-09-28 10:49:51,718 sam2_image_predictor.py: 102: For numpy array image, we assume (HxWxC) format
INFO 2026-09-28 10:49:51,731 sam2_image_predictor.py: 116: Computing image embeddings for the provided image...
INFO 2026-09-28 10:49:51,742 sam2_image_predictor.py: 129: Image embeddings computed.
INFO 2026-09-28 10:49:52,361 sam2_image_predictor.py: 102: For numpy array image, we assume (HxWxC) format
INFO 2026-09-28 10:49:52,376 sam2_image_predictor.py: 116: Computing image embeddings for the provided image...
INFO 2026-09-28 10:49:52,387 sam2_image_predictor.py: 129: Image embeddings computed.
INFO 2026-09-28 10:49:53,014 sam2_image_predictor.py: 102: For numpy array image, we assume (HxWxC) format
INFO 2026-09-28 10:49:53,030 sam2_image_predictor.py: 116: Computing image embeddings for the provided image...
INFO 2026-09-28 10:49:53,040 sam2_image_predictor.py: 129: Image embeddings computed.
INFO 2026-09-28 10:49:53,642 sam2_image_predictor.py: 102: For numpy array image, we assume (HxWxC) format
INFO 2026-09-28 10:49:53,659 sam2_image_predictor.py: 116: Computing image embeddings for the provided image...
INFO 2026-09-28 10:49:53,670 sam2_image_predictor.py: 129: Image embeddings computed.
INFO 2026-09-28 10:49:54,288 sam2_image_predictor.py: 102: For numpy array image, we assume (HxWxC) format
INFO 2026-09-28 10:49:54,319 sam2_image_predictor.py: 116: Computing image embeddings for the provided image...
INFO 2026-09-28 10:49:54,348 sam2_image_predictor.py: 129: Image embeddings computed.
INFO 2026-09-28 10:49:55,005 sam2_image_predictor.py: 102: For numpy array image, we assume (HxWxC) format
INFO 2026-09-28 10:49:55,010 sam2_image_predictor.py: 116: Computing image embeddings for the provided image...
INFO 2026-09-28 10:49:55,022 sam2_image_predictor.py: 129: Image embeddings computed.
INFO 2026-09-28 10:49:55,633 best_coco_trainer.py: 114: COCO eval rank 0: 20/100 images
INFO 2026-09-28 10:49:55,649 sam2_image_predictor.py: 102: For numpy array image, we assume (HxWxC) format
INFO 2026-09-28 10:49:55,667 sam2_image_predictor.py: 116: Computing image embeddings for the provided image...
INFO 2026-09-28 10:49:55,675 sam2_image_predictor.py: 129: Image embeddings computed.
INFO 2026-09-28 10:49:56,299 sam2_image_predictor.py: 102: For numpy array image, we assume (HxWxC) format
INFO 2026-09-28 10:49:56,318 sam2_image_predictor.py: 116: Computing image embeddings for the provided image...
INFO 2026-09-28 10:49:56,326 sam2_image_predictor.py: 129: Image embeddings computed.
INFO 2026-09-28 10:49:57,006 sam2_image_predictor.py: 102: For numpy array image, we assume (HxWxC) format
INFO 2026-09-28 10:49:57,031 sam2_image_predictor.py: 116: Computing image embeddings for the provided image...
INFO 2026-09-28 10:49:57,039 sam2_image_predictor.py: 129: Image embeddings computed.
INFO 2026-09-28 10:49:57,661 sam2_image_predictor.py: 102: For numpy array image, we assume (HxWxC) format
INFO 2026-09-28 10:49:57,678 sam2_image_predictor.py: 116: Computing image embeddings for the provided image...
INFO 2026-09-28 10:49:57,686 sam2_image_predictor.py: 129: Image embeddings computed.
INFO 2026-09-28 10:49:58,310 sam2_image_predictor.py: 102: For numpy array image, we assume (HxWxC) format
INFO 2026-09-28 10:49:58,316 sam2_image_predictor.py: 116: Computing image embeddings for the provided image...
INFO 2026-09-28 10:49:58,323 sam2_image_predictor.py: 129: Image embeddings computed.
INFO 2026-09-28 10:49:58,867 sam2_image_predictor.py: 102: For numpy array image, we assume (HxWxC) format
INFO 2026-09-28 10:49:58,886 sam2_image_predictor.py: 116: Computing image embeddings for the provided image...
INFO 2026-09-28 10:49:58,894 sam2_image_predictor.py: 129: Image embeddings computed.
INFO 2026-09-28 10:49:59,509 sam2_image_predictor.py: 102: For numpy array image, we assume (HxWxC) format
INFO 2026-09-28 10:49:59,521 sam2_image_predictor.py: 116: Computing image embeddings for the provided image...
INFO 2026-09-28 10:49:59,529 sam2_image_predictor.py: 129: Image embeddings computed.
INFO 2026-09-28 10:50:00,073 sam2_image_predictor.py: 102: For numpy array image, we assume (HxWxC) format
INFO 2026-09-28 10:50:00,078 sam2_image_predictor.py: 116: Computing image embeddings for the provided image...
INFO 2026-09-28 10:50:00,086 sam2_image_predictor.py: 129: Image embeddings computed.
INFO 2026-09-28 10:50:00,599 sam2_image_predictor.py: 102: For numpy array image, we assume (HxWxC) format
INFO 2026-09-28 10:50:00,620 sam2_image_predictor.py: 116: Computing image embeddings for the provided image...
INFO 2026-09-28 10:50:00,628 sam2_image_predictor.py: 129: Image embeddings computed.
INFO 2026-09-28 10:50:01,247 sam2_image_predictor.py: 102: For numpy array image, we assume (HxWxC) format
INFO 2026-09-28 10:50:01,267 sam2_image_predictor.py: 116: Computing image embeddings for the provided image...
INFO 2026-09-28 10:50:01,276 sam2_image_predictor.py: 129: Image embeddings computed.
INFO 2026-09-28 10:50:02,046 sam2_image_predictor.py: 102: For numpy array image, we assume (HxWxC) format
INFO 2026-09-28 10:50:02,067 sam2_image_predictor.py: 116: Computing image embeddings for the provided image...
INFO 2026-09-28 10:50:02,075 sam2_image_predictor.py: 129: Image embeddings computed.
INFO 2026-09-28 10:50:02,806 sam2_image_predictor.py: 102: For numpy array image, we assume (HxWxC) format
INFO 2026-09-28 10:50:02,950 sam2_image_predictor.py: 116: Computing image embeddings for the provided image...
INFO 2026-09-28 10:50:02,958 sam2_image_predictor.py: 129: Image embeddings computed.
INFO 2026-09-28 10:50:03,712 sam2_image_predictor.py: 102: For numpy array image, we assume (HxWxC) format
INFO 2026-09-28 10:50:03,726 sam2_image_predictor.py: 116: Computing image embeddings for the provided image...
INFO 2026-09-28 10:50:03,733 sam2_image_predictor.py: 129: Image embeddings computed.
INFO 2026-09-28 10:50:04,457 sam2_image_predictor.py: 102: For numpy array image, we assume (HxWxC) format
INFO 2026-09-28 10:50:04,462 sam2_image_predictor.py: 116: Computing image embeddings for the provided image...
INFO 2026-09-28 10:50:04,471 sam2_image_predictor.py: 129: Image embeddings computed.
INFO 2026-09-28 10:50:05,108 sam2_image_predictor.py: 102: For numpy array image, we assume (HxWxC) format
INFO 2026-09-28 10:50:05,122 sam2_image_predictor.py: 116: Computing image embeddings for the provided image...
INFO 2026-09-28 10:50:05,129 sam2_image_predictor.py: 129: Image embeddings computed.
INFO 2026-09-28 10:50:05,743 sam2_image_predictor.py: 102: For numpy array image, we assume (HxWxC) format
INFO 2026-09-28 10:50:05,758 sam2_image_predictor.py: 116: Computing image embeddings for the provided image...
INFO 2026-09-28 10:50:05,765 sam2_image_predictor.py: 129: Image embeddings computed.
INFO 2026-09-28 10:50:06,453 sam2_image_predictor.py: 102: For numpy array image, we assume (HxWxC) format
INFO 2026-09-28 10:50:06,482 sam2_image_predictor.py: 116: Computing image embeddings for the provided image...
INFO 2026-09-28 10:50:06,490 sam2_image_predictor.py: 129: Image embeddings computed.
INFO 2026-09-28 10:50:07,137 sam2_image_predictor.py: 102: For numpy array image, we assume (HxWxC) format
INFO 2026-09-28 10:50:07,152 sam2_image_predictor.py: 116: Computing image embeddings for the provided image...
INFO 2026-09-28 10:50:07,160 sam2_image_predictor.py: 129: Image embeddings computed.
INFO 2026-09-28 10:50:07,773 sam2_image_predictor.py: 102: For numpy array image, we assume (HxWxC) format
INFO 2026-09-28 10:50:07,779 sam2_image_predictor.py: 116: Computing image embeddings for the provided image...
INFO 2026-09-28 10:50:07,787 sam2_image_predictor.py: 129: Image embeddings computed.
INFO 2026-09-28 10:50:08,417 sam2_image_predictor.py: 102: For numpy array image, we assume (HxWxC) format
INFO 2026-09-28 10:50:08,430 sam2_image_predictor.py: 116: Computing image embeddings for the provided image...
INFO 2026-09-28 10:50:08,438 sam2_image_predictor.py: 129: Image embeddings computed.
INFO 2026-09-28 10:50:09,060 best_coco_trainer.py: 114: COCO eval rank 0: 40/100 images
INFO 2026-09-28 10:50:09,077 sam2_image_predictor.py: 102: For numpy array image, we assume (HxWxC) format
INFO 2026-09-28 10:50:09,094 sam2_image_predictor.py: 116: Computing image embeddings for the provided image...
INFO 2026-09-28 10:50:09,102 sam2_image_predictor.py: 129: Image embeddings computed.
INFO 2026-09-28 10:50:09,794 sam2_image_predictor.py: 102: For numpy array image, we assume (HxWxC) format
INFO 2026-09-28 10:50:09,810 sam2_image_predictor.py: 116: Computing image embeddings for the provided image...
INFO 2026-09-28 10:50:09,818 sam2_image_predictor.py: 129: Image embeddings computed.
INFO 2026-09-28 10:50:10,447 sam2_image_predictor.py: 102: For numpy array image, we assume (HxWxC) format
INFO 2026-09-28 10:50:10,453 sam2_image_predictor.py: 116: Computing image embeddings for the provided image...
INFO 2026-09-28 10:50:10,461 sam2_image_predictor.py: 129: Image embeddings computed.
INFO 2026-09-28 10:50:11,000 sam2_image_predictor.py: 102: For numpy array image, we assume (HxWxC) format
INFO 2026-09-28 10:50:11,006 sam2_image_predictor.py: 116: Computing image embeddings for the provided image...
INFO 2026-09-28 10:50:11,013 sam2_image_predictor.py: 129: Image embeddings computed.
INFO 2026-09-28 10:50:11,553 sam2_image_predictor.py: 102: For numpy array image, we assume (HxWxC) format
INFO 2026-09-28 10:50:11,560 sam2_image_predictor.py: 116: Computing image embeddings for the provided image...
INFO 2026-09-28 10:50:11,568 sam2_image_predictor.py: 129: Image embeddings computed.
INFO 2026-09-28 10:50:12,155 sam2_image_predictor.py: 102: For numpy array image, we assume (HxWxC) format
INFO 2026-09-28 10:50:12,160 sam2_image_predictor.py: 116: Computing image embeddings for the provided image...
INFO 2026-09-28 10:50:12,168 sam2_image_predictor.py: 129: Image embeddings computed.
INFO 2026-09-28 10:50:12,701 sam2_image_predictor.py: 102: For numpy array image, we assume (HxWxC) format
INFO 2026-09-28 10:50:12,707 sam2_image_predictor.py: 116: Computing image embeddings for the provided image...
INFO 2026-09-28 10:50:12,716 sam2_image_predictor.py: 129: Image embeddings computed.
INFO 2026-09-28 10:50:13,332 sam2_image_predictor.py: 102: For numpy array image, we assume (HxWxC) format
INFO 2026-09-28 10:50:13,339 sam2_image_predictor.py: 116: Computing image embeddings for the provided image...
INFO 2026-09-28 10:50:13,347 sam2_image_predictor.py: 129: Image embeddings computed.
INFO 2026-09-28 10:50:13,928 sam2_image_predictor.py: 102: For numpy array image, we assume (HxWxC) format
INFO 2026-09-28 10:50:13,956 sam2_image_predictor.py: 116: Computing image embeddings for the provided image...
INFO 2026-09-28 10:50:13,964 sam2_image_predictor.py: 129: Image embeddings computed.
INFO 2026-09-28 10:50:14,549 sam2_image_predictor.py: 102: For numpy array image, we assume (HxWxC) format
INFO 2026-09-28 10:50:14,569 sam2_image_predictor.py: 116: Computing image embeddings for the provided image...
INFO 2026-09-28 10:50:14,578 sam2_image_predictor.py: 129: Image embeddings computed.
INFO 2026-09-28 10:50:15,190 sam2_image_predictor.py: 102: For numpy array image, we assume (HxWxC) format
INFO 2026-09-28 10:50:15,212 sam2_image_predictor.py: 116: Computing image embeddings for the provided image...
INFO 2026-09-28 10:50:15,221 sam2_image_predictor.py: 129: Image embeddings computed.
INFO 2026-09-28 10:50:15,891 sam2_image_predictor.py: 102: For numpy array image, we assume (HxWxC) format
INFO 2026-09-28 10:50:15,912 sam2_image_predictor.py: 116: Computing image embeddings for the provided image...
INFO 2026-09-28 10:50:15,919 sam2_image_predictor.py: 129: Image embeddings computed.
INFO 2026-09-28 10:50:16,506 sam2_image_predictor.py: 102: For numpy array image, we assume (HxWxC) format
INFO 2026-09-28 10:50:16,528 sam2_image_predictor.py: 116: Computing image embeddings for the provided image...
INFO 2026-09-28 10:50:16,536 sam2_image_predictor.py: 129: Image embeddings computed.
INFO 2026-09-28 10:50:17,138 sam2_image_predictor.py: 102: For numpy array image, we assume (HxWxC) format
INFO 2026-09-28 10:50:17,144 sam2_image_predictor.py: 116: Computing image embeddings for the provided image...
INFO 2026-09-28 10:50:17,152 sam2_image_predictor.py: 129: Image embeddings computed.
INFO 2026-09-28 10:50:17,691 sam2_image_predictor.py: 102: For numpy array image, we assume (HxWxC) format
INFO 2026-09-28 10:50:17,698 sam2_image_predictor.py: 116: Computing image embeddings for the provided image...
INFO 2026-09-28 10:50:17,706 sam2_image_predictor.py: 129: Image embeddings computed.
INFO 2026-09-28 10:50:18,235 sam2_image_predictor.py: 102: For numpy array image, we assume (HxWxC) format
INFO 2026-09-28 10:50:18,253 sam2_image_predictor.py: 116: Computing image embeddings for the provided image...
INFO 2026-09-28 10:50:18,261 sam2_image_predictor.py: 129: Image embeddings computed.
INFO 2026-09-28 10:50:18,841 sam2_image_predictor.py: 102: For numpy array image, we assume (HxWxC) format
INFO 2026-09-28 10:50:18,848 sam2_image_predictor.py: 116: Computing image embeddings for the provided image...
INFO 2026-09-28 10:50:18,856 sam2_image_predictor.py: 129: Image embeddings computed.
INFO 2026-09-28 10:50:19,412 sam2_image_predictor.py: 102: For numpy array image, we assume (HxWxC) format
INFO 2026-09-28 10:50:19,432 sam2_image_predictor.py: 116: Computing image embeddings for the provided image...
INFO 2026-09-28 10:50:19,443 sam2_image_predictor.py: 129: Image embeddings computed.
INFO 2026-09-28 10:50:20,083 sam2_image_predictor.py: 102: For numpy array image, we assume (HxWxC) format
INFO 2026-09-28 10:50:20,103 sam2_image_predictor.py: 116: Computing image embeddings for the provided image...
INFO 2026-09-28 10:50:20,111 sam2_image_predictor.py: 129: Image embeddings computed.
INFO 2026-09-28 10:50:20,755 sam2_image_predictor.py: 102: For numpy array image, we assume (HxWxC) format
INFO 2026-09-28 10:50:20,775 sam2_image_predictor.py: 116: Computing image embeddings for the provided image...
INFO 2026-09-28 10:50:20,782 sam2_image_predictor.py: 129: Image embeddings computed.
INFO 2026-09-28 10:50:21,429 best_coco_trainer.py: 114: COCO eval rank 0: 60/100 images
INFO 2026-09-28 10:50:21,452 sam2_image_predictor.py: 102: For numpy array image, we assume (HxWxC) format
INFO 2026-09-28 10:50:21,472 sam2_image_predictor.py: 116: Computing image embeddings for the provided image...
INFO 2026-09-28 10:50:21,480 sam2_image_predictor.py: 129: Image embeddings computed.
INFO 2026-09-28 10:50:22,123 sam2_image_predictor.py: 102: For numpy array image, we assume (HxWxC) format
INFO 2026-09-28 10:50:22,143 sam2_image_predictor.py: 116: Computing image embeddings for the provided image...
INFO 2026-09-28 10:50:22,151 sam2_image_predictor.py: 129: Image embeddings computed.
INFO 2026-09-28 10:50:22,763 sam2_image_predictor.py: 102: For numpy array image, we assume (HxWxC) format
INFO 2026-09-28 10:50:22,770 sam2_image_predictor.py: 116: Computing image embeddings for the provided image...
INFO 2026-09-28 10:50:22,777 sam2_image_predictor.py: 129: Image embeddings computed.
INFO 2026-09-28 10:50:23,369 sam2_image_predictor.py: 102: For numpy array image, we assume (HxWxC) format
INFO 2026-09-28 10:50:23,375 sam2_image_predictor.py: 116: Computing image embeddings for the provided image...
INFO 2026-09-28 10:50:23,383 sam2_image_predictor.py: 129: Image embeddings computed.
INFO 2026-09-28 10:50:23,946 sam2_image_predictor.py: 102: For numpy array image, we assume (HxWxC) format
INFO 2026-09-28 10:50:23,952 sam2_image_predictor.py: 116: Computing image embeddings for the provided image...
INFO 2026-09-28 10:50:23,960 sam2_image_predictor.py: 129: Image embeddings computed.
INFO 2026-09-28 10:50:24,476 sam2_image_predictor.py: 102: For numpy array image, we assume (HxWxC) format
INFO 2026-09-28 10:50:24,482 sam2_image_predictor.py: 116: Computing image embeddings for the provided image...
INFO 2026-09-28 10:50:24,490 sam2_image_predictor.py: 129: Image embeddings computed.
INFO 2026-09-28 10:50:25,048 sam2_image_predictor.py: 102: For numpy array image, we assume (HxWxC) format
INFO 2026-09-28 10:50:25,056 sam2_image_predictor.py: 116: Computing image embeddings for the provided image...
INFO 2026-09-28 10:50:25,064 sam2_image_predictor.py: 129: Image embeddings computed.
INFO 2026-09-28 10:50:25,609 sam2_image_predictor.py: 102: For numpy array image, we assume (HxWxC) format
INFO 2026-09-28 10:50:25,615 sam2_image_predictor.py: 116: Computing image embeddings for the provided image...
INFO 2026-09-28 10:50:25,623 sam2_image_predictor.py: 129: Image embeddings computed.
INFO 2026-09-28 10:50:26,212 sam2_image_predictor.py: 102: For numpy array image, we assume (HxWxC) format
INFO 2026-09-28 10:50:26,238 sam2_image_predictor.py: 116: Computing image embeddings for the provided image...
INFO 2026-09-28 10:50:26,245 sam2_image_predictor.py: 129: Image embeddings computed.
INFO 2026-09-28 10:50:26,901 sam2_image_predictor.py: 102: For numpy array image, we assume (HxWxC) format
INFO 2026-09-28 10:50:26,921 sam2_image_predictor.py: 116: Computing image embeddings for the provided image...
INFO 2026-09-28 10:50:26,929 sam2_image_predictor.py: 129: Image embeddings computed.
INFO 2026-09-28 10:50:27,550 sam2_image_predictor.py: 102: For numpy array image, we assume (HxWxC) format
INFO 2026-09-28 10:50:27,571 sam2_image_predictor.py: 116: Computing image embeddings for the provided image...
INFO 2026-09-28 10:50:27,579 sam2_image_predictor.py: 129: Image embeddings computed.
INFO 2026-09-28 10:50:28,237 sam2_image_predictor.py: 102: For numpy array image, we assume (HxWxC) format
INFO 2026-09-28 10:50:28,258 sam2_image_predictor.py: 116: Computing image embeddings for the provided image...
INFO 2026-09-28 10:50:28,266 sam2_image_predictor.py: 129: Image embeddings computed.
INFO 2026-09-28 10:50:28,949 sam2_image_predictor.py: 102: For numpy array image, we assume (HxWxC) format
INFO 2026-09-28 10:50:29,041 sam2_image_predictor.py: 116: Computing image embeddings for the provided image...
INFO 2026-09-28 10:50:29,049 sam2_image_predictor.py: 129: Image embeddings computed.
INFO 2026-09-28 10:50:29,792 sam2_image_predictor.py: 102: For numpy array image, we assume (HxWxC) format
INFO 2026-09-28 10:50:29,822 sam2_image_predictor.py: 116: Computing image embeddings for the provided image...
INFO 2026-09-28 10:50:29,842 sam2_image_predictor.py: 129: Image embeddings computed.
INFO 2026-09-28 10:50:30,435 sam2_image_predictor.py: 102: For numpy array image, we assume (HxWxC) format
INFO 2026-09-28 10:50:30,452 sam2_image_predictor.py: 116: Computing image embeddings for the provided image...
INFO 2026-09-28 10:50:30,460 sam2_image_predictor.py: 129: Image embeddings computed.
INFO 2026-09-28 10:50:31,072 sam2_image_predictor.py: 102: For numpy array image, we assume (HxWxC) format
INFO 2026-09-28 10:50:31,091 sam2_image_predictor.py: 116: Computing image embeddings for the provided image...
INFO 2026-09-28 10:50:31,098 sam2_image_predictor.py: 129: Image embeddings computed.
INFO 2026-09-28 10:50:31,715 sam2_image_predictor.py: 102: For numpy array image, we assume (HxWxC) format
INFO 2026-09-28 10:50:31,734 sam2_image_predictor.py: 116: Computing image embeddings for the provided image...
INFO 2026-09-28 10:50:31,741 sam2_image_predictor.py: 129: Image embeddings computed.
INFO 2026-09-28 10:50:32,375 sam2_image_predictor.py: 102: For numpy array image, we assume (HxWxC) format
INFO 2026-09-28 10:50:32,395 sam2_image_predictor.py: 116: Computing image embeddings for the provided image...
INFO 2026-09-28 10:50:32,404 sam2_image_predictor.py: 129: Image embeddings computed.
INFO 2026-09-28 10:50:33,014 sam2_image_predictor.py: 102: For numpy array image, we assume (HxWxC) format
INFO 2026-09-28 10:50:33,020 sam2_image_predictor.py: 116: Computing image embeddings for the provided image...
INFO 2026-09-28 10:50:33,028 sam2_image_predictor.py: 129: Image embeddings computed.
INFO 2026-09-28 10:50:33,583 sam2_image_predictor.py: 102: For numpy array image, we assume (HxWxC) format
INFO 2026-09-28 10:50:33,605 sam2_image_predictor.py: 116: Computing image embeddings for the provided image...
INFO 2026-09-28 10:50:33,613 sam2_image_predictor.py: 129: Image embeddings computed.
INFO 2026-09-28 10:50:34,293 best_coco_trainer.py: 114: COCO eval rank 0: 80/100 images
INFO 2026-09-28 10:50:34,313 sam2_image_predictor.py: 102: For numpy array image, we assume (HxWxC) format
INFO 2026-09-28 10:50:34,336 sam2_image_predictor.py: 116: Computing image embeddings for the provided image...
INFO 2026-09-28 10:50:34,344 sam2_image_predictor.py: 129: Image embeddings computed.
INFO 2026-09-28 10:50:35,049 sam2_image_predictor.py: 102: For numpy array image, we assume (HxWxC) format
INFO 2026-09-28 10:50:35,064 sam2_image_predictor.py: 116: Computing image embeddings for the provided image...
INFO 2026-09-28 10:50:35,072 sam2_image_predictor.py: 129: Image embeddings computed.
INFO 2026-09-28 10:50:35,628 sam2_image_predictor.py: 102: For numpy array image, we assume (HxWxC) format
INFO 2026-09-28 10:50:35,634 sam2_image_predictor.py: 116: Computing image embeddings for the provided image...
INFO 2026-09-28 10:50:35,642 sam2_image_predictor.py: 129: Image embeddings computed.
INFO 2026-09-28 10:50:36,217 sam2_image_predictor.py: 102: For numpy array image, we assume (HxWxC) format
INFO 2026-09-28 10:50:36,237 sam2_image_predictor.py: 116: Computing image embeddings for the provided image...
INFO 2026-09-28 10:50:36,248 sam2_image_predictor.py: 129: Image embeddings computed.
INFO 2026-09-28 10:50:37,076 sam2_image_predictor.py: 102: For numpy array image, we assume (HxWxC) format
INFO 2026-09-28 10:50:37,097 sam2_image_predictor.py: 116: Computing image embeddings for the provided image...
INFO 2026-09-28 10:50:37,104 sam2_image_predictor.py: 129: Image embeddings computed.
INFO 2026-09-28 10:50:37,869 sam2_image_predictor.py: 102: For numpy array image, we assume (HxWxC) format
INFO 2026-09-28 10:50:37,890 sam2_image_predictor.py: 116: Computing image embeddings for the provided image...
INFO 2026-09-28 10:50:37,898 sam2_image_predictor.py: 129: Image embeddings computed.
INFO 2026-09-28 10:50:38,667 sam2_image_predictor.py: 102: For numpy array image, we assume (HxWxC) format
INFO 2026-09-28 10:50:38,689 sam2_image_predictor.py: 116: Computing image embeddings for the provided image...
INFO 2026-09-28 10:50:38,697 sam2_image_predictor.py: 129: Image embeddings computed.
INFO 2026-09-28 10:50:39,336 sam2_image_predictor.py: 102: For numpy array image, we assume (HxWxC) format
INFO 2026-09-28 10:50:39,358 sam2_image_predictor.py: 116: Computing image embeddings for the provided image...
INFO 2026-09-28 10:50:39,366 sam2_image_predictor.py: 129: Image embeddings computed.
INFO 2026-09-28 10:50:40,006 sam2_image_predictor.py: 102: For numpy array image, we assume (HxWxC) format
INFO 2026-09-28 10:50:40,028 sam2_image_predictor.py: 116: Computing image embeddings for the provided image...
INFO 2026-09-28 10:50:40,036 sam2_image_predictor.py: 129: Image embeddings computed.
INFO 2026-09-28 10:50:40,726 sam2_image_predictor.py: 102: For numpy array image, we assume (HxWxC) format
INFO 2026-09-28 10:50:40,748 sam2_image_predictor.py: 116: Computing image embeddings for the provided image...
INFO 2026-09-28 10:50:40,756 sam2_image_predictor.py: 129: Image embeddings computed.
INFO 2026-09-28 10:50:41,437 sam2_image_predictor.py: 102: For numpy array image, we assume (HxWxC) format
INFO 2026-09-28 10:50:41,464 sam2_image_predictor.py: 116: Computing image embeddings for the provided image...
INFO 2026-09-28 10:50:41,473 sam2_image_predictor.py: 129: Image embeddings computed.
INFO 2026-09-28 10:50:42,124 sam2_image_predictor.py: 102: For numpy array image, we assume (HxWxC) format
INFO 2026-09-28 10:50:42,149 sam2_image_predictor.py: 116: Computing image embeddings for the provided image...
INFO 2026-09-28 10:50:42,156 sam2_image_predictor.py: 129: Image embeddings computed.
INFO 2026-09-28 10:50:42,790 sam2_image_predictor.py: 102: For numpy array image, we assume (HxWxC) format
INFO 2026-09-28 10:50:42,812 sam2_image_predictor.py: 116: Computing image embeddings for the provided image...
INFO 2026-09-28 10:50:42,820 sam2_image_predictor.py: 129: Image embeddings computed.
INFO 2026-09-28 10:50:43,448 sam2_image_predictor.py: 102: For numpy array image, we assume (HxWxC) format
INFO 2026-09-28 10:50:43,549 sam2_image_predictor.py: 116: Computing image embeddings for the provided image...
INFO 2026-09-28 10:50:43,557 sam2_image_predictor.py: 129: Image embeddings computed.
INFO 2026-09-28 10:50:44,189 sam2_image_predictor.py: 102: For numpy array image, we assume (HxWxC) format
INFO 2026-09-28 10:50:44,206 sam2_image_predictor.py: 116: Computing image embeddings for the provided image...
INFO 2026-09-28 10:50:44,213 sam2_image_predictor.py: 129: Image embeddings computed.
INFO 2026-09-28 10:50:44,879 sam2_image_predictor.py: 102: For numpy array image, we assume (HxWxC) format
INFO 2026-09-28 10:50:44,897 sam2_image_predictor.py: 116: Computing image embeddings for the provided image...
INFO 2026-09-28 10:50:44,905 sam2_image_predictor.py: 129: Image embeddings computed.
INFO 2026-09-28 10:50:45,589 sam2_image_predictor.py: 102: For numpy array image, we assume (HxWxC) format
INFO 2026-09-28 10:50:45,608 sam2_image_predictor.py: 116: Computing image embeddings for the provided image...
INFO 2026-09-28 10:50:45,616 sam2_image_predictor.py: 129: Image embeddings computed.
INFO 2026-09-28 10:50:46,278 sam2_image_predictor.py: 102: For numpy array image, we assume (HxWxC) format
INFO 2026-09-28 10:50:46,299 sam2_image_predictor.py: 116: Computing image embeddings for the provided image...
INFO 2026-09-28 10:50:46,307 sam2_image_predictor.py: 129: Image embeddings computed.
INFO 2026-09-28 10:50:46,936 sam2_image_predictor.py: 102: For numpy array image, we assume (HxWxC) format
INFO 2026-09-28 10:50:46,957 sam2_image_predictor.py: 116: Computing image embeddings for the provided image...
INFO 2026-09-28 10:50:46,965 sam2_image_predictor.py: 129: Image embeddings computed.
INFO 2026-09-28 10:50:47,676 sam2_image_predictor.py: 102: For numpy array image, we assume (HxWxC) format
INFO 2026-09-28 10:50:47,697 sam2_image_predictor.py: 116: Computing image embeddings for the provided image...
INFO 2026-09-28 10:50:47,706 sam2_image_predictor.py: 129: Image embeddings computed.
INFO 2026-09-28 10:50:48,347 best_coco_trainer.py: 114: COCO eval rank 0: 100/100 images
INFO 2026-09-28 10:50:49,172 best_coco_trainer.py: 181: Epoch 2: AP=12.7823; best=12.7823; saved=True
WARNING:root:Skip RandomAffine for zero-area mask in first frame after 1 tentatives
WARNING:root:Skip RandomAffine for zero-area mask in first frame after 1 tentatives
WARNING:root:Skip RandomAffine for zero-area mask in first frame after 1 tentatives
INFO 2026-09-28 10:50:54,696 train_utils.py: 271: Train Epoch: [2][   0/2110] | Batch Time: 5.36 (5.36) | Data Time: 5.22 (5.22) | Mem (GB): 6.00 (6.00/6.00) | Time Elapsed: 00d 00h 28m | Losses/train_all_loss: 3.66e-01 (3.66e-01)
WARNING:root:Skip RandomAffine for zero-area mask in first frame after 1 tentatives
WARNING:root:Skip RandomAffine for zero-area mask in first frame after 1 tentatives
WARNING:root:Skip RandomAffine for zero-area mask in first frame after 1 tentatives
WARNING:root:Skip RandomAffine for zero-area mask in first frame after 1 tentatives
INFO 2026-09-28 10:50:58,994 train_utils.py: 271: Train Epoch: [2][  10/2110] | Batch Time: 0.22 (0.88) | Data Time: 0.00 (0.72) | Mem (GB): 15.00 (8.27/15.00) | Time Elapsed: 00d 00h 28m | Losses/train_all_loss: 2.51e+00 (2.74e+01)
WARNING:root:Skip RandomAffine for zero-area mask in first frame after 1 tentatives
WARNING:root:Skip RandomAffine for zero-area mask in first frame after 1 tentatives
WARNING:root:Skip RandomAffine for zero-area mask in first frame after 1 tentatives
WARNING:root:Skip RandomAffine for zero-area mask in first frame after 1 tentatives
INFO 2026-09-28 10:51:05,301 train_utils.py: 271: Train Epoch: [2][  20/2110] | Batch Time: 0.86 (0.76) | Data Time: 0.69 (0.60) | Mem (GB): 9.00 (9.00/15.00) | Time Elapsed: 00d 00h 29m | Losses/train_all_loss: 6.01e+01 (2.44e+01)
WARNING:root:Skip RandomAffine for zero-area mask in first frame after 1 tentatives
WARNING:root:Skip RandomAffine for zero-area mask in first frame after 1 tentatives
INFO 2026-09-28 10:51:07,792 train_utils.py: 271: Train Epoch: [2][  30/2110] | Batch Time: 0.08 (0.60) | Data Time: 0.00 (0.45) | Mem (GB): 2.00 (7.74/15.00) | Time Elapsed: 00d 00h 29m | Losses/train_all_loss: 1.99e-01 (2.35e+01)
WARNING:root:Skip RandomAffine for zero-area mask in first frame after 1 tentatives
WARNING:root:Skip RandomAffine for zero-area mask in first frame after 1 tentatives
WARNING:root:Skip RandomAffine for zero-area mask in first frame after 1 tentatives
WARNING:root:Skip RandomAffine for zero-area mask in first frame after 1 tentatives
WARNING:root:Skip RandomAffine for zero-area mask in first frame after 1 tentatives
INFO 2026-09-28 10:51:12,091 train_utils.py: 271: Train Epoch: [2][  40/2110] | Batch Time: 1.88 (0.55) | Data Time: 1.63 (0.41) | Mem (GB): 15.00 (7.49/15.00) | Time Elapsed: 00d 00h 29m | Losses/train_all_loss: 3.13e+00 (2.07e+01)
WARNING:root:Skip RandomAffine for zero-area mask in first frame after 1 tentatives
WARNING:root:Skip RandomAffine for zero-area mask in first frame after 1 tentatives
INFO 2026-09-28 10:51:15,346 train_utils.py: 271: Train Epoch: [2][  50/2110] | Batch Time: 0.08 (0.51) | Data Time: 0.00 (0.37) | Mem (GB): 2.00 (7.45/15.00) | Time Elapsed: 00d 00h 29m | Losses/train_all_loss: 5.19e-01 (2.57e+01)
WARNING:root:Skip RandomAffine for zero-area mask in first frame after 1 tentatives
WARNING:root:Skip RandomAffine for zero-area mask in first frame after 1 tentatives
WARNING:root:Skip RandomAffine for zero-area mask in first frame after 1 tentatives
WARNING:root:Skip RandomAffine for zero-area mask in first frame after 1 tentatives
INFO 2026-09-28 10:51:19,674 train_utils.py: 271: Train Epoch: [2][  60/2110] | Batch Time: 0.64 (0.50) | Data Time: 0.53 (0.36) | Mem (GB): 5.00 (7.18/15.00) | Time Elapsed: 00d 00h 29m | Losses/train_all_loss: 1.33e+02 (2.85e+01)
WARNING:root:Skip RandomAffine for zero-area mask in first frame after 1 tentatives
WARNING:root:Skip RandomAffine for zero-area mask in first frame after 1 tentatives
WARNING:root:Skip RandomAffine for zero-area mask in first frame after 1 tentatives
WARNING:root:Skip RandomAffine for zero-area mask in first frame after 1 tentatives
INFO 2026-09-28 10:51:23,953 train_utils.py: 271: Train Epoch: [2][  70/2110] | Batch Time: 0.14 (0.49) | Data Time: 0.00 (0.35) | Mem (GB): 8.00 (7.18/15.00) | Time Elapsed: 00d 00h 29m | Losses/train_all_loss: 3.86e+00 (2.65e+01)
WARNING:root:Skip RandomAffine for zero-area mask in first frame after 1 tentatives
WARNING:root:Skip RandomAffine for zero-area mask in first frame after 1 tentatives
WARNING:root:Skip RandomAffine for zero-area mask in first frame after 1 tentatives
WARNING:root:Skip RandomAffine for zero-area mask in first frame after 1 tentatives
INFO 2026-09-28 10:51:28,870 train_utils.py: 271: Train Epoch: [2][  80/2110] | Batch Time: 0.20 (0.49) | Data Time: 0.00 (0.35) | Mem (GB): 13.00 (7.32/15.00) | Time Elapsed: 00d 00h 29m | Losses/train_all_loss: 8.08e+01 (2.55e+01)
WARNING:root:Skip RandomAffine for zero-area mask in first frame after 1 tentatives
WARNING:root:Skip RandomAffine for zero-area mask in first frame after 1 tentatives
WARNING:root:Skip RandomAffine for zero-area mask in first frame after 1 tentatives
INFO 2026-09-28 10:51:32,447 train_utils.py: 271: Train Epoch: [2][  90/2110] | Batch Time: 0.14 (0.47) | Data Time: 0.00 (0.33) | Mem (GB): 8.00 (7.47/15.00) | Time Elapsed: 00d 00h 29m | Losses/train_all_loss: 2.15e+01 (3.24e+01)
WARNING:root:Skip RandomAffine for zero-area mask in first frame after 1 tentatives
WARNING:root:Skip RandomAffine for zero-area mask in first frame after 1 tentatives
INFO 2026-09-28 10:51:37,285 train_utils.py: 271: Train Epoch: [2][ 100/2110] | Batch Time: 0.24 (0.47) | Data Time: 0.00 (0.33) | Mem (GB): 15.00 (7.65/15.00) | Time Elapsed: 00d 00h 29m | Losses/train_all_loss: 1.17e+00 (3.22e+01)
WARNING:root:Skip RandomAffine for zero-area mask in first frame after 1 tentatives
INFO 2026-09-28 10:51:41,144 train_utils.py: 271: Train Epoch: [2][ 110/2110] | Batch Time: 0.13 (0.47) | Data Time: 0.00 (0.32) | Mem (GB): 5.00 (7.61/15.00) | Time Elapsed: 00d 00h 29m | Losses/train_all_loss: 1.25e-01 (3.06e+01)
WARNING:root:Skip RandomAffine for zero-area mask in first frame after 1 tentatives
WARNING:root:Skip RandomAffine for zero-area mask in first frame after 1 tentatives
WARNING:root:Skip RandomAffine for zero-area mask in first frame after 1 tentatives
INFO 2026-09-28 10:51:44,463 train_utils.py: 271: Train Epoch: [2][ 120/2110] | Batch Time: 0.11 (0.46) | Data Time: 0.00 (0.31) | Mem (GB): 2.00 (7.56/15.00) | Time Elapsed: 00d 00h 29m | Losses/train_all_loss: 8.53e-01 (2.99e+01)
WARNING:root:Skip RandomAffine for zero-area mask in first frame after 1 tentatives
WARNING:root:Skip RandomAffine for zero-area mask in first frame after 1 tentatives
WARNING:root:Skip RandomAffine for zero-area mask in first frame after 1 tentatives
WARNING:root:Skip RandomAffine for zero-area mask in first frame after 1 tentatives
INFO 2026-09-28 10:51:46,972 train_utils.py: 271: Train Epoch: [2][ 130/2110] | Batch Time: 0.17 (0.44) | Data Time: 0.00 (0.30) | Mem (GB): 10.00 (7.40/15.00) | Time Elapsed: 00d 00h 29m | Losses/train_all_loss: 4.23e+01 (3.02e+01)
WARNING:root:Skip RandomAffine for zero-area mask in first frame after 1 tentatives
WARNING:root:Skip RandomAffine for zero-area mask in first frame after 1 tentatives
INFO 2026-09-28 10:51:51,344 train_utils.py: 271: Train Epoch: [2][ 140/2110] | Batch Time: 0.08 (0.44) | Data Time: 0.00 (0.30) | Mem (GB): 2.00 (7.40/15.00) | Time Elapsed: 00d 00h 29m | Losses/train_all_loss: 4.51e-01 (2.88e+01)
WARNING:root:Skip RandomAffine for zero-area mask in first frame after 1 tentatives
WARNING:root:Skip RandomAffine for zero-area mask in first frame after 1 tentatives
INFO 2026-09-28 10:51:55,319 train_utils.py: 271: Train Epoch: [2][ 150/2110] | Batch Time: 0.11 (0.44) | Data Time: 0.00 (0.30) | Mem (GB): 6.00 (7.33/15.00) | Time Elapsed: 00d 00h 29m | Losses/train_all_loss: 2.07e+01 (2.76e+01)
WARNING:root:Skip RandomAffine for zero-area mask in first frame after 1 tentatives
INFO 2026-09-28 10:51:57,535 train_utils.py: 271: Train Epoch: [2][ 160/2110] | Batch Time: 0.08 (0.42) | Data Time: 0.00 (0.29) | Mem (GB): 2.00 (7.20/15.00) | Time Elapsed: 00d 00h 29m | Losses/train_all_loss: 1.26e+02 (2.89e+01)
WARNING:root:Skip RandomAffine for zero-area mask in first frame after 1 tentatives
WARNING:root:Skip RandomAffine for zero-area mask in first frame after 1 tentatives
WARNING:root:Skip RandomAffine for zero-area mask in first frame after 1 tentatives
WARNING:root:Skip RandomAffine for zero-area mask in first frame after 1 tentatives
INFO 2026-09-28 10:52:01,052 train_utils.py: 271: Train Epoch: [2][ 170/2110] | Batch Time: 0.10 (0.42) | Data Time: 0.00 (0.28) | Mem (GB): 5.00 (7.20/15.00) | Time Elapsed: 00d 00h 30m | Losses/train_all_loss: 4.91e-01 (2.87e+01)
WARNING:root:Skip RandomAffine for zero-area mask in first frame after 1 tentatives
INFO 2026-09-28 10:52:05,623 train_utils.py: 271: Train Epoch: [2][ 180/2110] | Batch Time: 0.13 (0.42) | Data Time: 0.00 (0.28) | Mem (GB): 7.00 (7.23/15.00) | Time Elapsed: 00d 00h 30m | Losses/train_all_loss: 5.01e-01 (2.74e+01)
WARNING:root:Skip RandomAffine for zero-area mask in first frame after 1 tentatives
WARNING:root:Skip RandomAffine for zero-area mask in first frame after 1 tentatives
WARNING:root:Skip RandomAffine for zero-area mask in first frame after 1 tentatives
WARNING:root:Skip RandomAffine for zero-area mask in first frame after 1 tentatives
WARNING:root:Skip RandomAffine for zero-area mask in first frame after 1 tentatives
INFO 2026-09-28 10:52:08,943 train_utils.py: 271: Train Epoch: [2][ 190/2110] | Batch Time: 1.07 (0.42) | Data Time: 0.93 (0.28) | Mem (GB): 7.00 (7.19/15.00) | Time Elapsed: 00d 00h 30m | Losses/train_all_loss: 1.10e+02 (2.69e+01)
WARNING:root:Skip RandomAffine for zero-area mask in first frame after 1 tentatives
WARNING:root:Skip RandomAffine for zero-area mask in first frame after 1 tentatives
INFO 2026-09-28 10:52:13,296 train_utils.py: 271: Train Epoch: [2][ 200/2110] | Batch Time: 1.56 (0.42) | Data Time: 1.37 (0.28) | Mem (GB): 10.00 (7.25/15.00) | Time Elapsed: 00d 00h 30m | Losses/train_all_loss: 3.12e+01 (2.69e+01)
INFO 2026-09-28 10:52:16,992 train_utils.py: 271: Train Epoch: [2][ 210/2110] | Batch Time: 0.16 (0.42) | Data Time: 0.00 (0.28) | Mem (GB): 10.00 (7.27/15.00) | Time Elapsed: 00d 00h 30m | Losses/train_all_loss: 3.30e-01 (2.68e+01)
INFO 2026-09-28 10:52:20,478 train_utils.py: 271: Train Epoch: [2][ 220/2110] | Batch Time: 0.08 (0.41) | Data Time: 0.00 (0.28) | Mem (GB): 2.00 (7.24/15.00) | Time Elapsed: 00d 00h 30m | Losses/train_all_loss: 5.99e-01 (2.74e+01)
WARNING:root:Skip RandomAffine for zero-area mask in first frame after 1 tentatives
WARNING:root:Skip RandomAffine for zero-area mask in first frame after 1 tentatives
INFO 2026-09-28 10:52:23,522 train_utils.py: 271: Train Epoch: [2][ 230/2110] | Batch Time: 0.09 (0.41) | Data Time: 0.00 (0.27) | Mem (GB): 2.00 (7.19/15.00) | Time Elapsed: 00d 00h 30m | Losses/train_all_loss: 1.11e+00 (2.68e+01)
WARNING:root:Skip RandomAffine for zero-area mask in first frame after 1 tentatives
WARNING:root:Skip RandomAffine for zero-area mask in first frame after 1 tentatives
WARNING:root:Skip RandomAffine for zero-area mask in first frame after 1 tentatives
INFO 2026-09-28 10:52:25,913 train_utils.py: 271: Train Epoch: [2][ 240/2110] | Batch Time: 0.11 (0.40) | Data Time: 0.00 (0.26) | Mem (GB): 5.00 (7.12/15.00) | Time Elapsed: 00d 00h 30m | Losses/train_all_loss: 1.14e+00 (2.66e+01)
WARNING:root:Skip RandomAffine for zero-area mask in first frame after 1 tentatives
WARNING:root:Skip RandomAffine for zero-area mask in first frame after 1 tentatives
WARNING:root:Skip RandomAffine for zero-area mask in first frame after 1 tentatives
INFO 2026-09-28 10:52:29,900 train_utils.py: 271: Train Epoch: [2][ 250/2110] | Batch Time: 0.12 (0.40) | Data Time: 0.00 (0.26) | Mem (GB): 7.00 (7.16/15.00) | Time Elapsed: 00d 00h 30m | Losses/train_all_loss: 2.10e-01 (2.73e+01)
WARNING:root:Skip RandomAffine for zero-area mask in first frame after 1 tentatives
INFO 2026-09-28 10:52:34,018 train_utils.py: 271: Train Epoch: [2][ 260/2110] | Batch Time: 1.74 (0.40) | Data Time: 1.51 (0.27) | Mem (GB): 15.00 (7.13/15.00) | Time Elapsed: 00d 00h 30m | Losses/train_all_loss: 1.88e+01 (2.66e+01)
WARNING:root:Skip RandomAffine for zero-area mask in first frame after 1 tentatives
INFO 2026-09-28 10:52:36,723 train_utils.py: 271: Train Epoch: [2][ 270/2110] | Batch Time: 0.10 (0.40) | Data Time: 0.00 (0.26) | Mem (GB): 4.00 (7.15/15.00) | Time Elapsed: 00d 00h 30m | Losses/train_all_loss: 7.41e+00 (2.71e+01)
WARNING:root:Skip RandomAffine for zero-area mask in first frame after 1 tentatives
WARNING:root:Skip RandomAffine for zero-area mask in first frame after 1 tentatives
INFO 2026-09-28 10:52:41,286 train_utils.py: 271: Train Epoch: [2][ 280/2110] | Batch Time: 1.32 (0.40) | Data Time: 1.13 (0.26) | Mem (GB): 10.00 (7.13/15.00) | Time Elapsed: 00d 00h 30m | Losses/train_all_loss: 1.00e+00 (2.83e+01)
WARNING:root:Skip RandomAffine for zero-area mask in first frame after 1 tentatives
WARNING:root:Skip RandomAffine for zero-area mask in first frame after 1 tentatives
WARNING:root:Skip RandomAffine for zero-area mask in first frame after 1 tentatives
INFO 2026-09-28 10:52:43,243 train_utils.py: 271: Train Epoch: [2][ 290/2110] | Batch Time: 0.10 (0.39) | Data Time: 0.00 (0.26) | Mem (GB): 4.00 (7.12/15.00) | Time Elapsed: 00d 00h 30m | Losses/train_all_loss: 5.95e-01 (2.80e+01)
WARNING:root:Skip RandomAffine for zero-area mask in first frame after 1 tentatives
WARNING:root:Skip RandomAffine for zero-area mask in first frame after 1 tentatives
WARNING:root:Skip RandomAffine for zero-area mask in first frame after 1 tentatives
WARNING:root:Skip RandomAffine for zero-area mask in first frame after 1 tentatives
WARNING:root:Skip RandomAffine for zero-area mask in first frame after 1 tentatives
INFO 2026-09-28 10:52:47,379 train_utils.py: 271: Train Epoch: [2][ 300/2110] | Batch Time: 0.09 (0.39) | Data Time: 0.00 (0.26) | Mem (GB): 2.00 (7.14/15.00) | Time Elapsed: 00d 00h 30m | Losses/train_all_loss: 3.85e+00 (2.75e+01)
WARNING:root:Skip RandomAffine for zero-area mask in first frame after 1 tentatives
WARNING:root:Skip RandomAffine for zero-area mask in first frame after 1 tentatives
WARNING:root:Skip RandomAffine for zero-area mask in first frame after 1 tentatives
WARNING:root:Skip RandomAffine for zero-area mask in first frame after 1 tentatives
INFO 2026-09-28 10:52:50,064 train_utils.py: 271: Train Epoch: [2][ 310/2110] | Batch Time: 0.22 (0.39) | Data Time: 0.03 (0.25) | Mem (GB): 12.00 (7.15/15.00) | Time Elapsed: 00d 00h 30m | Losses/train_all_loss: 4.55e-01 (2.76e+01)
WARNING:root:Skip RandomAffine for zero-area mask in first frame after 1 tentatives
INFO 2026-09-28 10:52:53,610 train_utils.py: 271: Train Epoch: [2][ 320/2110] | Batch Time: 0.09 (0.39) | Data Time: 0.00 (0.25) | Mem (GB): 4.00 (7.20/15.00) | Time Elapsed: 00d 00h 30m | Losses/train_all_loss: 1.36e-01 (2.73e+01)
WARNING:root:Skip RandomAffine for zero-area mask in first frame after 1 tentatives
WARNING:root:Skip RandomAffine for zero-area mask in first frame after 1 tentatives
WARNING:root:Skip RandomAffine for zero-area mask in first frame after 1 tentatives
WARNING:root:Skip RandomAffine for zero-area mask in first frame after 1 tentatives
INFO 2026-09-28 10:52:56,952 train_utils.py: 271: Train Epoch: [2][ 330/2110] | Batch Time: 0.14 (0.39) | Data Time: 0.00 (0.25) | Mem (GB): 8.00 (7.21/15.00) | Time Elapsed: 00d 00h 30m | Losses/train_all_loss: 5.99e-01 (2.77e+01)
WARNING:root:Skip RandomAffine for zero-area mask in first frame after 1 tentatives
WARNING:root:Skip RandomAffine for zero-area mask in first frame after 1 tentatives
WARNING:root:Skip RandomAffine for zero-area mask in first frame after 1 tentatives
WARNING:root:Skip RandomAffine for zero-area mask in first frame after 1 tentatives
WARNING:root:Skip RandomAffine for zero-area mask in first frame after 1 tentatives
INFO 2026-09-28 10:53:01,625 train_utils.py: 271: Train Epoch: [2][ 340/2110] | Batch Time: 0.22 (0.39) | Data Time: 0.00 (0.25) | Mem (GB): 15.00 (7.26/15.00) | Time Elapsed: 00d 00h 31m | Losses/train_all_loss: 4.97e+01 (2.81e+01)
WARNING:root:Skip RandomAffine for zero-area mask in first frame after 1 tentatives
WARNING:root:Skip RandomAffine for zero-area mask in first frame after 1 tentatives
INFO 2026-09-28 10:53:03,836 train_utils.py: 271: Train Epoch: [2][ 350/2110] | Batch Time: 0.15 (0.38) | Data Time: 0.00 (0.25) | Mem (GB): 9.00 (7.22/15.00) | Time Elapsed: 00d 00h 31m | Losses/train_all_loss: 2.81e+01 (2.88e+01)
WARNING:root:Skip RandomAffine for zero-area mask in first frame after 1 tentatives
WARNING:root:Skip RandomAffine for zero-area mask in first frame after 1 tentatives
WARNING:root:Skip RandomAffine for zero-area mask in first frame after 1 tentatives
WARNING:root:Skip RandomAffine for zero-area mask in first frame after 1 tentatives
WARNING:root:Skip RandomAffine for zero-area mask in first frame after 1 tentatives
WARNING:root:Skip RandomAffine for zero-area mask in first frame after 1 tentatives
INFO 2026-09-28 10:53:07,114 train_utils.py: 271: Train Epoch: [2][ 360/2110] | Batch Time: 0.07 (0.38) | Data Time: 0.00 (0.24) | Mem (GB): 2.00 (7.21/15.00) | Time Elapsed: 00d 00h 31m | Losses/train_all_loss: 2.91e-01 (2.88e+01)
WARNING:root:Skip RandomAffine for zero-area mask in first frame after 1 tentatives
WARNING:root:Skip RandomAffine for zero-area mask in first frame after 1 tentatives
WARNING:root:Skip RandomAffine for zero-area mask in first frame after 1 tentatives
WARNING:root:Skip RandomAffine for zero-area mask in first frame after 1 tentatives
WARNING:root:Skip RandomAffine for zero-area mask in first frame after 1 tentatives
WARNING:root:Skip RandomAffine for zero-area mask in first frame after 1 tentatives
INFO 2026-09-28 10:53:10,713 train_utils.py: 271: Train Epoch: [2][ 370/2110] | Batch Time: 1.10 (0.38) | Data Time: 0.85 (0.24) | Mem (GB): 15.00 (7.23/15.00) | Time Elapsed: 00d 00h 31m | Losses/train_all_loss: 1.89e+01 (2.87e+01)
WARNING:root:Skip RandomAffine for zero-area mask in first frame after 1 tentatives
WARNING:root:Skip RandomAffine for zero-area mask in first frame after 1 tentatives
WARNING:root:Skip RandomAffine for zero-area mask in first frame after 1 tentatives
WARNING:root:Skip RandomAffine for zero-area mask in first frame after 1 tentatives
WARNING:root:Skip RandomAffine for zero-area mask in first frame after 1 tentatives
INFO 2026-09-28 10:53:13,684 train_utils.py: 271: Train Epoch: [2][ 380/2110] | Batch Time: 0.18 (0.38) | Data Time: 0.02 (0.24) | Mem (GB): 10.00 (7.27/15.00) | Time Elapsed: 00d 00h 31m | Losses/train_all_loss: 1.10e+02 (2.85e+01)
WARNING:root:Skip RandomAffine for zero-area mask in first frame after 1 tentatives
WARNING:root:Skip RandomAffine for zero-area mask in first frame after 1 tentatives
WARNING:root:Skip RandomAffine for zero-area mask in first frame after 1 tentatives
WARNING:root:Skip RandomAffine for zero-area mask in first frame after 1 tentatives
INFO 2026-09-28 10:53:16,884 train_utils.py: 271: Train Epoch: [2][ 390/2110] | Batch Time: 0.06 (0.38) | Data Time: 0.00 (0.24) | Mem (GB): 2.00 (7.29/15.00) | Time Elapsed: 00d 00h 31m | Losses/train_all_loss: 9.02e+01 (2.93e+01)
WARNING:root:Skip RandomAffine for zero-area mask in first frame after 1 tentatives
INFO 2026-09-28 10:53:21,231 train_utils.py: 271: Train Epoch: [2][ 400/2110] | Batch Time: 1.16 (0.38) | Data Time: 0.99 (0.24) | Mem (GB): 9.00 (7.33/15.00) | Time Elapsed: 00d 00h 31m | Losses/train_all_loss: 1.34e+02 (2.92e+01)
WARNING:root:Skip RandomAffine for zero-area mask in first frame after 1 tentatives
WARNING:root:Skip RandomAffine for zero-area mask in first frame after 1 tentatives
WARNING:root:Skip RandomAffine for zero-area mask in first frame after 1 tentatives
WARNING:root:Skip RandomAffine for zero-area mask in first frame after 1 tentatives
INFO 2026-09-28 10:53:24,973 train_utils.py: 271: Train Epoch: [2][ 410/2110] | Batch Time: 0.15 (0.38) | Data Time: 0.00 (0.24) | Mem (GB): 9.00 (7.36/15.00) | Time Elapsed: 00d 00h 31m | Losses/train_all_loss: 1.61e+00 (2.89e+01)
WARNING:root:Skip RandomAffine for zero-area mask in first frame after 1 tentatives
WARNING:root:Skip RandomAffine for zero-area mask in first frame after 1 tentatives
WARNING:root:Skip RandomAffine for zero-area mask in first frame after 1 tentatives
WARNING:root:Skip RandomAffine for zero-area mask in first frame after 1 tentatives
WARNING:root:Skip RandomAffine for zero-area mask in first frame after 1 tentatives
INFO 2026-09-28 10:53:29,357 train_utils.py: 271: Train Epoch: [2][ 420/2110] | Batch Time: 0.35 (0.38) | Data Time: 0.21 (0.24) | Mem (GB): 8.00 (7.41/15.00) | Time Elapsed: 00d 00h 31m | Losses/train_all_loss: 1.27e+01 (2.90e+01)
WARNING:root:Skip RandomAffine for zero-area mask in first frame after 1 tentatives
WARNING:root:Skip RandomAffine for zero-area mask in first frame after 1 tentatives
WARNING:root:Skip RandomAffine for zero-area mask in first frame after 1 tentatives
INFO 2026-09-28 10:53:32,948 train_utils.py: 271: Train Epoch: [2][ 430/2110] | Batch Time: 0.23 (0.38) | Data Time: 0.00 (0.24) | Mem (GB): 15.00 (7.45/15.00) | Time Elapsed: 00d 00h 31m | Losses/train_all_loss: 2.41e+01 (3.17e+01)
INFO 2026-09-28 10:53:35,711 train_utils.py: 271: Train Epoch: [2][ 440/2110] | Batch Time: 0.12 (0.38) | Data Time: 0.00 (0.24) | Mem (GB): 7.00 (7.43/15.00) | Time Elapsed: 00d 00h 31m | Losses/train_all_loss: 8.82e+01 (3.16e+01)
WARNING:root:Skip RandomAffine for zero-area mask in first frame after 1 tentatives
INFO 2026-09-28 10:53:39,793 train_utils.py: 271: Train Epoch: [2][ 450/2110] | Batch Time: 0.13 (0.38) | Data Time: 0.00 (0.24) | Mem (GB): 7.00 (7.44/15.00) | Time Elapsed: 00d 00h 31m | Losses/train_all_loss: 3.79e-01 (3.18e+01)
WARNING:root:Skip RandomAffine for zero-area mask in first frame after 1 tentatives
WARNING:root:Skip RandomAffine for zero-area mask in first frame after 1 tentatives
WARNING:root:Skip RandomAffine for zero-area mask in first frame after 1 tentatives
WARNING:root:Skip RandomAffine for zero-area mask in first frame after 1 tentatives
WARNING:root:Skip RandomAffine for zero-area mask in first frame after 1 tentatives
INFO 2026-09-28 10:53:44,308 train_utils.py: 271: Train Epoch: [2][ 460/2110] | Batch Time: 0.42 (0.38) | Data Time: 0.26 (0.24) | Mem (GB): 5.00 (7.46/15.00) | Time Elapsed: 00d 00h 31m | Losses/train_all_loss: 3.69e-01 (3.16e+01)
WARNING:root:Skip RandomAffine for zero-area mask in first frame after 1 tentatives
WARNING:root:Skip RandomAffine for zero-area mask in first frame after 1 tentatives
WARNING:root:Skip RandomAffine for zero-area mask in first frame after 1 tentatives
INFO 2026-09-28 10:53:47,879 train_utils.py: 271: Train Epoch: [2][ 470/2110] | Batch Time: 0.19 (0.38) | Data Time: 0.00 (0.24) | Mem (GB): 11.00 (7.45/15.00) | Time Elapsed: 00d 00h 31m | Losses/train_all_loss: 8.92e+00 (3.15e+01)
WARNING:root:Skip RandomAffine for zero-area mask in first frame after 1 tentatives
WARNING:root:Skip RandomAffine for zero-area mask in first frame after 1 tentatives
INFO 2026-09-28 10:53:52,154 train_utils.py: 271: Train Epoch: [2][ 480/2110] | Batch Time: 1.27 (0.38) | Data Time: 1.11 (0.24) | Mem (GB): 9.00 (7.43/15.00) | Time Elapsed: 00d 00h 31m | Losses/train_all_loss: 3.20e+00 (3.17e+01)
WARNING:root:Skip RandomAffine for zero-area mask in first frame after 1 tentatives
WARNING:root:Skip RandomAffine for zero-area mask in first frame after 1 tentatives
INFO 2026-09-28 10:53:54,359 train_utils.py: 271: Train Epoch: [2][ 490/2110] | Batch Time: 0.16 (0.38) | Data Time: 0.00 (0.24) | Mem (GB): 10.00 (7.41/15.00) | Time Elapsed: 00d 00h 31m | Losses/train_all_loss: 2.40e+01 (3.13e+01)
WARNING:root:Skip RandomAffine for zero-area mask in first frame after 1 tentatives
INFO 2026-09-28 10:53:58,325 train_utils.py: 271: Train Epoch: [2][ 500/2110] | Batch Time: 0.12 (0.38) | Data Time: 0.00 (0.24) | Mem (GB): 2.00 (7.41/15.00) | Time Elapsed: 00d 00h 31m | Losses/train_all_loss: 2.99e-01 (3.07e+01)
WARNING:root:Skip RandomAffine for zero-area mask in first frame after 1 tentatives
INFO 2026-09-28 10:54:01,335 train_utils.py: 271: Train Epoch: [2][ 510/2110] | Batch Time: 0.07 (0.38) | Data Time: 0.00 (0.24) | Mem (GB): 2.00 (7.40/15.00) | Time Elapsed: 00d 00h 32m | Losses/train_all_loss: 5.71e-01 (3.07e+01)
WARNING:root:Skip RandomAffine for zero-area mask in first frame after 1 tentatives
WARNING:root:Skip RandomAffine for zero-area mask in first frame after 1 tentatives
WARNING:root:Skip RandomAffine for zero-area mask in first frame after 1 tentatives
INFO 2026-09-28 10:54:04,832 train_utils.py: 271: Train Epoch: [2][ 520/2110] | Batch Time: 0.20 (0.38) | Data Time: 0.00 (0.24) | Mem (GB): 13.00 (7.39/15.00) | Time Elapsed: 00d 00h 32m | Losses/train_all_loss: 4.01e+01 (3.03e+01)
WARNING:root:Skip RandomAffine for zero-area mask in first frame after 1 tentatives
INFO 2026-09-28 10:54:08,114 train_utils.py: 271: Train Epoch: [2][ 530/2110] | Batch Time: 0.18 (0.37) | Data Time: 0.00 (0.24) | Mem (GB): 10.00 (7.36/15.00) | Time Elapsed: 00d 00h 32m | Losses/train_all_loss: 4.38e-01 (3.00e+01)
WARNING:root:Skip RandomAffine for zero-area mask in first frame after 1 tentatives
WARNING:root:Skip RandomAffine for zero-area mask in first frame after 1 tentatives
WARNING:root:Skip RandomAffine for zero-area mask in first frame after 1 tentatives
INFO 2026-09-28 10:54:10,887 train_utils.py: 271: Train Epoch: [2][ 540/2110] | Batch Time: 0.08 (0.37) | Data Time: 0.00 (0.24) | Mem (GB): 3.00 (7.34/15.00) | Time Elapsed: 00d 00h 32m | Losses/train_all_loss: 2.44e+02 (3.07e+01)
WARNING:root:Skip RandomAffine for zero-area mask in first frame after 1 tentatives
WARNING:root:Skip RandomAffine for zero-area mask in first frame after 1 tentatives
WARNING:root:Skip RandomAffine for zero-area mask in first frame after 1 tentatives
INFO 2026-09-28 10:54:15,419 train_utils.py: 271: Train Epoch: [2][ 550/2110] | Batch Time: 0.14 (0.37) | Data Time: 0.00 (0.24) | Mem (GB): 8.00 (7.36/15.00) | Time Elapsed: 00d 00h 32m | Losses/train_all_loss: 3.49e+00 (3.15e+01)
WARNING:root:Skip RandomAffine for zero-area mask in first frame after 1 tentatives
WARNING:root:Skip RandomAffine for zero-area mask in first frame after 1 tentatives
WARNING:root:Skip RandomAffine for zero-area mask in first frame after 1 tentatives
WARNING:root:Skip RandomAffine for zero-area mask in first frame after 1 tentatives
INFO 2026-09-28 10:54:18,140 train_utils.py: 271: Train Epoch: [2][ 560/2110] | Batch Time: 0.08 (0.37) | Data Time: 0.00 (0.24) | Mem (GB): 2.00 (7.30/15.00) | Time Elapsed: 00d 00h 32m | Losses/train_all_loss: 2.79e-01 (3.16e+01)
WARNING:root:Skip RandomAffine for zero-area mask in first frame after 1 tentatives
WARNING:root:Skip RandomAffine for zero-area mask in first frame after 1 tentatives
WARNING:root:Skip RandomAffine for zero-area mask in first frame after 1 tentatives
WARNING:root:Skip RandomAffine for zero-area mask in first frame after 1 tentatives
INFO 2026-09-28 10:54:21,768 train_utils.py: 271: Train Epoch: [2][ 570/2110] | Batch Time: 0.15 (0.37) | Data Time: 0.00 (0.23) | Mem (GB): 7.00 (7.31/15.00) | Time Elapsed: 00d 00h 32m | Losses/train_all_loss: 3.29e-01 (3.11e+01)
WARNING:root:Skip RandomAffine for zero-area mask in first frame after 1 tentatives
WARNING:root:Skip RandomAffine for zero-area mask in first frame after 1 tentatives
WARNING:root:Skip RandomAffine for zero-area mask in first frame after 1 tentatives
WARNING:root:Skip RandomAffine for zero-area mask in first frame after 1 tentatives
WARNING:root:Skip RandomAffine for zero-area mask in first frame after 1 tentatives
INFO 2026-09-28 10:54:24,581 train_utils.py: 271: Train Epoch: [2][ 580/2110] | Batch Time: 0.11 (0.37) | Data Time: 0.00 (0.23) | Mem (GB): 5.00 (7.31/15.00) | Time Elapsed: 00d 00h 32m | Losses/train_all_loss: 1.70e+01 (3.15e+01)
WARNING:root:Skip RandomAffine for zero-area mask in first frame after 1 tentatives
WARNING:root:Skip RandomAffine for zero-area mask in first frame after 1 tentatives
WARNING:root:Skip RandomAffine for zero-area mask in first frame after 1 tentatives
WARNING:root:Skip RandomAffine for zero-area mask in first frame after 1 tentatives
WARNING:root:Skip RandomAffine for zero-area mask in first frame after 1 tentatives
WARNING:root:Skip RandomAffine for zero-area mask in first frame after 1 tentatives
INFO 2026-09-28 10:54:28,322 train_utils.py: 271: Train Epoch: [2][ 590/2110] | Batch Time: 0.16 (0.37) | Data Time: 0.00 (0.23) | Mem (GB): 10.00 (7.33/15.00) | Time Elapsed: 00d 00h 32m | Losses/train_all_loss: 8.01e+00 (3.10e+01)
WARNING:root:Skip RandomAffine for zero-area mask in first frame after 1 tentatives
WARNING:root:Skip RandomAffine for zero-area mask in first frame after 1 tentatives
INFO 2026-09-28 10:54:31,414 train_utils.py: 271: Train Epoch: [2][ 600/2110] | Batch Time: 0.44 (0.37) | Data Time: 0.27 (0.23) | Mem (GB): 8.00 (7.32/15.00) | Time Elapsed: 00d 00h 32m | Losses/train_all_loss: 5.07e-01 (3.11e+01)
WARNING:root:Skip RandomAffine for zero-area mask in first frame after 1 tentatives
WARNING:root:Skip RandomAffine for zero-area mask in first frame after 1 tentatives
WARNING:root:Skip RandomAffine for zero-area mask in first frame after 1 tentatives
WARNING:root:Skip RandomAffine for zero-area mask in first frame after 1 tentatives
WARNING:root:Skip RandomAffine for zero-area mask in first frame after 1 tentatives
WARNING:root:Skip RandomAffine for zero-area mask in first frame after 1 tentatives
WARNING:root:Skip RandomAffine for zero-area mask in first frame after 1 tentatives
INFO 2026-09-28 10:54:34,669 train_utils.py: 271: Train Epoch: [2][ 610/2110] | Batch Time: 0.09 (0.37) | Data Time: 0.00 (0.23) | Mem (GB): 2.00 (7.34/15.00) | Time Elapsed: 00d 00h 32m | Losses/train_all_loss: 7.57e-01 (3.09e+01)
INFO 2026-09-28 10:54:40,539 train_utils.py: 271: Train Epoch: [2][ 620/2110] | Batch Time: 0.08 (0.37) | Data Time: 0.00 (0.23) | Mem (GB): 2.00 (7.36/15.00) | Time Elapsed: 00d 00h 32m | Losses/train_all_loss: 7.84e-01 (3.07e+01)
WARNING:root:Skip RandomAffine for zero-area mask in first frame after 1 tentatives
WARNING:root:Skip RandomAffine for zero-area mask in first frame after 1 tentatives
WARNING:root:Skip RandomAffine for zero-area mask in first frame after 1 tentatives
INFO 2026-09-28 10:54:44,721 train_utils.py: 271: Train Epoch: [2][ 630/2110] | Batch Time: 0.09 (0.37) | Data Time: 0.00 (0.24) | Mem (GB): 5.00 (7.37/15.00) | Time Elapsed: 00d 00h 32m | Losses/train_all_loss: 3.34e+01 (3.06e+01)
WARNING:root:Skip RandomAffine for zero-area mask in first frame after 1 tentatives
INFO 2026-09-28 10:54:46,828 train_utils.py: 271: Train Epoch: [2][ 640/2110] | Batch Time: 0.11 (0.37) | Data Time: 0.00 (0.23) | Mem (GB): 5.00 (7.34/15.00) | Time Elapsed: 00d 00h 32m | Losses/train_all_loss: 5.67e-01 (3.03e+01)
WARNING:root:Skip RandomAffine for zero-area mask in first frame after 1 tentatives
WARNING:root:Skip RandomAffine for zero-area mask in first frame after 1 tentatives
WARNING:root:Skip RandomAffine for zero-area mask in first frame after 1 tentatives
WARNING:root:Skip RandomAffine for zero-area mask in first frame after 1 tentatives
INFO 2026-09-28 10:54:50,982 train_utils.py: 271: Train Epoch: [2][ 650/2110] | Batch Time: 0.10 (0.37) | Data Time: 0.00 (0.23) | Mem (GB): 2.00 (7.32/15.00) | Time Elapsed: 00d 00h 32m | Losses/train_all_loss: 5.80e-01 (3.10e+01)
WARNING:root:Skip RandomAffine for zero-area mask in first frame after 1 tentatives
WARNING:root:Skip RandomAffine for zero-area mask in first frame after 1 tentatives
WARNING:root:Skip RandomAffine for zero-area mask in first frame after 1 tentatives
WARNING:root:Skip RandomAffine for zero-area mask in first frame after 1 tentatives
WARNING:root:Skip RandomAffine for zero-area mask in first frame after 1 tentatives
INFO 2026-09-28 10:54:52,970 train_utils.py: 271: Train Epoch: [2][ 660/2110] | Batch Time: 0.92 (0.37) | Data Time: 0.74 (0.23) | Mem (GB): 11.00 (7.30/15.00) | Time Elapsed: 00d 00h 32m | Losses/train_all_loss: 1.22e+02 (3.12e+01)
WARNING:root:Skip RandomAffine for zero-area mask in first frame after 1 tentatives
WARNING:root:Skip RandomAffine for zero-area mask in first frame after 1 tentatives
INFO 2026-09-28 10:54:57,026 train_utils.py: 271: Train Epoch: [2][ 670/2110] | Batch Time: 0.32 (0.37) | Data Time: 0.12 (0.23) | Mem (GB): 12.00 (7.34/15.00) | Time Elapsed: 00d 00h 32m | Losses/train_all_loss: 8.66e+00 (3.10e+01)
WARNING:root:Skip RandomAffine for zero-area mask in first frame after 1 tentatives
WARNING:root:Skip RandomAffine for zero-area mask in first frame after 1 tentatives
WARNING:root:Skip RandomAffine for zero-area mask in first frame after 1 tentatives
INFO 2026-09-28 10:54:59,388 train_utils.py: 271: Train Epoch: [2][ 680/2110] | Batch Time: 0.09 (0.37) | Data Time: 0.00 (0.23) | Mem (GB): 2.00 (7.32/15.00) | Time Elapsed: 00d 00h 33m | Losses/train_all_loss: 7.54e+02 (3.27e+01)
WARNING:root:Skip RandomAffine for zero-area mask in first frame after 1 tentatives
WARNING:root:Skip RandomAffine for zero-area mask in first frame after 1 tentatives
WARNING:root:Skip RandomAffine for zero-area mask in first frame after 1 tentatives
INFO 2026-09-28 10:55:02,829 train_utils.py: 271: Train Epoch: [2][ 690/2110] | Batch Time: 0.11 (0.37) | Data Time: 0.00 (0.23) | Mem (GB): 6.00 (7.31/15.00) | Time Elapsed: 00d 00h 33m | Losses/train_all_loss: 2.05e-01 (3.24e+01)
WARNING:root:Skip RandomAffine for zero-area mask in first frame after 1 tentatives
WARNING:root:Skip RandomAffine for zero-area mask in first frame after 1 tentatives
INFO 2026-09-28 10:55:05,420 train_utils.py: 271: Train Epoch: [2][ 700/2110] | Batch Time: 0.62 (0.37) | Data Time: 0.47 (0.23) | Mem (GB): 7.00 (7.30/15.00) | Time Elapsed: 00d 00h 33m | Losses/train_all_loss: 9.07e-01 (3.38e+01)
WARNING:root:Skip RandomAffine for zero-area mask in first frame after 1 tentatives
WARNING:root:Skip RandomAffine for zero-area mask in first frame after 1 tentatives
WARNING:root:Skip RandomAffine for zero-area mask in first frame after 1 tentatives
WARNING:root:Skip RandomAffine for zero-area mask in first frame after 1 tentatives
WARNING:root:Skip RandomAffine for zero-area mask in first frame after 1 tentatives
WARNING:root:Skip RandomAffine for zero-area mask in first frame after 1 tentatives
INFO 2026-09-28 10:55:08,737 train_utils.py: 271: Train Epoch: [2][ 710/2110] | Batch Time: 0.17 (0.36) | Data Time: 0.00 (0.23) | Mem (GB): 10.00 (7.30/15.00) | Time Elapsed: 00d 00h 33m | Losses/train_all_loss: 6.95e+01 (3.35e+01)
WARNING:root:Skip RandomAffine for zero-area mask in first frame after 1 tentatives
WARNING:root:Skip RandomAffine for zero-area mask in first frame after 1 tentatives
WARNING:root:Skip RandomAffine for zero-area mask in first frame after 1 tentatives
WARNING:root:Skip RandomAffine for zero-area mask in first frame after 1 tentatives
WARNING:root:Skip RandomAffine for zero-area mask in first frame after 1 tentatives
WARNING:root:Skip RandomAffine for zero-area mask in first frame after 1 tentatives
WARNING:root:Skip RandomAffine for zero-area mask in first frame after 1 tentatives
INFO 2026-09-28 10:55:11,898 train_utils.py: 271: Train Epoch: [2][ 720/2110] | Batch Time: 0.13 (0.36) | Data Time: 0.02 (0.23) | Mem (GB): 5.00 (7.32/15.00) | Time Elapsed: 00d 00h 33m | Losses/train_all_loss: 4.44e-01 (3.32e+01)
WARNING:root:Skip RandomAffine for zero-area mask in first frame after 1 tentatives
WARNING:root:Skip RandomAffine for zero-area mask in first frame after 1 tentatives
WARNING:root:Skip RandomAffine for zero-area mask in first frame after 1 tentatives
WARNING:root:Skip RandomAffine for zero-area mask in first frame after 1 tentatives
INFO 2026-09-28 10:55:16,416 train_utils.py: 271: Train Epoch: [2][ 730/2110] | Batch Time: 0.18 (0.37) | Data Time: 0.00 (0.23) | Mem (GB): 10.00 (7.33/15.00) | Time Elapsed: 00d 00h 33m | Losses/train_all_loss: 8.78e+00 (3.30e+01)
WARNING:root:Skip RandomAffine for zero-area mask in first frame after 1 tentatives
WARNING:root:Skip RandomAffine for zero-area mask in first frame after 1 tentatives
INFO 2026-09-28 10:55:21,017 train_utils.py: 271: Train Epoch: [2][ 740/2110] | Batch Time: 0.79 (0.37) | Data Time: 0.64 (0.23) | Mem (GB): 7.00 (7.33/15.00) | Time Elapsed: 00d 00h 33m | Losses/train_all_loss: 8.54e-02 (3.28e+01)
WARNING:root:Skip RandomAffine for zero-area mask in first frame after 1 tentatives
WARNING:root:Skip RandomAffine for zero-area mask in first frame after 1 tentatives
WARNING:root:Skip RandomAffine for zero-area mask in first frame after 1 tentatives
INFO 2026-09-28 10:55:23,294 train_utils.py: 271: Train Epoch: [2][ 750/2110] | Batch Time: 0.14 (0.36) | Data Time: 0.00 (0.23) | Mem (GB): 8.00 (7.30/15.00) | Time Elapsed: 00d 00h 33m | Losses/train_all_loss: 7.51e-01 (3.42e+01)
WARNING:root:Skip RandomAffine for zero-area mask in first frame after 1 tentatives
WARNING:root:Skip RandomAffine for zero-area mask in first frame after 1 tentatives
INFO 2026-09-28 10:55:26,857 train_utils.py: 271: Train Epoch: [2][ 760/2110] | Batch Time: 0.29 (0.36) | Data Time: 0.21 (0.23) | Mem (GB): 3.00 (7.31/15.00) | Time Elapsed: 00d 00h 33m | Losses/train_all_loss: 9.81e+01 (3.41e+01)
WARNING:root:Skip RandomAffine for zero-area mask in first frame after 1 tentatives
WARNING:root:Skip RandomAffine for zero-area mask in first frame after 1 tentatives
WARNING:root:Skip RandomAffine for zero-area mask in first frame after 1 tentatives
WARNING:root:Skip RandomAffine for zero-area mask in first frame after 1 tentatives
INFO 2026-09-28 10:55:31,575 train_utils.py: 271: Train Epoch: [2][ 770/2110] | Batch Time: 0.10 (0.37) | Data Time: 0.00 (0.23) | Mem (GB): 5.00 (7.31/15.00) | Time Elapsed: 00d 00h 33m | Losses/train_all_loss: 3.88e-01 (3.42e+01)
WARNING:root:Skip RandomAffine for zero-area mask in first frame after 1 tentatives
WARNING:root:Skip RandomAffine for zero-area mask in first frame after 1 tentatives
INFO 2026-09-28 10:55:34,396 train_utils.py: 271: Train Epoch: [2][ 780/2110] | Batch Time: 0.08 (0.36) | Data Time: 0.00 (0.23) | Mem (GB): 3.00 (7.30/15.00) | Time Elapsed: 00d 00h 33m | Losses/train_all_loss: 2.18e+02 (3.42e+01)
WARNING:root:Skip RandomAffine for zero-area mask in first frame after 1 tentatives
WARNING:root:Skip RandomAffine for zero-area mask in first frame after 1 tentatives
INFO 2026-09-28 10:55:38,335 train_utils.py: 271: Train Epoch: [2][ 790/2110] | Batch Time: 0.16 (0.37) | Data Time: 0.00 (0.23) | Mem (GB): 9.00 (7.30/15.00) | Time Elapsed: 00d 00h 33m | Losses/train_all_loss: 1.26e+00 (3.38e+01)
WARNING:root:Skip RandomAffine for zero-area mask in first frame after 1 tentatives
WARNING:root:Skip RandomAffine for zero-area mask in first frame after 1 tentatives
WARNING:root:Skip RandomAffine for zero-area mask in first frame after 1 tentatives
WARNING:root:Skip RandomAffine for zero-area mask in first frame after 1 tentatives
INFO 2026-09-28 10:55:41,915 train_utils.py: 271: Train Epoch: [2][ 800/2110] | Batch Time: 1.85 (0.37) | Data Time: 1.65 (0.23) | Mem (GB): 10.00 (7.28/15.00) | Time Elapsed: 00d 00h 33m | Losses/train_all_loss: 1.35e+01 (3.42e+01)
WARNING:root:Skip RandomAffine for zero-area mask in first frame after 1 tentatives
WARNING:root:Skip RandomAffine for zero-area mask in first frame after 1 tentatives
INFO 2026-09-28 10:55:44,522 train_utils.py: 271: Train Epoch: [2][ 810/2110] | Batch Time: 0.99 (0.36) | Data Time: 0.79 (0.23) | Mem (GB): 13.00 (7.28/15.00) | Time Elapsed: 00d 00h 33m | Losses/train_all_loss: 3.86e+01 (3.42e+01)
WARNING:root:Skip RandomAffine for zero-area mask in first frame after 1 tentatives
WARNING:root:Skip RandomAffine for zero-area mask in first frame after 1 tentatives
INFO 2026-09-28 10:55:47,581 train_utils.py: 271: Train Epoch: [2][ 820/2110] | Batch Time: 0.35 (0.36) | Data Time: 0.19 (0.23) | Mem (GB): 10.00 (7.26/15.00) | Time Elapsed: 00d 00h 33m | Losses/train_all_loss: 7.20e+01 (3.51e+01)
WARNING:root:Skip RandomAffine for zero-area mask in first frame after 1 tentatives
WARNING:root:Skip RandomAffine for zero-area mask in first frame after 1 tentatives
WARNING:root:Skip RandomAffine for zero-area mask in first frame after 1 tentatives
INFO 2026-09-28 10:55:50,936 train_utils.py: 271: Train Epoch: [2][ 830/2110] | Batch Time: 0.12 (0.36) | Data Time: 0.00 (0.23) | Mem (GB): 7.00 (7.26/15.00) | Time Elapsed: 00d 00h 33m | Losses/train_all_loss: 1.84e+02 (3.55e+01)
WARNING:root:Skip RandomAffine for zero-area mask in first frame after 1 tentatives
WARNING:root:Skip RandomAffine for zero-area mask in first frame after 1 tentatives
WARNING:root:Skip RandomAffine for zero-area mask in first frame after 1 tentatives
WARNING:root:Skip RandomAffine for zero-area mask in first frame after 1 tentatives
INFO 2026-09-28 10:55:56,261 train_utils.py: 271: Train Epoch: [2][ 840/2110] | Batch Time: 1.82 (0.36) | Data Time: 1.59 (0.23) | Mem (GB): 15.00 (7.28/15.00) | Time Elapsed: 00d 00h 33m | Losses/train_all_loss: 1.68e+01 (3.51e+01)
WARNING:root:Skip RandomAffine for zero-area mask in first frame after 1 tentatives
WARNING:root:Skip RandomAffine for zero-area mask in first frame after 1 tentatives
WARNING:root:Skip RandomAffine for zero-area mask in first frame after 1 tentatives
INFO 2026-09-28 10:55:59,104 train_utils.py: 271: Train Epoch: [2][ 850/2110] | Batch Time: 0.09 (0.36) | Data Time: 0.00 (0.23) | Mem (GB): 5.00 (7.27/15.00) | Time Elapsed: 00d 00h 33m | Losses/train_all_loss: 3.49e+01 (3.50e+01)
WARNING:root:Skip RandomAffine for zero-area mask in first frame after 1 tentatives
WARNING:root:Skip RandomAffine for zero-area mask in first frame after 1 tentatives
WARNING:root:Skip RandomAffine for zero-area mask in first frame after 1 tentatives
INFO 2026-09-28 10:56:01,877 train_utils.py: 271: Train Epoch: [2][ 860/2110] | Batch Time: 0.45 (0.36) | Data Time: 0.33 (0.23) | Mem (GB): 7.00 (7.28/15.00) | Time Elapsed: 00d 00h 34m | Losses/train_all_loss: 1.05e+02 (3.50e+01)
WARNING:root:Skip RandomAffine for zero-area mask in first frame after 1 tentatives
WARNING:root:Skip RandomAffine for zero-area mask in first frame after 1 tentatives
WARNING:root:Skip RandomAffine for zero-area mask in first frame after 1 tentatives
INFO 2026-09-28 10:56:04,729 train_utils.py: 271: Train Epoch: [2][ 870/2110] | Batch Time: 0.94 (0.36) | Data Time: 0.79 (0.23) | Mem (GB): 9.00 (7.26/15.00) | Time Elapsed: 00d 00h 34m | Losses/train_all_loss: 9.75e+00 (3.47e+01)
WARNING:root:Skip RandomAffine for zero-area mask in first frame after 1 tentatives
WARNING:root:Skip RandomAffine for zero-area mask in first frame after 1 tentatives
INFO 2026-09-28 10:56:09,695 train_utils.py: 271: Train Epoch: [2][ 880/2110] | Batch Time: 2.62 (0.36) | Data Time: 2.38 (0.23) | Mem (GB): 15.00 (7.26/15.00) | Time Elapsed: 00d 00h 34m | Losses/train_all_loss: 6.94e-01 (3.47e+01)
WARNING:root:Skip RandomAffine for zero-area mask in first frame after 1 tentatives
WARNING:root:Skip RandomAffine for zero-area mask in first frame after 1 tentatives
WARNING:root:Skip RandomAffine for zero-area mask in first frame after 1 tentatives
WARNING:root:Skip RandomAffine for zero-area mask in first frame after 1 tentatives
INFO 2026-09-28 10:56:12,833 train_utils.py: 271: Train Epoch: [2][ 890/2110] | Batch Time: 0.23 (0.36) | Data Time: 0.00 (0.23) | Mem (GB): 15.00 (7.27/15.00) | Time Elapsed: 00d 00h 34m | Losses/train_all_loss: 6.63e+01 (3.46e+01)
WARNING:root:Skip RandomAffine for zero-area mask in first frame after 1 tentatives
WARNING:root:Skip RandomAffine for zero-area mask in first frame after 1 tentatives
WARNING:root:Skip RandomAffine for zero-area mask in first frame after 1 tentatives
WARNING:root:Skip RandomAffine for zero-area mask in first frame after 1 tentatives
WARNING:root:Skip RandomAffine for zero-area mask in first frame after 1 tentatives
WARNING:root:Skip RandomAffine for zero-area mask in first frame after 1 tentatives
WARNING:root:Skip RandomAffine for zero-area mask in first frame after 1 tentatives
INFO 2026-09-28 10:56:17,378 train_utils.py: 271: Train Epoch: [2][ 900/2110] | Batch Time: 0.16 (0.36) | Data Time: 0.00 (0.23) | Mem (GB): 9.00 (7.29/15.00) | Time Elapsed: 00d 00h 34m | Losses/train_all_loss: 8.22e-01 (3.48e+01)
WARNING:root:Skip RandomAffine for zero-area mask in first frame after 1 tentatives
WARNING:root:Skip RandomAffine for zero-area mask in first frame after 1 tentatives
INFO 2026-09-28 10:56:20,610 train_utils.py: 271: Train Epoch: [2][ 910/2110] | Batch Time: 0.17 (0.36) | Data Time: 0.00 (0.23) | Mem (GB): 11.00 (7.29/15.00) | Time Elapsed: 00d 00h 34m | Losses/train_all_loss: 2.97e-01 (3.44e+01)
WARNING:root:Skip RandomAffine for zero-area mask in first frame after 1 tentatives
WARNING:root:Skip RandomAffine for zero-area mask in first frame after 1 tentatives
WARNING:root:Skip RandomAffine for zero-area mask in first frame after 1 tentatives
WARNING:root:Skip RandomAffine for zero-area mask in first frame after 1 tentatives
INFO 2026-09-28 10:56:23,153 train_utils.py: 271: Train Epoch: [2][ 920/2110] | Batch Time: 0.09 (0.36) | Data Time: 0.00 (0.23) | Mem (GB): 2.00 (7.28/15.00) | Time Elapsed: 00d 00h 34m | Losses/train_all_loss: 3.39e-01 (3.45e+01)
WARNING:root:Skip RandomAffine for zero-area mask in first frame after 1 tentatives
INFO 2026-09-28 10:56:28,271 train_utils.py: 271: Train Epoch: [2][ 930/2110] | Batch Time: 0.14 (0.36) | Data Time: 0.00 (0.23) | Mem (GB): 8.00 (7.28/15.00) | Time Elapsed: 00d 00h 34m | Losses/train_all_loss: 7.65e+01 (3.49e+01)
WARNING:root:Skip RandomAffine for zero-area mask in first frame after 1 tentatives
WARNING:root:Skip RandomAffine for zero-area mask in first frame after 1 tentatives
WARNING:root:Skip RandomAffine for zero-area mask in first frame after 1 tentatives
WARNING:root:Skip RandomAffine for zero-area mask in first frame after 1 tentatives
INFO 2026-09-28 10:56:31,364 train_utils.py: 271: Train Epoch: [2][ 940/2110] | Batch Time: 1.19 (0.36) | Data Time: 1.00 (0.23) | Mem (GB): 13.00 (7.28/15.00) | Time Elapsed: 00d 00h 34m | Losses/train_all_loss: 3.56e+01 (3.59e+01)
INFO 2026-09-28 10:56:33,602 train_utils.py: 271: Train Epoch: [2][ 950/2110] | Batch Time: 0.34 (0.36) | Data Time: 0.19 (0.23) | Mem (GB): 9.00 (7.28/15.00) | Time Elapsed: 00d 00h 34m | Losses/train_all_loss: 1.08e+00 (3.55e+01)
WARNING:root:Skip RandomAffine for zero-area mask in first frame after 1 tentatives
WARNING:root:Skip RandomAffine for zero-area mask in first frame after 1 tentatives
WARNING:root:Skip RandomAffine for zero-area mask in first frame after 1 tentatives
INFO 2026-09-28 10:56:36,400 train_utils.py: 271: Train Epoch: [2][ 960/2110] | Batch Time: 0.28 (0.36) | Data Time: 0.15 (0.23) | Mem (GB): 5.00 (7.26/15.00) | Time Elapsed: 00d 00h 34m | Losses/train_all_loss: 1.02e+01 (3.55e+01)
WARNING:root:Skip RandomAffine for zero-area mask in first frame after 1 tentatives
WARNING:root:Skip RandomAffine for zero-area mask in first frame after 1 tentatives
INFO 2026-09-28 10:56:39,492 train_utils.py: 271: Train Epoch: [2][ 970/2110] | Batch Time: 0.15 (0.36) | Data Time: 0.00 (0.23) | Mem (GB): 9.00 (7.25/15.00) | Time Elapsed: 00d 00h 34m | Losses/train_all_loss: 1.53e+00 (3.56e+01)
WARNING:root:Skip RandomAffine for zero-area mask in first frame after 1 tentatives
WARNING:root:Skip RandomAffine for zero-area mask in first frame after 1 tentatives
INFO 2026-09-28 10:56:42,513 train_utils.py: 271: Train Epoch: [2][ 980/2110] | Batch Time: 0.11 (0.36) | Data Time: 0.00 (0.22) | Mem (GB): 5.00 (7.26/15.00) | Time Elapsed: 00d 00h 34m | Losses/train_all_loss: 4.57e+00 (3.58e+01)
WARNING:root:Skip RandomAffine for zero-area mask in first frame after 1 tentatives
WARNING:root:Skip RandomAffine for zero-area mask in first frame after 1 tentatives
WARNING:root:Skip RandomAffine for zero-area mask in first frame after 1 tentatives
INFO 2026-09-28 10:56:47,030 train_utils.py: 271: Train Epoch: [2][ 990/2110] | Batch Time: 0.10 (0.36) | Data Time: 0.00 (0.23) | Mem (GB): 5.00 (7.25/15.00) | Time Elapsed: 00d 00h 34m | Losses/train_all_loss: 3.24e-01 (3.60e+01)
WARNING:root:Skip RandomAffine for zero-area mask in first frame after 1 tentatives
WARNING:root:Skip RandomAffine for zero-area mask in first frame after 1 tentatives
WARNING:root:Skip RandomAffine for zero-area mask in first frame after 1 tentatives
INFO 2026-09-28 10:56:49,114 train_utils.py: 271: Train Epoch: [2][1000/2110] | Batch Time: 0.25 (0.36) | Data Time: 0.04 (0.22) | Mem (GB): 10.00 (7.23/15.00) | Time Elapsed: 00d 00h 34m | Losses/train_all_loss: 8.58e+01 (3.58e+01)
WARNING:root:Skip RandomAffine for zero-area mask in first frame after 1 tentatives
WARNING:root:Skip RandomAffine for zero-area mask in first frame after 1 tentatives
INFO 2026-09-28 10:56:52,630 train_utils.py: 271: Train Epoch: [2][1010/2110] | Batch Time: 0.14 (0.36) | Data Time: 0.00 (0.22) | Mem (GB): 8.00 (7.22/15.00) | Time Elapsed: 00d 00h 34m | Losses/train_all_loss: 5.66e+01 (3.57e+01)
WARNING:root:Skip RandomAffine for zero-area mask in first frame after 1 tentatives
WARNING:root:Skip RandomAffine for zero-area mask in first frame after 1 tentatives
WARNING:root:Skip RandomAffine for zero-area mask in first frame after 1 tentatives
WARNING:root:Skip RandomAffine for zero-area mask in first frame after 1 tentatives
WARNING:root:Skip RandomAffine for zero-area mask in first frame after 1 tentatives
WARNING:root:Skip RandomAffine for zero-area mask in first frame after 1 tentatives
INFO 2026-09-28 10:56:55,959 train_utils.py: 271: Train Epoch: [2][1020/2110] | Batch Time: 1.39 (0.36) | Data Time: 1.20 (0.22) | Mem (GB): 12.00 (7.21/15.00) | Time Elapsed: 00d 00h 34m | Losses/train_all_loss: 7.58e+00 (3.54e+01)
WARNING:root:Skip RandomAffine for zero-area mask in first frame after 1 tentatives
WARNING:root:Skip RandomAffine for zero-area mask in first frame after 1 tentatives
WARNING:root:Skip RandomAffine for zero-area mask in first frame after 1 tentatives
INFO 2026-09-28 10:56:58,326 train_utils.py: 271: Train Epoch: [2][1030/2110] | Batch Time: 0.95 (0.36) | Data Time: 0.80 (0.22) | Mem (GB): 8.00 (7.20/15.00) | Time Elapsed: 00d 00h 34m | Losses/train_all_loss: 7.48e+00 (3.57e+01)
WARNING:root:Skip RandomAffine for zero-area mask in first frame after 1 tentatives
INFO 2026-09-28 10:57:01,945 train_utils.py: 271: Train Epoch: [2][1040/2110] | Batch Time: 0.36 (0.36) | Data Time: 0.24 (0.22) | Mem (GB): 6.00 (7.20/15.00) | Time Elapsed: 00d 00h 35m | Losses/train_all_loss: 6.21e+01 (3.56e+01)
WARNING:root:Skip RandomAffine for zero-area mask in first frame after 1 tentatives
INFO 2026-09-28 10:57:04,135 train_utils.py: 271: Train Epoch: [2][1050/2110] | Batch Time: 0.11 (0.36) | Data Time: 0.00 (0.22) | Mem (GB): 5.00 (7.18/15.00) | Time Elapsed: 00d 00h 35m | Losses/train_all_loss: 2.97e-01 (3.58e+01)
WARNING:root:Skip RandomAffine for zero-area mask in first frame after 1 tentatives
WARNING:root:Skip RandomAffine for zero-area mask in first frame after 1 tentatives
WARNING:root:Skip RandomAffine for zero-area mask in first frame after 1 tentatives
WARNING:root:Skip RandomAffine for zero-area mask in first frame after 1 tentatives
WARNING:root:Skip RandomAffine for zero-area mask in first frame after 1 tentatives
INFO 2026-09-28 10:57:07,331 train_utils.py: 271: Train Epoch: [2][1060/2110] | Batch Time: 0.15 (0.36) | Data Time: 0.00 (0.22) | Mem (GB): 7.00 (7.17/15.00) | Time Elapsed: 00d 00h 35m | Losses/train_all_loss: 4.54e-01 (3.57e+01)
WARNING:root:Skip RandomAffine for zero-area mask in first frame after 1 tentatives
WARNING:root:Skip RandomAffine for zero-area mask in first frame after 1 tentatives
WARNING:root:Skip RandomAffine for zero-area mask in first frame after 1 tentatives
WARNING:root:Skip RandomAffine for zero-area mask in first frame after 1 tentatives
INFO 2026-09-28 10:57:11,947 train_utils.py: 271: Train Epoch: [2][1070/2110] | Batch Time: 1.11 (0.36) | Data Time: 0.91 (0.22) | Mem (GB): 11.00 (7.18/15.00) | Time Elapsed: 00d 00h 35m | Losses/train_all_loss: 2.00e+01 (3.59e+01)
WARNING:root:Skip RandomAffine for zero-area mask in first frame after 1 tentatives
WARNING:root:Skip RandomAffine for zero-area mask in first frame after 1 tentatives
WARNING:root:Skip RandomAffine for zero-area mask in first frame after 1 tentatives
WARNING:root:Skip RandomAffine for zero-area mask in first frame after 1 tentatives
WARNING:root:Skip RandomAffine for zero-area mask in first frame after 1 tentatives
INFO 2026-09-28 10:57:15,115 train_utils.py: 271: Train Epoch: [2][1080/2110] | Batch Time: 0.20 (0.36) | Data Time: 0.00 (0.22) | Mem (GB): 12.00 (7.19/15.00) | Time Elapsed: 00d 00h 35m | Losses/train_all_loss: 5.45e+00 (3.56e+01)
WARNING:root:Skip RandomAffine for zero-area mask in first frame after 1 tentatives
WARNING:root:Skip RandomAffine for zero-area mask in first frame after 1 tentatives
WARNING:root:Skip RandomAffine for zero-area mask in first frame after 1 tentatives
WARNING:root:Skip RandomAffine for zero-area mask in first frame after 1 tentatives
WARNING:root:Skip RandomAffine for zero-area mask in first frame after 1 tentatives
WARNING:root:Skip RandomAffine for zero-area mask in first frame after 1 tentatives
INFO 2026-09-28 10:57:18,866 train_utils.py: 271: Train Epoch: [2][1090/2110] | Batch Time: 0.14 (0.36) | Data Time: 0.00 (0.22) | Mem (GB): 8.00 (7.19/15.00) | Time Elapsed: 00d 00h 35m | Losses/train_all_loss: 5.43e-01 (3.56e+01)
WARNING:root:Skip RandomAffine for zero-area mask in first frame after 1 tentatives
WARNING:root:Skip RandomAffine for zero-area mask in first frame after 1 tentatives
WARNING:root:Skip RandomAffine for zero-area mask in first frame after 1 tentatives
INFO 2026-09-28 10:57:21,325 train_utils.py: 271: Train Epoch: [2][1100/2110] | Batch Time: 0.23 (0.36) | Data Time: 0.11 (0.22) | Mem (GB): 4.00 (7.19/15.00) | Time Elapsed: 00d 00h 35m | Losses/train_all_loss: 1.81e-01 (3.56e+01)
WARNING:root:Skip RandomAffine for zero-area mask in first frame after 1 tentatives
WARNING:root:Skip RandomAffine for zero-area mask in first frame after 1 tentatives
INFO 2026-09-28 10:57:23,743 train_utils.py: 271: Train Epoch: [2][1110/2110] | Batch Time: 0.12 (0.35) | Data Time: 0.00 (0.22) | Mem (GB): 7.00 (7.17/15.00) | Time Elapsed: 00d 00h 35m | Losses/train_all_loss: 3.83e-01 (3.54e+01)
WARNING:root:Skip RandomAffine for zero-area mask in first frame after 1 tentatives
WARNING:root:Skip RandomAffine for zero-area mask in first frame after 1 tentatives
WARNING:root:Skip RandomAffine for zero-area mask in first frame after 1 tentatives
WARNING:root:Skip RandomAffine for zero-area mask in first frame after 1 tentatives
INFO 2026-09-28 10:57:27,311 train_utils.py: 271: Train Epoch: [2][1120/2110] | Batch Time: 0.13 (0.36) | Data Time: 0.00 (0.22) | Mem (GB): 7.00 (7.17/15.00) | Time Elapsed: 00d 00h 35m | Losses/train_all_loss: 1.70e-01 (3.53e+01)
WARNING:root:Skip RandomAffine for zero-area mask in first frame after 1 tentatives
WARNING:root:Skip RandomAffine for zero-area mask in first frame after 1 tentatives
WARNING:root:Skip RandomAffine for zero-area mask in first frame after 1 tentatives
WARNING:root:Skip RandomAffine for zero-area mask in first frame after 1 tentatives
INFO 2026-09-28 10:57:29,479 train_utils.py: 271: Train Epoch: [2][1130/2110] | Batch Time: 0.14 (0.35) | Data Time: 0.00 (0.22) | Mem (GB): 8.00 (7.16/15.00) | Time Elapsed: 00d 00h 35m | Losses/train_all_loss: 1.20e+02 (3.55e+01)
WARNING:root:Skip RandomAffine for zero-area mask in first frame after 1 tentatives
WARNING:root:Skip RandomAffine for zero-area mask in first frame after 1 tentatives
INFO 2026-09-28 10:57:32,470 train_utils.py: 271: Train Epoch: [2][1140/2110] | Batch Time: 0.11 (0.35) | Data Time: 0.00 (0.22) | Mem (GB): 6.00 (7.15/15.00) | Time Elapsed: 00d 00h 35m | Losses/train_all_loss: 1.58e-01 (3.54e+01)
WARNING:root:Skip RandomAffine for zero-area mask in first frame after 1 tentatives
WARNING:root:Skip RandomAffine for zero-area mask in first frame after 1 tentatives
INFO 2026-09-28 10:57:36,048 train_utils.py: 271: Train Epoch: [2][1150/2110] | Batch Time: 0.14 (0.35) | Data Time: 0.00 (0.22) | Mem (GB): 8.00 (7.14/15.00) | Time Elapsed: 00d 00h 35m | Losses/train_all_loss: 8.46e+01 (3.53e+01)
WARNING:root:Skip RandomAffine for zero-area mask in first frame after 1 tentatives
WARNING:root:Skip RandomAffine for zero-area mask in first frame after 1 tentatives
WARNING:root:Skip RandomAffine for zero-area mask in first frame after 1 tentatives
INFO 2026-09-28 10:57:40,057 train_utils.py: 271: Train Epoch: [2][1160/2110] | Batch Time: 0.09 (0.35) | Data Time: 0.00 (0.22) | Mem (GB): 3.00 (7.13/15.00) | Time Elapsed: 00d 00h 35m | Losses/train_all_loss: 5.30e+02 (3.66e+01)
WARNING:root:Skip RandomAffine for zero-area mask in first frame after 1 tentatives
WARNING:root:Skip RandomAffine for zero-area mask in first frame after 1 tentatives
WARNING:root:Skip RandomAffine for zero-area mask in first frame after 1 tentatives
WARNING:root:Skip RandomAffine for zero-area mask in first frame after 1 tentatives
INFO 2026-09-28 10:57:42,281 train_utils.py: 271: Train Epoch: [2][1170/2110] | Batch Time: 0.19 (0.35) | Data Time: 0.00 (0.22) | Mem (GB): 11.00 (7.13/15.00) | Time Elapsed: 00d 00h 35m | Losses/train_all_loss: 4.20e+01 (3.64e+01)
WARNING:root:Skip RandomAffine for zero-area mask in first frame after 1 tentatives
WARNING:root:Skip RandomAffine for zero-area mask in first frame after 1 tentatives
WARNING:root:Skip RandomAffine for zero-area mask in first frame after 1 tentatives
WARNING:root:Skip RandomAffine for zero-area mask in first frame after 1 tentatives
WARNING:root:Skip RandomAffine for zero-area mask in first frame after 1 tentatives
WARNING:root:Skip RandomAffine for zero-area mask in first frame after 1 tentatives
INFO 2026-09-28 10:57:45,868 train_utils.py: 271: Train Epoch: [2][1180/2110] | Batch Time: 0.58 (0.35) | Data Time: 0.37 (0.22) | Mem (GB): 13.00 (7.13/15.00) | Time Elapsed: 00d 00h 35m | Losses/train_all_loss: 3.00e-01 (3.63e+01)
WARNING:root:Skip RandomAffine for zero-area mask in first frame after 1 tentatives
WARNING:root:Skip RandomAffine for zero-area mask in first frame after 1 tentatives
WARNING:root:Skip RandomAffine for zero-area mask in first frame after 1 tentatives
INFO 2026-09-28 10:57:48,856 train_utils.py: 271: Train Epoch: [2][1190/2110] | Batch Time: 0.30 (0.35) | Data Time: 0.12 (0.22) | Mem (GB): 10.00 (7.13/15.00) | Time Elapsed: 00d 00h 35m | Losses/train_all_loss: 2.28e+00 (3.60e+01)
WARNING:root:Skip RandomAffine for zero-area mask in first frame after 1 tentatives
WARNING:root:Skip RandomAffine for zero-area mask in first frame after 1 tentatives
WARNING:root:Skip RandomAffine for zero-area mask in first frame after 1 tentatives
WARNING:root:Skip RandomAffine for zero-area mask in first frame after 1 tentatives
WARNING:root:Skip RandomAffine for zero-area mask in first frame after 1 tentatives
INFO 2026-09-28 10:57:51,981 train_utils.py: 271: Train Epoch: [2][1200/2110] | Batch Time: 0.12 (0.35) | Data Time: 0.00 (0.22) | Mem (GB): 5.00 (7.14/15.00) | Time Elapsed: 00d 00h 35m | Losses/train_all_loss: 2.82e-01 (3.58e+01)
WARNING:root:Skip RandomAffine for zero-area mask in first frame after 1 tentatives
INFO 2026-09-28 10:57:55,190 train_utils.py: 271: Train Epoch: [2][1210/2110] | Batch Time: 0.12 (0.35) | Data Time: 0.00 (0.22) | Mem (GB): 4.00 (7.13/15.00) | Time Elapsed: 00d 00h 35m | Losses/train_all_loss: 1.54e-01 (3.56e+01)
WARNING:root:Skip RandomAffine for zero-area mask in first frame after 1 tentatives
WARNING:root:Skip RandomAffine for zero-area mask in first frame after 1 tentatives
INFO 2026-09-28 10:57:58,742 train_utils.py: 271: Train Epoch: [2][1220/2110] | Batch Time: 0.08 (0.35) | Data Time: 0.00 (0.22) | Mem (GB): 2.00 (7.14/15.00) | Time Elapsed: 00d 00h 35m | Losses/train_all_loss: 2.33e-01 (3.57e+01)
WARNING:root:Skip RandomAffine for zero-area mask in first frame after 1 tentatives
WARNING:root:Skip RandomAffine for zero-area mask in first frame after 1 tentatives
WARNING:root:Skip RandomAffine for zero-area mask in first frame after 1 tentatives
INFO 2026-09-28 10:58:01,727 train_utils.py: 271: Train Epoch: [2][1230/2110] | Batch Time: 0.09 (0.35) | Data Time: 0.00 (0.22) | Mem (GB): 4.00 (7.13/15.00) | Time Elapsed: 00d 00h 36m | Losses/train_all_loss: 3.00e-01 (3.59e+01)
WARNING:root:Skip RandomAffine for zero-area mask in first frame after 1 tentatives
WARNING:root:Skip RandomAffine for zero-area mask in first frame after 1 tentatives
WARNING:root:Skip RandomAffine for zero-area mask in first frame after 1 tentatives
INFO 2026-09-28 10:58:04,401 train_utils.py: 271: Train Epoch: [2][1240/2110] | Batch Time: 0.15 (0.35) | Data Time: 0.00 (0.22) | Mem (GB): 9.00 (7.13/15.00) | Time Elapsed: 00d 00h 36m | Losses/train_all_loss: 1.94e+01 (3.59e+01)
WARNING:root:Skip RandomAffine for zero-area mask in first frame after 1 tentatives
WARNING:root:Skip RandomAffine for zero-area mask in first frame after 1 tentatives
WARNING:root:Skip RandomAffine for zero-area mask in first frame after 1 tentatives
INFO 2026-09-28 10:58:07,318 train_utils.py: 271: Train Epoch: [2][1250/2110] | Batch Time: 0.08 (0.35) | Data Time: 0.00 (0.22) | Mem (GB): 2.00 (7.13/15.00) | Time Elapsed: 00d 00h 36m | Losses/train_all_loss: 2.15e+00 (3.58e+01)
WARNING:root:Skip RandomAffine for zero-area mask in first frame after 1 tentatives
WARNING:root:Skip RandomAffine for zero-area mask in first frame after 1 tentatives
WARNING:root:Skip RandomAffine for zero-area mask in first frame after 1 tentatives
WARNING:root:Skip RandomAffine for zero-area mask in first frame after 1 tentatives
WARNING:root:Skip RandomAffine for zero-area mask in first frame after 1 tentatives
WARNING:root:Skip RandomAffine for zero-area mask in first frame after 1 tentatives
WARNING:root:Skip RandomAffine for zero-area mask in first frame after 1 tentatives
WARNING:root:Skip RandomAffine for zero-area mask in first frame after 1 tentatives
INFO 2026-09-28 10:58:10,651 train_utils.py: 271: Train Epoch: [2][1260/2110] | Batch Time: 0.39 (0.35) | Data Time: 0.24 (0.22) | Mem (GB): 8.00 (7.13/15.00) | Time Elapsed: 00d 00h 36m | Losses/train_all_loss: 2.59e+00 (3.56e+01)
INFO 2026-09-28 10:58:14,201 train_utils.py: 271: Train Epoch: [2][1270/2110] | Batch Time: 0.18 (0.35) | Data Time: 0.06 (0.22) | Mem (GB): 5.00 (7.14/15.00) | Time Elapsed: 00d 00h 36m | Losses/train_all_loss: 9.97e+01 (3.55e+01)
WARNING:root:Skip RandomAffine for zero-area mask in first frame after 1 tentatives
WARNING:root:Skip RandomAffine for zero-area mask in first frame after 1 tentatives
WARNING:root:Skip RandomAffine for zero-area mask in first frame after 1 tentatives
WARNING:root:Skip RandomAffine for zero-area mask in first frame after 1 tentatives
INFO 2026-09-28 10:58:17,022 train_utils.py: 271: Train Epoch: [2][1280/2110] | Batch Time: 0.36 (0.35) | Data Time: 0.26 (0.21) | Mem (GB): 5.00 (7.13/15.00) | Time Elapsed: 00d 00h 36m | Losses/train_all_loss: 5.71e-01 (3.59e+01)
WARNING:root:Skip RandomAffine for zero-area mask in first frame after 1 tentatives
WARNING:root:Skip RandomAffine for zero-area mask in first frame after 1 tentatives
WARNING:root:Skip RandomAffine for zero-area mask in first frame after 1 tentatives
INFO 2026-09-28 10:58:19,646 train_utils.py: 271: Train Epoch: [2][1290/2110] | Batch Time: 0.10 (0.35) | Data Time: 0.00 (0.21) | Mem (GB): 4.00 (7.13/15.00) | Time Elapsed: 00d 00h 36m | Losses/train_all_loss: 4.15e-01 (3.58e+01)
WARNING:root:Skip RandomAffine for zero-area mask in first frame after 1 tentatives
WARNING:root:Skip RandomAffine for zero-area mask in first frame after 1 tentatives
WARNING:root:Skip RandomAffine for zero-area mask in first frame after 1 tentatives
WARNING:root:Skip RandomAffine for zero-area mask in first frame after 1 tentatives
WARNING:root:Skip RandomAffine for zero-area mask in first frame after 1 tentatives
WARNING:root:Skip RandomAffine for zero-area mask in first frame after 1 tentatives
WARNING:root:Skip RandomAffine for zero-area mask in first frame after 1 tentatives
WARNING:root:Skip RandomAffine for zero-area mask in first frame after 1 tentatives
WARNING:root:Skip RandomAffine for zero-area mask in first frame after 1 tentatives
INFO 2026-09-28 10:58:24,594 train_utils.py: 271: Train Epoch: [2][1300/2110] | Batch Time: 1.23 (0.35) | Data Time: 1.02 (0.22) | Mem (GB): 12.00 (7.16/15.00) | Time Elapsed: 00d 00h 36m | Losses/train_all_loss: 7.24e+00 (3.59e+01)
WARNING:root:Skip RandomAffine for zero-area mask in first frame after 1 tentatives
WARNING:root:Skip RandomAffine for zero-area mask in first frame after 1 tentatives
WARNING:root:Skip RandomAffine for zero-area mask in first frame after 1 tentatives
INFO 2026-09-28 10:58:27,411 train_utils.py: 271: Train Epoch: [2][1310/2110] | Batch Time: 0.14 (0.35) | Data Time: 0.00 (0.21) | Mem (GB): 8.00 (7.17/15.00) | Time Elapsed: 00d 00h 36m | Losses/train_all_loss: 4.40e-01 (3.58e+01)
WARNING:root:Skip RandomAffine for zero-area mask in first frame after 1 tentatives
WARNING:root:Skip RandomAffine for zero-area mask in first frame after 1 tentatives
INFO 2026-09-28 10:58:31,248 train_utils.py: 271: Train Epoch: [2][1320/2110] | Batch Time: 0.08 (0.35) | Data Time: 0.00 (0.21) | Mem (GB): 3.00 (7.17/15.00) | Time Elapsed: 00d 00h 36m | Losses/train_all_loss: 3.94e-01 (3.57e+01)
WARNING:root:Skip RandomAffine for zero-area mask in first frame after 1 tentatives
WARNING:root:Skip RandomAffine for zero-area mask in first frame after 1 tentatives
INFO 2026-09-28 10:58:34,386 train_utils.py: 271: Train Epoch: [2][1330/2110] | Batch Time: 0.11 (0.35) | Data Time: 0.00 (0.21) | Mem (GB): 5.00 (7.17/15.00) | Time Elapsed: 00d 00h 36m | Losses/train_all_loss: 8.88e-02 (3.59e+01)
WARNING:root:Skip RandomAffine for zero-area mask in first frame after 1 tentatives
WARNING:root:Skip RandomAffine for zero-area mask in first frame after 1 tentatives
WARNING:root:Skip RandomAffine for zero-area mask in first frame after 1 tentatives
INFO 2026-09-28 10:58:38,912 train_utils.py: 271: Train Epoch: [2][1340/2110] | Batch Time: 1.15 (0.35) | Data Time: 0.98 (0.22) | Mem (GB): 10.00 (7.17/15.00) | Time Elapsed: 00d 00h 36m | Losses/train_all_loss: 2.74e-01 (3.62e+01)
INFO 2026-09-28 10:58:41,887 train_utils.py: 271: Train Epoch: [2][1350/2110] | Batch Time: 0.11 (0.35) | Data Time: 0.00 (0.21) | Mem (GB): 6.00 (7.17/15.00) | Time Elapsed: 00d 00h 36m | Losses/train_all_loss: 4.65e-01 (3.62e+01)
WARNING:root:Skip RandomAffine for zero-area mask in first frame after 1 tentatives
WARNING:root:Skip RandomAffine for zero-area mask in first frame after 1 tentatives
WARNING:root:Skip RandomAffine for zero-area mask in first frame after 1 tentatives
WARNING:root:Skip RandomAffine for zero-area mask in first frame after 1 tentatives
WARNING:root:Skip RandomAffine for zero-area mask in first frame after 1 tentatives
WARNING:root:Skip RandomAffine for zero-area mask in first frame after 1 tentatives
INFO 2026-09-28 10:58:45,792 train_utils.py: 271: Train Epoch: [2][1360/2110] | Batch Time: 1.41 (0.35) | Data Time: 1.23 (0.22) | Mem (GB): 10.00 (7.16/15.00) | Time Elapsed: 00d 00h 36m | Losses/train_all_loss: 8.40e-01 (3.63e+01)
INFO 2026-09-28 10:58:48,680 train_utils.py: 271: Train Epoch: [2][1370/2110] | Batch Time: 0.09 (0.35) | Data Time: 0.00 (0.21) | Mem (GB): 4.00 (7.16/15.00) | Time Elapsed: 00d 00h 36m | Losses/train_all_loss: 3.06e-01 (3.61e+01)
WARNING:root:Skip RandomAffine for zero-area mask in first frame after 1 tentatives
WARNING:root:Skip RandomAffine for zero-area mask in first frame after 1 tentatives
INFO 2026-09-28 10:58:54,153 train_utils.py: 271: Train Epoch: [2][1380/2110] | Batch Time: 0.12 (0.35) | Data Time: 0.00 (0.22) | Mem (GB): 7.00 (7.15/15.00) | Time Elapsed: 00d 00h 36m | Losses/train_all_loss: 1.87e+01 (3.59e+01)
INFO 2026-09-28 10:58:56,640 train_utils.py: 271: Train Epoch: [2][1390/2110] | Batch Time: 1.24 (0.35) | Data Time: 1.07 (0.22) | Mem (GB): 9.00 (7.15/15.00) | Time Elapsed: 00d 00h 36m | Losses/train_all_loss: 7.20e-01 (3.64e+01)
WARNING:root:Skip RandomAffine for zero-area mask in first frame after 1 tentatives
WARNING:root:Skip RandomAffine for zero-area mask in first frame after 1 tentatives
WARNING:root:Skip RandomAffine for zero-area mask in first frame after 1 tentatives
WARNING:root:Skip RandomAffine for zero-area mask in first frame after 1 tentatives
WARNING:root:Skip RandomAffine for zero-area mask in first frame after 1 tentatives
WARNING:root:Skip RandomAffine for zero-area mask in first frame after 1 tentatives
INFO 2026-09-28 10:58:59,483 train_utils.py: 271: Train Epoch: [2][1400/2110] | Batch Time: 0.14 (0.35) | Data Time: 0.00 (0.22) | Mem (GB): 8.00 (7.13/15.00) | Time Elapsed: 00d 00h 37m | Losses/train_all_loss: 7.87e-01 (3.63e+01)
WARNING:root:Skip RandomAffine for zero-area mask in first frame after 1 tentatives
WARNING:root:Skip RandomAffine for zero-area mask in first frame after 1 tentatives
WARNING:root:Skip RandomAffine for zero-area mask in first frame after 1 tentatives
WARNING:root:Skip RandomAffine for zero-area mask in first frame after 1 tentatives
INFO 2026-09-28 10:59:01,928 train_utils.py: 271: Train Epoch: [2][1410/2110] | Batch Time: 0.96 (0.35) | Data Time: 0.79 (0.21) | Mem (GB): 10.00 (7.12/15.00) | Time Elapsed: 00d 00h 37m | Losses/train_all_loss: 6.43e+01 (3.62e+01)
WARNING:root:Skip RandomAffine for zero-area mask in first frame after 1 tentatives
WARNING:root:Skip RandomAffine for zero-area mask in first frame after 1 tentatives
WARNING:root:Skip RandomAffine for zero-area mask in first frame after 1 tentatives
WARNING:root:Skip RandomAffine for zero-area mask in first frame after 1 tentatives
INFO 2026-09-28 10:59:05,928 train_utils.py: 271: Train Epoch: [2][1420/2110] | Batch Time: 0.10 (0.35) | Data Time: 0.00 (0.21) | Mem (GB): 2.00 (7.13/15.00) | Time Elapsed: 00d 00h 37m | Losses/train_all_loss: 2.77e-01 (3.62e+01)
WARNING:root:Skip RandomAffine for zero-area mask in first frame after 1 tentatives
WARNING:root:Skip RandomAffine for zero-area mask in first frame after 1 tentatives
INFO 2026-09-28 10:59:08,769 train_utils.py: 271: Train Epoch: [2][1430/2110] | Batch Time: 0.31 (0.35) | Data Time: 0.09 (0.21) | Mem (GB): 15.00 (7.14/15.00) | Time Elapsed: 00d 00h 37m | Losses/train_all_loss: 3.36e+00 (3.64e+01)
WARNING:root:Skip RandomAffine for zero-area mask in first frame after 1 tentatives
WARNING:root:Skip RandomAffine for zero-area mask in first frame after 1 tentatives
INFO 2026-09-28 10:59:11,324 train_utils.py: 271: Train Epoch: [2][1440/2110] | Batch Time: 0.11 (0.35) | Data Time: 0.00 (0.21) | Mem (GB): 5.00 (7.13/15.00) | Time Elapsed: 00d 00h 37m | Losses/train_all_loss: 5.72e-01 (3.62e+01)
WARNING:root:Skip RandomAffine for zero-area mask in first frame after 1 tentatives
WARNING:root:Skip RandomAffine for zero-area mask in first frame after 1 tentatives
WARNING:root:Skip RandomAffine for zero-area mask in first frame after 1 tentatives
WARNING:root:Skip RandomAffine for zero-area mask in first frame after 1 tentatives
INFO 2026-09-28 10:59:16,143 train_utils.py: 271: Train Epoch: [2][1450/2110] | Batch Time: 1.59 (0.35) | Data Time: 1.36 (0.21) | Mem (GB): 15.00 (7.14/15.00) | Time Elapsed: 00d 00h 37m | Losses/train_all_loss: 4.40e+01 (3.61e+01)
WARNING:root:Skip RandomAffine for zero-area mask in first frame after 1 tentatives
WARNING:root:Skip RandomAffine for zero-area mask in first frame after 1 tentatives
WARNING:root:Skip RandomAffine for zero-area mask in first frame after 1 tentatives
INFO 2026-09-28 10:59:20,158 train_utils.py: 271: Train Epoch: [2][1460/2110] | Batch Time: 0.10 (0.35) | Data Time: 0.00 (0.21) | Mem (GB): 4.00 (7.15/15.00) | Time Elapsed: 00d 00h 37m | Losses/train_all_loss: 5.40e-01 (3.60e+01)
WARNING:root:Skip RandomAffine for zero-area mask in first frame after 1 tentatives
INFO 2026-09-28 10:59:23,386 train_utils.py: 271: Train Epoch: [2][1470/2110] | Batch Time: 0.64 (0.35) | Data Time: 0.54 (0.21) | Mem (GB): 5.00 (7.15/15.00) | Time Elapsed: 00d 00h 37m | Losses/train_all_loss: 2.45e-01 (3.62e+01)
WARNING:root:Skip RandomAffine for zero-area mask in first frame after 1 tentatives
INFO 2026-09-28 10:59:26,413 train_utils.py: 271: Train Epoch: [2][1480/2110] | Batch Time: 0.13 (0.35) | Data Time: 0.00 (0.21) | Mem (GB): 6.00 (7.16/15.00) | Time Elapsed: 00d 00h 37m | Losses/train_all_loss: 4.29e-01 (3.63e+01)
WARNING:root:Skip RandomAffine for zero-area mask in first frame after 1 tentatives
WARNING:root:Skip RandomAffine for zero-area mask in first frame after 1 tentatives
WARNING:root:Skip RandomAffine for zero-area mask in first frame after 1 tentatives
WARNING:root:Skip RandomAffine for zero-area mask in first frame after 1 tentatives
INFO 2026-09-28 10:59:29,205 train_utils.py: 271: Train Epoch: [2][1490/2110] | Batch Time: 0.11 (0.35) | Data Time: 0.00 (0.21) | Mem (GB): 6.00 (7.16/15.00) | Time Elapsed: 00d 00h 37m | Losses/train_all_loss: 1.25e+01 (3.61e+01)
WARNING:root:Skip RandomAffine for zero-area mask in first frame after 1 tentatives
WARNING:root:Skip RandomAffine for zero-area mask in first frame after 1 tentatives
WARNING:root:Skip RandomAffine for zero-area mask in first frame after 1 tentatives
INFO 2026-09-28 10:59:34,118 train_utils.py: 271: Train Epoch: [2][1500/2110] | Batch Time: 0.16 (0.35) | Data Time: 0.00 (0.21) | Mem (GB): 8.00 (7.18/15.00) | Time Elapsed: 00d 00h 37m | Losses/train_all_loss: 7.11e-01 (3.60e+01)
WARNING:root:Skip RandomAffine for zero-area mask in first frame after 1 tentatives
WARNING:root:Skip RandomAffine for zero-area mask in first frame after 1 tentatives
INFO 2026-09-28 10:59:36,699 train_utils.py: 271: Train Epoch: [2][1510/2110] | Batch Time: 0.09 (0.35) | Data Time: 0.00 (0.21) | Mem (GB): 4.00 (7.18/15.00) | Time Elapsed: 00d 00h 37m | Losses/train_all_loss: 5.99e-01 (3.58e+01)
WARNING:root:Skip RandomAffine for zero-area mask in first frame after 1 tentatives
WARNING:root:Skip RandomAffine for zero-area mask in first frame after 1 tentatives
WARNING:root:Skip RandomAffine for zero-area mask in first frame after 1 tentatives
WARNING:root:Skip RandomAffine for zero-area mask in first frame after 1 tentatives
WARNING:root:Skip RandomAffine for zero-area mask in first frame after 1 tentatives
WARNING:root:Skip RandomAffine for zero-area mask in first frame after 1 tentatives
INFO 2026-09-28 10:59:39,540 train_utils.py: 271: Train Epoch: [2][1520/2110] | Batch Time: 1.15 (0.35) | Data Time: 0.92 (0.21) | Mem (GB): 15.00 (7.16/15.00) | Time Elapsed: 00d 00h 37m | Losses/train_all_loss: 2.17e+01 (3.56e+01)
WARNING:root:Skip RandomAffine for zero-area mask in first frame after 1 tentatives
WARNING:root:Skip RandomAffine for zero-area mask in first frame after 1 tentatives
WARNING:root:Skip RandomAffine for zero-area mask in first frame after 1 tentatives
WARNING:root:Skip RandomAffine for zero-area mask in first frame after 1 tentatives
INFO 2026-09-28 10:59:43,084 train_utils.py: 271: Train Epoch: [2][1530/2110] | Batch Time: 0.09 (0.35) | Data Time: 0.00 (0.21) | Mem (GB): 5.00 (7.17/15.00) | Time Elapsed: 00d 00h 37m | Losses/train_all_loss: 4.25e-01 (3.54e+01)
WARNING:root:Skip RandomAffine for zero-area mask in first frame after 1 tentatives
WARNING:root:Skip RandomAffine for zero-area mask in first frame after 1 tentatives
WARNING:root:Skip RandomAffine for zero-area mask in first frame after 1 tentatives
WARNING:root:Skip RandomAffine for zero-area mask in first frame after 1 tentatives
WARNING:root:Skip RandomAffine for zero-area mask in first frame after 1 tentatives
WARNING:root:Skip RandomAffine for zero-area mask in first frame after 1 tentatives
INFO 2026-09-28 10:59:46,057 train_utils.py: 271: Train Epoch: [2][1540/2110] | Batch Time: 0.16 (0.35) | Data Time: 0.00 (0.21) | Mem (GB): 10.00 (7.17/15.00) | Time Elapsed: 00d 00h 37m | Losses/train_all_loss: 3.12e+01 (3.54e+01)
WARNING:root:Skip RandomAffine for zero-area mask in first frame after 1 tentatives
WARNING:root:Skip RandomAffine for zero-area mask in first frame after 1 tentatives
WARNING:root:Skip RandomAffine for zero-area mask in first frame after 1 tentatives
WARNING:root:Skip RandomAffine for zero-area mask in first frame after 1 tentatives
WARNING:root:Skip RandomAffine for zero-area mask in first frame after 1 tentatives
WARNING:root:Skip RandomAffine for zero-area mask in first frame after 1 tentatives
INFO 2026-09-28 10:59:49,946 train_utils.py: 271: Train Epoch: [2][1550/2110] | Batch Time: 0.15 (0.35) | Data Time: 0.00 (0.21) | Mem (GB): 8.00 (7.19/15.00) | Time Elapsed: 00d 00h 37m | Losses/train_all_loss: 7.56e+01 (3.55e+01)
WARNING:root:Skip RandomAffine for zero-area mask in first frame after 1 tentatives
WARNING:root:Skip RandomAffine for zero-area mask in first frame after 1 tentatives
INFO 2026-09-28 10:59:52,971 train_utils.py: 271: Train Epoch: [2][1560/2110] | Batch Time: 0.12 (0.35) | Data Time: 0.00 (0.21) | Mem (GB): 6.00 (7.18/15.00) | Time Elapsed: 00d 00h 37m | Losses/train_all_loss: 9.25e-01 (3.54e+01)
WARNING:root:Skip RandomAffine for zero-area mask in first frame after 1 tentatives
INFO 2026-09-28 10:59:55,984 train_utils.py: 271: Train Epoch: [2][1570/2110] | Batch Time: 0.29 (0.35) | Data Time: 0.20 (0.21) | Mem (GB): 2.00 (7.16/15.00) | Time Elapsed: 00d 00h 37m | Losses/train_all_loss: 8.32e-01 (3.52e+01)
WARNING:root:Skip RandomAffine for zero-area mask in first frame after 1 tentatives
WARNING:root:Skip RandomAffine for zero-area mask in first frame after 1 tentatives
WARNING:root:Skip RandomAffine for zero-area mask in first frame after 1 tentatives
WARNING:root:Skip RandomAffine for zero-area mask in first frame after 1 tentatives
WARNING:root:Skip RandomAffine for zero-area mask in first frame after 1 tentatives
INFO 2026-09-28 10:59:59,217 train_utils.py: 271: Train Epoch: [2][1580/2110] | Batch Time: 0.12 (0.35) | Data Time: 0.00 (0.21) | Mem (GB): 7.00 (7.16/15.00) | Time Elapsed: 00d 00h 38m | Losses/train_all_loss: 3.79e-01 (3.56e+01)
WARNING:root:Skip RandomAffine for zero-area mask in first frame after 1 tentatives
WARNING:root:Skip RandomAffine for zero-area mask in first frame after 1 tentatives
WARNING:root:Skip RandomAffine for zero-area mask in first frame after 1 tentatives
WARNING:root:Skip RandomAffine for zero-area mask in first frame after 1 tentatives
WARNING:root:Skip RandomAffine for zero-area mask in first frame after 1 tentatives
INFO 2026-09-28 11:00:02,420 train_utils.py: 271: Train Epoch: [2][1590/2110] | Batch Time: 0.10 (0.35) | Data Time: 0.00 (0.21) | Mem (GB): 5.00 (7.17/15.00) | Time Elapsed: 00d 00h 38m | Losses/train_all_loss: 4.13e+01 (3.56e+01)
WARNING:root:Skip RandomAffine for zero-area mask in first frame after 1 tentatives
WARNING:root:Skip RandomAffine for zero-area mask in first frame after 1 tentatives
WARNING:root:Skip RandomAffine for zero-area mask in first frame after 1 tentatives
WARNING:root:Skip RandomAffine for zero-area mask in first frame after 1 tentatives
WARNING:root:Skip RandomAffine for zero-area mask in first frame after 1 tentatives
INFO 2026-09-28 11:00:05,236 train_utils.py: 271: Train Epoch: [2][1600/2110] | Batch Time: 0.10 (0.35) | Data Time: 0.00 (0.21) | Mem (GB): 2.00 (7.16/15.00) | Time Elapsed: 00d 00h 38m | Losses/train_all_loss: 4.58e-01 (3.57e+01)
WARNING:root:Skip RandomAffine for zero-area mask in first frame after 1 tentatives
WARNING:root:Skip RandomAffine for zero-area mask in first frame after 1 tentatives
WARNING:root:Skip RandomAffine for zero-area mask in first frame after 1 tentatives
INFO 2026-09-28 11:00:08,394 train_utils.py: 271: Train Epoch: [2][1610/2110] | Batch Time: 0.14 (0.35) | Data Time: 0.00 (0.21) | Mem (GB): 8.00 (7.15/15.00) | Time Elapsed: 00d 00h 38m | Losses/train_all_loss: 1.19e+01 (3.55e+01)
WARNING:root:Skip RandomAffine for zero-area mask in first frame after 1 tentatives
WARNING:root:Skip RandomAffine for zero-area mask in first frame after 1 tentatives
WARNING:root:Skip RandomAffine for zero-area mask in first frame after 1 tentatives
WARNING:root:Skip RandomAffine for zero-area mask in first frame after 1 tentatives
WARNING:root:Skip RandomAffine for zero-area mask in first frame after 1 tentatives
WARNING:root:Skip RandomAffine for zero-area mask in first frame after 1 tentatives
WARNING:root:Skip RandomAffine for zero-area mask in first frame after 1 tentatives
INFO 2026-09-28 11:00:13,486 train_utils.py: 271: Train Epoch: [2][1620/2110] | Batch Time: 0.23 (0.35) | Data Time: 0.00 (0.21) | Mem (GB): 15.00 (7.16/15.00) | Time Elapsed: 00d 00h 38m | Losses/train_all_loss: 3.40e+01 (3.53e+01)
INFO 2026-09-28 11:00:15,348 train_utils.py: 271: Train Epoch: [2][1630/2110] | Batch Time: 0.09 (0.35) | Data Time: 0.00 (0.21) | Mem (GB): 3.00 (7.16/15.00) | Time Elapsed: 00d 00h 38m | Losses/train_all_loss: 2.46e-01 (3.56e+01)
WARNING:root:Skip RandomAffine for zero-area mask in first frame after 1 tentatives
WARNING:root:Skip RandomAffine for zero-area mask in first frame after 1 tentatives
WARNING:root:Skip RandomAffine for zero-area mask in first frame after 1 tentatives
INFO 2026-09-28 11:00:18,912 train_utils.py: 271: Train Epoch: [2][1640/2110] | Batch Time: 0.70 (0.35) | Data Time: 0.52 (0.21) | Mem (GB): 11.00 (7.16/15.00) | Time Elapsed: 00d 00h 38m | Losses/train_all_loss: 4.78e+01 (3.56e+01)
WARNING:root:Skip RandomAffine for zero-area mask in first frame after 1 tentatives
WARNING:root:Skip RandomAffine for zero-area mask in first frame after 1 tentatives
INFO 2026-09-28 11:00:22,538 train_utils.py: 271: Train Epoch: [2][1650/2110] | Batch Time: 0.12 (0.35) | Data Time: 0.00 (0.21) | Mem (GB): 5.00 (7.16/15.00) | Time Elapsed: 00d 00h 38m | Losses/train_all_loss: 2.69e-01 (3.58e+01)
WARNING:root:Skip RandomAffine for zero-area mask in first frame after 1 tentatives
WARNING:root:Skip RandomAffine for zero-area mask in first frame after 1 tentatives
WARNING:root:Skip RandomAffine for zero-area mask in first frame after 1 tentatives
INFO 2026-09-28 11:00:25,377 train_utils.py: 271: Train Epoch: [2][1660/2110] | Batch Time: 0.20 (0.35) | Data Time: 0.00 (0.21) | Mem (GB): 13.00 (7.15/15.00) | Time Elapsed: 00d 00h 38m | Losses/train_all_loss: 1.42e+01 (3.60e+01)
WARNING:root:Skip RandomAffine for zero-area mask in first frame after 1 tentatives
WARNING:root:Skip RandomAffine for zero-area mask in first frame after 1 tentatives
INFO 2026-09-28 11:00:28,426 train_utils.py: 271: Train Epoch: [2][1670/2110] | Batch Time: 0.10 (0.35) | Data Time: 0.00 (0.21) | Mem (GB): 5.00 (7.15/15.00) | Time Elapsed: 00d 00h 38m | Losses/train_all_loss: 3.59e-01 (3.61e+01)
INFO 2026-09-28 11:00:32,970 train_utils.py: 271: Train Epoch: [2][1680/2110] | Batch Time: 0.87 (0.35) | Data Time: 0.73 (0.21) | Mem (GB): 7.00 (7.16/15.00) | Time Elapsed: 00d 00h 38m | Losses/train_all_loss: 2.17e-01 (3.61e+01)
WARNING:root:Skip RandomAffine for zero-area mask in first frame after 1 tentatives
WARNING:root:Skip RandomAffine for zero-area mask in first frame after 1 tentatives
INFO 2026-09-28 11:00:35,697 train_utils.py: 271: Train Epoch: [2][1690/2110] | Batch Time: 1.45 (0.35) | Data Time: 1.27 (0.21) | Mem (GB): 11.00 (7.15/15.00) | Time Elapsed: 00d 00h 38m | Losses/train_all_loss: 2.25e+00 (3.61e+01)
WARNING:root:Skip RandomAffine for zero-area mask in first frame after 1 tentatives
WARNING:root:Skip RandomAffine for zero-area mask in first frame after 1 tentatives
INFO 2026-09-28 11:00:38,487 train_utils.py: 271: Train Epoch: [2][1700/2110] | Batch Time: 0.19 (0.35) | Data Time: 0.00 (0.21) | Mem (GB): 11.00 (7.15/15.00) | Time Elapsed: 00d 00h 38m | Losses/train_all_loss: 3.03e-01 (3.59e+01)
WARNING:root:Skip RandomAffine for zero-area mask in first frame after 1 tentatives
WARNING:root:Skip RandomAffine for zero-area mask in first frame after 1 tentatives
WARNING:root:Skip RandomAffine for zero-area mask in first frame after 1 tentatives
INFO 2026-09-28 11:00:40,955 train_utils.py: 271: Train Epoch: [2][1710/2110] | Batch Time: 0.09 (0.35) | Data Time: 0.00 (0.21) | Mem (GB): 4.00 (7.15/15.00) | Time Elapsed: 00d 00h 38m | Losses/train_all_loss: 2.26e+02 (3.58e+01)
WARNING:root:Skip RandomAffine for zero-area mask in first frame after 1 tentatives
WARNING:root:Skip RandomAffine for zero-area mask in first frame after 1 tentatives
WARNING:root:Skip RandomAffine for zero-area mask in first frame after 1 tentatives
WARNING:root:Skip RandomAffine for zero-area mask in first frame after 1 tentatives
WARNING:root:Skip RandomAffine for zero-area mask in first frame after 1 tentatives
INFO 2026-09-28 11:00:45,120 train_utils.py: 271: Train Epoch: [2][1720/2110] | Batch Time: 0.80 (0.35) | Data Time: 0.67 (0.21) | Mem (GB): 7.00 (7.15/15.00) | Time Elapsed: 00d 00h 38m | Losses/train_all_loss: 1.77e+00 (3.57e+01)
WARNING:root:Skip RandomAffine for zero-area mask in first frame after 1 tentatives
WARNING:root:Skip RandomAffine for zero-area mask in first frame after 1 tentatives
WARNING:root:Skip RandomAffine for zero-area mask in first frame after 1 tentatives
INFO 2026-09-28 11:00:48,846 train_utils.py: 271: Train Epoch: [2][1730/2110] | Batch Time: 0.16 (0.35) | Data Time: 0.00 (0.21) | Mem (GB): 10.00 (7.16/15.00) | Time Elapsed: 00d 00h 38m | Losses/train_all_loss: 2.64e-01 (3.57e+01)
WARNING:root:Skip RandomAffine for zero-area mask in first frame after 1 tentatives
WARNING:root:Skip RandomAffine for zero-area mask in first frame after 1 tentatives
WARNING:root:Skip RandomAffine for zero-area mask in first frame after 1 tentatives
INFO 2026-09-28 11:00:52,510 train_utils.py: 271: Train Epoch: [2][1740/2110] | Batch Time: 0.87 (0.35) | Data Time: 0.69 (0.21) | Mem (GB): 12.00 (7.17/15.00) | Time Elapsed: 00d 00h 38m | Losses/train_all_loss: 4.51e+00 (3.55e+01)
WARNING:root:Skip RandomAffine for zero-area mask in first frame after 1 tentatives
WARNING:root:Skip RandomAffine for zero-area mask in first frame after 1 tentatives
WARNING:root:Skip RandomAffine for zero-area mask in first frame after 1 tentatives
WARNING:root:Skip RandomAffine for zero-area mask in first frame after 1 tentatives
INFO 2026-09-28 11:00:55,462 train_utils.py: 271: Train Epoch: [2][1750/2110] | Batch Time: 0.08 (0.35) | Data Time: 0.00 (0.21) | Mem (GB): 3.00 (7.17/15.00) | Time Elapsed: 00d 00h 38m | Losses/train_all_loss: 2.53e-01 (3.55e+01)
WARNING:root:Skip RandomAffine for zero-area mask in first frame after 1 tentatives
WARNING:root:Skip RandomAffine for zero-area mask in first frame after 1 tentatives
INFO 2026-09-28 11:00:57,560 train_utils.py: 271: Train Epoch: [2][1760/2110] | Batch Time: 0.08 (0.35) | Data Time: 0.00 (0.21) | Mem (GB): 2.00 (7.17/15.00) | Time Elapsed: 00d 00h 38m | Losses/train_all_loss: 6.91e-01 (3.61e+01)
WARNING:root:Skip RandomAffine for zero-area mask in first frame after 1 tentatives
WARNING:root:Skip RandomAffine for zero-area mask in first frame after 1 tentatives
WARNING:root:Skip RandomAffine for zero-area mask in first frame after 1 tentatives
WARNING:root:Skip RandomAffine for zero-area mask in first frame after 1 tentatives
WARNING:root:Skip RandomAffine for zero-area mask in first frame after 1 tentatives
INFO 2026-09-28 11:01:01,261 train_utils.py: 271: Train Epoch: [2][1770/2110] | Batch Time: 0.12 (0.35) | Data Time: 0.00 (0.21) | Mem (GB): 6.00 (7.17/15.00) | Time Elapsed: 00d 00h 39m | Losses/train_all_loss: 1.04e+01 (3.60e+01)
WARNING:root:Skip RandomAffine for zero-area mask in first frame after 1 tentatives
WARNING:root:Skip RandomAffine for zero-area mask in first frame after 1 tentatives
WARNING:root:Skip RandomAffine for zero-area mask in first frame after 1 tentatives
WARNING:root:Skip RandomAffine for zero-area mask in first frame after 1 tentatives
WARNING:root:Skip RandomAffine for zero-area mask in first frame after 1 tentatives
INFO 2026-09-28 11:01:03,500 train_utils.py: 271: Train Epoch: [2][1780/2110] | Batch Time: 0.25 (0.34) | Data Time: 0.12 (0.21) | Mem (GB): 7.00 (7.17/15.00) | Time Elapsed: 00d 00h 39m | Losses/train_all_loss: 1.34e+00 (3.60e+01)
WARNING:root:Skip RandomAffine for zero-area mask in first frame after 1 tentatives
WARNING:root:Skip RandomAffine for zero-area mask in first frame after 1 tentatives
WARNING:root:Skip RandomAffine for zero-area mask in first frame after 1 tentatives
WARNING:root:Skip RandomAffine for zero-area mask in first frame after 1 tentatives
INFO 2026-09-28 11:01:06,245 train_utils.py: 271: Train Epoch: [2][1790/2110] | Batch Time: 0.15 (0.34) | Data Time: 0.00 (0.21) | Mem (GB): 9.00 (7.17/15.00) | Time Elapsed: 00d 00h 39m | Losses/train_all_loss: 4.76e-01 (3.59e+01)
WARNING:root:Skip RandomAffine for zero-area mask in first frame after 1 tentatives
INFO 2026-09-28 11:01:12,019 train_utils.py: 271: Train Epoch: [2][1800/2110] | Batch Time: 1.63 (0.35) | Data Time: 1.41 (0.21) | Mem (GB): 13.00 (7.17/15.00) | Time Elapsed: 00d 00h 39m | Losses/train_all_loss: 4.46e+01 (3.60e+01)
WARNING:root:Skip RandomAffine for zero-area mask in first frame after 1 tentatives
INFO 2026-09-28 11:01:15,465 train_utils.py: 271: Train Epoch: [2][1810/2110] | Batch Time: 0.14 (0.35) | Data Time: 0.00 (0.21) | Mem (GB): 8.00 (7.18/15.00) | Time Elapsed: 00d 00h 39m | Losses/train_all_loss: 2.19e+00 (3.60e+01)
WARNING:root:Skip RandomAffine for zero-area mask in first frame after 1 tentatives
WARNING:root:Skip RandomAffine for zero-area mask in first frame after 1 tentatives
INFO 2026-09-28 11:01:17,887 train_utils.py: 271: Train Epoch: [2][1820/2110] | Batch Time: 0.10 (0.35) | Data Time: 0.00 (0.21) | Mem (GB): 5.00 (7.17/15.00) | Time Elapsed: 00d 00h 39m | Losses/train_all_loss: 1.56e-01 (3.58e+01)
WARNING:root:Skip RandomAffine for zero-area mask in first frame after 1 tentatives
WARNING:root:Skip RandomAffine for zero-area mask in first frame after 1 tentatives
WARNING:root:Skip RandomAffine for zero-area mask in first frame after 1 tentatives
WARNING:root:Skip RandomAffine for zero-area mask in first frame after 1 tentatives
WARNING:root:Skip RandomAffine for zero-area mask in first frame after 1 tentatives
WARNING:root:Skip RandomAffine for zero-area mask in first frame after 1 tentatives
WARNING:root:Skip RandomAffine for zero-area mask in first frame after 1 tentatives
INFO 2026-09-28 11:01:21,136 train_utils.py: 271: Train Epoch: [2][1830/2110] | Batch Time: 0.11 (0.35) | Data Time: 0.00 (0.21) | Mem (GB): 5.00 (7.17/15.00) | Time Elapsed: 00d 00h 39m | Losses/train_all_loss: 4.85e+01 (3.58e+01)
WARNING:root:Skip RandomAffine for zero-area mask in first frame after 1 tentatives
INFO 2026-09-28 11:01:23,694 train_utils.py: 271: Train Epoch: [2][1840/2110] | Batch Time: 0.08 (0.34) | Data Time: 0.00 (0.21) | Mem (GB): 3.00 (7.16/15.00) | Time Elapsed: 00d 00h 39m | Losses/train_all_loss: 1.64e+00 (3.57e+01)
WARNING:root:Skip RandomAffine for zero-area mask in first frame after 1 tentatives
WARNING:root:Skip RandomAffine for zero-area mask in first frame after 1 tentatives
WARNING:root:Skip RandomAffine for zero-area mask in first frame after 1 tentatives
WARNING:root:Skip RandomAffine for zero-area mask in first frame after 1 tentatives
INFO 2026-09-28 11:01:27,267 train_utils.py: 271: Train Epoch: [2][1850/2110] | Batch Time: 0.12 (0.34) | Data Time: 0.00 (0.21) | Mem (GB): 6.00 (7.16/15.00) | Time Elapsed: 00d 00h 39m | Losses/train_all_loss: 6.56e+01 (3.56e+01)
WARNING:root:Skip RandomAffine for zero-area mask in first frame after 1 tentatives
WARNING:root:Skip RandomAffine for zero-area mask in first frame after 1 tentatives
WARNING:root:Skip RandomAffine for zero-area mask in first frame after 1 tentatives
WARNING:root:Skip RandomAffine for zero-area mask in first frame after 1 tentatives
INFO 2026-09-28 11:01:30,860 train_utils.py: 271: Train Epoch: [2][1860/2110] | Batch Time: 0.17 (0.34) | Data Time: 0.00 (0.21) | Mem (GB): 10.00 (7.16/15.00) | Time Elapsed: 00d 00h 39m | Losses/train_all_loss: 1.84e+00 (3.56e+01)
WARNING:root:Skip RandomAffine for zero-area mask in first frame after 1 tentatives
WARNING:root:Skip RandomAffine for zero-area mask in first frame after 1 tentatives
WARNING:root:Skip RandomAffine for zero-area mask in first frame after 1 tentatives
INFO 2026-09-28 11:01:34,648 train_utils.py: 271: Train Epoch: [2][1870/2110] | Batch Time: 0.09 (0.34) | Data Time: 0.00 (0.21) | Mem (GB): 4.00 (7.17/15.00) | Time Elapsed: 00d 00h 39m | Losses/train_all_loss: 4.58e-01 (3.56e+01)
WARNING:root:Skip RandomAffine for zero-area mask in first frame after 1 tentatives
WARNING:root:Skip RandomAffine for zero-area mask in first frame after 1 tentatives
WARNING:root:Skip RandomAffine for zero-area mask in first frame after 1 tentatives
INFO 2026-09-28 11:01:38,417 train_utils.py: 271: Train Epoch: [2][1880/2110] | Batch Time: 0.10 (0.35) | Data Time: 0.00 (0.21) | Mem (GB): 2.00 (7.16/15.00) | Time Elapsed: 00d 00h 39m | Losses/train_all_loss: 6.15e-01 (3.55e+01)
WARNING:root:Skip RandomAffine for zero-area mask in first frame after 1 tentatives
WARNING:root:Skip RandomAffine for zero-area mask in first frame after 1 tentatives
WARNING:root:Skip RandomAffine for zero-area mask in first frame after 1 tentatives
INFO 2026-09-28 11:01:41,432 train_utils.py: 271: Train Epoch: [2][1890/2110] | Batch Time: 0.17 (0.34) | Data Time: 0.00 (0.21) | Mem (GB): 10.00 (7.16/15.00) | Time Elapsed: 00d 00h 39m | Losses/train_all_loss: 4.54e-01 (3.53e+01)
WARNING:root:Skip RandomAffine for zero-area mask in first frame after 1 tentatives
WARNING:root:Skip RandomAffine for zero-area mask in first frame after 1 tentatives
INFO 2026-09-28 11:01:44,518 train_utils.py: 271: Train Epoch: [2][1900/2110] | Batch Time: 0.11 (0.34) | Data Time: 0.00 (0.21) | Mem (GB): 5.00 (7.16/15.00) | Time Elapsed: 00d 00h 39m | Losses/train_all_loss: 1.69e-01 (3.52e+01)
WARNING:root:Skip RandomAffine for zero-area mask in first frame after 1 tentatives
WARNING:root:Skip RandomAffine for zero-area mask in first frame after 1 tentatives
WARNING:root:Skip RandomAffine for zero-area mask in first frame after 1 tentatives
WARNING:root:Skip RandomAffine for zero-area mask in first frame after 1 tentatives
WARNING:root:Skip RandomAffine for zero-area mask in first frame after 1 tentatives
INFO 2026-09-28 11:01:48,343 train_utils.py: 271: Train Epoch: [2][1910/2110] | Batch Time: 0.15 (0.34) | Data Time: 0.00 (0.21) | Mem (GB): 9.00 (7.16/15.00) | Time Elapsed: 00d 00h 39m | Losses/train_all_loss: 4.89e-01 (3.51e+01)
WARNING:root:Skip RandomAffine for zero-area mask in first frame after 1 tentatives
WARNING:root:Skip RandomAffine for zero-area mask in first frame after 1 tentatives
WARNING:root:Skip RandomAffine for zero-area mask in first frame after 1 tentatives
WARNING:root:Skip RandomAffine for zero-area mask in first frame after 1 tentatives
WARNING:root:Skip RandomAffine for zero-area mask in first frame after 1 tentatives
WARNING:root:Skip RandomAffine for zero-area mask in first frame after 1 tentatives
INFO 2026-09-28 11:01:52,357 train_utils.py: 271: Train Epoch: [2][1920/2110] | Batch Time: 0.14 (0.35) | Data Time: 0.00 (0.21) | Mem (GB): 8.00 (7.15/15.00) | Time Elapsed: 00d 00h 39m | Losses/train_all_loss: 3.34e-01 (3.55e+01)
WARNING:root:Skip RandomAffine for zero-area mask in first frame after 1 tentatives
WARNING:root:Skip RandomAffine for zero-area mask in first frame after 1 tentatives
WARNING:root:Skip RandomAffine for zero-area mask in first frame after 1 tentatives
INFO 2026-09-28 11:01:55,374 train_utils.py: 271: Train Epoch: [2][1930/2110] | Batch Time: 0.13 (0.34) | Data Time: 0.00 (0.21) | Mem (GB): 7.00 (7.16/15.00) | Time Elapsed: 00d 00h 39m | Losses/train_all_loss: 5.39e-01 (3.54e+01)
WARNING:root:Skip RandomAffine for zero-area mask in first frame after 1 tentatives
WARNING:root:Skip RandomAffine for zero-area mask in first frame after 1 tentatives
WARNING:root:Skip RandomAffine for zero-area mask in first frame after 1 tentatives
WARNING:root:Skip RandomAffine for zero-area mask in first frame after 1 tentatives
INFO 2026-09-28 11:01:59,082 train_utils.py: 271: Train Epoch: [2][1940/2110] | Batch Time: 0.16 (0.35) | Data Time: 0.00 (0.21) | Mem (GB): 8.00 (7.16/15.00) | Time Elapsed: 00d 00h 39m | Losses/train_all_loss: 9.95e+01 (3.54e+01)
WARNING:root:Skip RandomAffine for zero-area mask in first frame after 1 tentatives
WARNING:root:Skip RandomAffine for zero-area mask in first frame after 1 tentatives
WARNING:root:Skip RandomAffine for zero-area mask in first frame after 1 tentatives
WARNING:root:Skip RandomAffine for zero-area mask in first frame after 1 tentatives
INFO 2026-09-28 11:02:01,655 train_utils.py: 271: Train Epoch: [2][1950/2110] | Batch Time: 0.11 (0.34) | Data Time: 0.00 (0.21) | Mem (GB): 5.00 (7.15/15.00) | Time Elapsed: 00d 00h 40m | Losses/train_all_loss: 3.32e-01 (3.55e+01)
WARNING:root:Skip RandomAffine for zero-area mask in first frame after 1 tentatives
WARNING:root:Skip RandomAffine for zero-area mask in first frame after 1 tentatives
WARNING:root:Skip RandomAffine for zero-area mask in first frame after 1 tentatives
INFO 2026-09-28 11:02:05,301 train_utils.py: 271: Train Epoch: [2][1960/2110] | Batch Time: 0.14 (0.34) | Data Time: 0.00 (0.21) | Mem (GB): 8.00 (7.15/15.00) | Time Elapsed: 00d 00h 40m | Losses/train_all_loss: 2.12e+00 (3.54e+01)
WARNING:root:Skip RandomAffine for zero-area mask in first frame after 1 tentatives
WARNING:root:Skip RandomAffine for zero-area mask in first frame after 1 tentatives
INFO 2026-09-28 11:02:09,133 train_utils.py: 271: Train Epoch: [2][1970/2110] | Batch Time: 0.12 (0.34) | Data Time: 0.00 (0.21) | Mem (GB): 2.00 (7.16/15.00) | Time Elapsed: 00d 00h 40m | Losses/train_all_loss: 1.12e+02 (3.54e+01)
WARNING:root:Skip RandomAffine for zero-area mask in first frame after 1 tentatives
WARNING:root:Skip RandomAffine for zero-area mask in first frame after 1 tentatives
INFO 2026-09-28 11:02:12,417 train_utils.py: 271: Train Epoch: [2][1980/2110] | Batch Time: 0.14 (0.34) | Data Time: 0.00 (0.21) | Mem (GB): 8.00 (7.16/15.00) | Time Elapsed: 00d 00h 40m | Losses/train_all_loss: 9.20e-01 (3.52e+01)
WARNING:root:Skip RandomAffine for zero-area mask in first frame after 1 tentatives
WARNING:root:Skip RandomAffine for zero-area mask in first frame after 1 tentatives
WARNING:root:Skip RandomAffine for zero-area mask in first frame after 1 tentatives
WARNING:root:Skip RandomAffine for zero-area mask in first frame after 1 tentatives
INFO 2026-09-28 11:02:17,284 train_utils.py: 271: Train Epoch: [2][1990/2110] | Batch Time: 0.10 (0.35) | Data Time: 0.00 (0.21) | Mem (GB): 5.00 (7.16/15.00) | Time Elapsed: 00d 00h 40m | Losses/train_all_loss: 7.40e-01 (3.51e+01)
WARNING:root:Skip RandomAffine for zero-area mask in first frame after 1 tentatives
WARNING:root:Skip RandomAffine for zero-area mask in first frame after 1 tentatives
WARNING:root:Skip RandomAffine for zero-area mask in first frame after 1 tentatives
INFO 2026-09-28 11:02:22,043 train_utils.py: 271: Train Epoch: [2][2000/2110] | Batch Time: 0.16 (0.35) | Data Time: 0.00 (0.21) | Mem (GB): 8.00 (7.16/15.00) | Time Elapsed: 00d 00h 40m | Losses/train_all_loss: 7.39e+01 (3.50e+01)
WARNING:root:Skip RandomAffine for zero-area mask in first frame after 1 tentatives
WARNING:root:Skip RandomAffine for zero-area mask in first frame after 1 tentatives
WARNING:root:Skip RandomAffine for zero-area mask in first frame after 1 tentatives
WARNING:root:Skip RandomAffine for zero-area mask in first frame after 1 tentatives
WARNING:root:Skip RandomAffine for zero-area mask in first frame after 1 tentatives
WARNING:root:Skip RandomAffine for zero-area mask in first frame after 1 tentatives
WARNING:root:Skip RandomAffine for zero-area mask in first frame after 1 tentatives
INFO 2026-09-28 11:02:25,907 train_utils.py: 271: Train Epoch: [2][2010/2110] | Batch Time: 0.69 (0.35) | Data Time: 0.46 (0.21) | Mem (GB): 13.00 (7.17/15.00) | Time Elapsed: 00d 00h 40m | Losses/train_all_loss: 7.44e+01 (3.50e+01)
WARNING:root:Skip RandomAffine for zero-area mask in first frame after 1 tentatives
WARNING:root:Skip RandomAffine for zero-area mask in first frame after 1 tentatives
WARNING:root:Skip RandomAffine for zero-area mask in first frame after 1 tentatives
WARNING:root:Skip RandomAffine for zero-area mask in first frame after 1 tentatives
INFO 2026-09-28 11:02:29,836 train_utils.py: 271: Train Epoch: [2][2020/2110] | Batch Time: 0.11 (0.35) | Data Time: 0.00 (0.21) | Mem (GB): 6.00 (7.17/15.00) | Time Elapsed: 00d 00h 40m | Losses/train_all_loss: 1.48e+02 (3.50e+01)
WARNING:root:Skip RandomAffine for zero-area mask in first frame after 1 tentatives
WARNING:root:Skip RandomAffine for zero-area mask in first frame after 1 tentatives
WARNING:root:Skip RandomAffine for zero-area mask in first frame after 1 tentatives
INFO 2026-09-28 11:02:33,370 train_utils.py: 271: Train Epoch: [2][2030/2110] | Batch Time: 0.65 (0.35) | Data Time: 0.46 (0.21) | Mem (GB): 12.00 (7.18/15.00) | Time Elapsed: 00d 00h 40m | Losses/train_all_loss: 2.46e+01 (3.50e+01)
WARNING:root:Skip RandomAffine for zero-area mask in first frame after 1 tentatives
WARNING:root:Skip RandomAffine for zero-area mask in first frame after 1 tentatives
INFO 2026-09-28 11:02:35,318 train_utils.py: 271: Train Epoch: [2][2040/2110] | Batch Time: 0.09 (0.35) | Data Time: 0.00 (0.21) | Mem (GB): 5.00 (7.18/15.00) | Time Elapsed: 00d 00h 40m | Losses/train_all_loss: 9.83e+01 (3.50e+01)
WARNING:root:Skip RandomAffine for zero-area mask in first frame after 1 tentatives
WARNING:root:Skip RandomAffine for zero-area mask in first frame after 1 tentatives
WARNING:root:Skip RandomAffine for zero-area mask in first frame after 1 tentatives
INFO 2026-09-28 11:02:39,498 train_utils.py: 271: Train Epoch: [2][2050/2110] | Batch Time: 0.23 (0.35) | Data Time: 0.04 (0.21) | Mem (GB): 12.00 (7.18/15.00) | Time Elapsed: 00d 00h 40m | Losses/train_all_loss: 9.89e+00 (3.49e+01)
WARNING:root:Skip RandomAffine for zero-area mask in first frame after 1 tentatives
WARNING:root:Skip RandomAffine for zero-area mask in first frame after 1 tentatives
INFO 2026-09-28 11:02:41,973 train_utils.py: 271: Train Epoch: [2][2060/2110] | Batch Time: 0.10 (0.35) | Data Time: 0.00 (0.21) | Mem (GB): 4.00 (7.18/15.00) | Time Elapsed: 00d 00h 40m | Losses/train_all_loss: 1.18e+02 (3.50e+01)
WARNING:root:Skip RandomAffine for zero-area mask in first frame after 1 tentatives
WARNING:root:Skip RandomAffine for zero-area mask in first frame after 1 tentatives
WARNING:root:Skip RandomAffine for zero-area mask in first frame after 1 tentatives
WARNING:root:Skip RandomAffine for zero-area mask in first frame after 1 tentatives
INFO 2026-09-28 11:02:46,003 train_utils.py: 271: Train Epoch: [2][2070/2110] | Batch Time: 0.15 (0.35) | Data Time: 0.00 (0.21) | Mem (GB): 7.00 (7.18/15.00) | Time Elapsed: 00d 00h 40m | Losses/train_all_loss: 1.12e+02 (3.50e+01)
WARNING:root:Skip RandomAffine for zero-area mask in first frame after 1 tentatives
WARNING:root:Skip RandomAffine for zero-area mask in first frame after 1 tentatives
INFO 2026-09-28 11:02:48,997 train_utils.py: 271: Train Epoch: [2][2080/2110] | Batch Time: 0.14 (0.35) | Data Time: 0.00 (0.21) | Mem (GB): 8.00 (7.19/15.00) | Time Elapsed: 00d 00h 40m | Losses/train_all_loss: 2.76e-01 (3.50e+01)
WARNING:root:Skip RandomAffine for zero-area mask in first frame after 1 tentatives
INFO 2026-09-28 11:02:52,042 train_utils.py: 271: Train Epoch: [2][2090/2110] | Batch Time: 0.33 (0.35) | Data Time: 0.18 (0.21) | Mem (GB): 9.00 (7.18/15.00) | Time Elapsed: 00d 00h 40m | Losses/train_all_loss: 5.35e+00 (3.50e+01)
WARNING:root:Skip RandomAffine for zero-area mask in first frame after 1 tentatives
WARNING:root:Skip RandomAffine for zero-area mask in first frame after 1 tentatives
WARNING:root:Skip RandomAffine for zero-area mask in first frame after 1 tentatives
INFO 2026-09-28 11:02:55,758 train_utils.py: 271: Train Epoch: [2][2100/2110] | Batch Time: 0.09 (0.35) | Data Time: 0.00 (0.21) | Mem (GB): 2.00 (7.18/15.00) | Time Elapsed: 00d 00h 40m | Losses/train_all_loss: 7.67e-01 (3.53e+01)
WARNING:root:Skip RandomAffine for zero-area mask in first frame after 1 tentatives
INFO 2026-09-28 11:02:59,460 trainer.py: 950: Estimated time remaining: 00d 19h 38m
INFO 2026-09-28 11:02:59,464 trainer.py: 892: Synchronizing meters
INFO 2026-09-28 11:02:59,464 trainer.py: 830: Losses and meters: {'Losses/train_all_loss': 35.1516327819553, 'Losses/train_all_loss_mask': 1.73027930223685, 'Losses/train_all_loss_dice': 0.1365060877911217, 'Losses/train_all_loss_iou': 0.08129802436541583, 'Losses/train_all_loss_class': 0.32824274965995587, 'Losses/train_all_core_loss': 35.1516327819553, 'Trainer/where': 0.02999526066350711, 'Trainer/epoch': 2, 'Trainer/steps_train': 6330}
INFO 2026-09-28 11:02:59,538 sam2_image_predictor.py: 102: For numpy array image, we assume (HxWxC) format
INFO 2026-09-28 11:02:59,563 sam2_image_predictor.py: 116: Computing image embeddings for the provided image...
INFO 2026-09-28 11:02:59,575 sam2_image_predictor.py: 129: Image embeddings computed.
INFO 2026-09-28 11:03:00,263 sam2_image_predictor.py: 102: For numpy array image, we assume (HxWxC) format
INFO 2026-09-28 11:03:00,297 sam2_image_predictor.py: 116: Computing image embeddings for the provided image...
INFO 2026-09-28 11:03:00,346 sam2_image_predictor.py: 129: Image embeddings computed.
INFO 2026-09-28 11:03:01,031 sam2_image_predictor.py: 102: For numpy array image, we assume (HxWxC) format
INFO 2026-09-28 11:03:01,061 sam2_image_predictor.py: 116: Computing image embeddings for the provided image...
INFO 2026-09-28 11:03:01,072 sam2_image_predictor.py: 129: Image embeddings computed.
INFO 2026-09-28 11:03:01,790 sam2_image_predictor.py: 102: For numpy array image, we assume (HxWxC) format
INFO 2026-09-28 11:03:01,808 sam2_image_predictor.py: 116: Computing image embeddings for the provided image...
INFO 2026-09-28 11:03:01,819 sam2_image_predictor.py: 129: Image embeddings computed.
INFO 2026-09-28 11:03:02,641 sam2_image_predictor.py: 102: For numpy array image, we assume (HxWxC) format
INFO 2026-09-28 11:03:02,652 sam2_image_predictor.py: 116: Computing image embeddings for the provided image...
INFO 2026-09-28 11:03:02,664 sam2_image_predictor.py: 129: Image embeddings computed.
INFO 2026-09-28 11:03:03,608 sam2_image_predictor.py: 102: For numpy array image, we assume (HxWxC) format
INFO 2026-09-28 11:03:03,642 sam2_image_predictor.py: 116: Computing image embeddings for the provided image...
INFO 2026-09-28 11:03:03,654 sam2_image_predictor.py: 129: Image embeddings computed.
INFO 2026-09-28 11:03:04,340 sam2_image_predictor.py: 102: For numpy array image, we assume (HxWxC) format
INFO 2026-09-28 11:03:04,365 sam2_image_predictor.py: 116: Computing image embeddings for the provided image...
INFO 2026-09-28 11:03:04,373 sam2_image_predictor.py: 129: Image embeddings computed.
INFO 2026-09-28 11:03:05,081 sam2_image_predictor.py: 102: For numpy array image, we assume (HxWxC) format
INFO 2026-09-28 11:03:05,111 sam2_image_predictor.py: 116: Computing image embeddings for the provided image...
INFO 2026-09-28 11:03:05,142 sam2_image_predictor.py: 129: Image embeddings computed.
INFO 2026-09-28 11:03:05,793 sam2_image_predictor.py: 102: For numpy array image, we assume (HxWxC) format
INFO 2026-09-28 11:03:05,809 sam2_image_predictor.py: 116: Computing image embeddings for the provided image...
INFO 2026-09-28 11:03:05,817 sam2_image_predictor.py: 129: Image embeddings computed.
INFO 2026-09-28 11:03:06,425 sam2_image_predictor.py: 102: For numpy array image, we assume (HxWxC) format
INFO 2026-09-28 11:03:06,430 sam2_image_predictor.py: 116: Computing image embeddings for the provided image...
INFO 2026-09-28 11:03:06,438 sam2_image_predictor.py: 129: Image embeddings computed.
INFO 2026-09-28 11:03:06,999 sam2_image_predictor.py: 102: For numpy array image, we assume (HxWxC) format
INFO 2026-09-28 11:03:07,018 sam2_image_predictor.py: 116: Computing image embeddings for the provided image...
INFO 2026-09-28 11:03:07,026 sam2_image_predictor.py: 129: Image embeddings computed.
INFO 2026-09-28 11:03:07,592 sam2_image_predictor.py: 102: For numpy array image, we assume (HxWxC) format
INFO 2026-09-28 11:03:07,624 sam2_image_predictor.py: 116: Computing image embeddings for the provided image...
INFO 2026-09-28 11:03:07,646 sam2_image_predictor.py: 129: Image embeddings computed.
INFO 2026-09-28 11:03:08,245 sam2_image_predictor.py: 102: For numpy array image, we assume (HxWxC) format
INFO 2026-09-28 11:03:08,274 sam2_image_predictor.py: 116: Computing image embeddings for the provided image...
INFO 2026-09-28 11:03:08,342 sam2_image_predictor.py: 129: Image embeddings computed.
INFO 2026-09-28 11:03:08,919 sam2_image_predictor.py: 102: For numpy array image, we assume (HxWxC) format
INFO 2026-09-28 11:03:08,923 sam2_image_predictor.py: 116: Computing image embeddings for the provided image...
INFO 2026-09-28 11:03:08,931 sam2_image_predictor.py: 129: Image embeddings computed.
INFO 2026-09-28 11:03:09,470 sam2_image_predictor.py: 102: For numpy array image, we assume (HxWxC) format
INFO 2026-09-28 11:03:09,504 sam2_image_predictor.py: 116: Computing image embeddings for the provided image...
INFO 2026-09-28 11:03:09,549 sam2_image_predictor.py: 129: Image embeddings computed.
INFO 2026-09-28 11:03:10,147 sam2_image_predictor.py: 102: For numpy array image, we assume (HxWxC) format
INFO 2026-09-28 11:03:10,176 sam2_image_predictor.py: 116: Computing image embeddings for the provided image...
INFO 2026-09-28 11:03:10,242 sam2_image_predictor.py: 129: Image embeddings computed.
INFO 2026-09-28 11:03:10,850 sam2_image_predictor.py: 102: For numpy array image, we assume (HxWxC) format
INFO 2026-09-28 11:03:10,878 sam2_image_predictor.py: 116: Computing image embeddings for the provided image...
INFO 2026-09-28 11:03:10,886 sam2_image_predictor.py: 129: Image embeddings computed.
INFO 2026-09-28 11:03:11,495 sam2_image_predictor.py: 102: For numpy array image, we assume (HxWxC) format
INFO 2026-09-28 11:03:11,523 sam2_image_predictor.py: 116: Computing image embeddings for the provided image...
INFO 2026-09-28 11:03:11,542 sam2_image_predictor.py: 129: Image embeddings computed.
INFO 2026-09-28 11:03:12,138 sam2_image_predictor.py: 102: For numpy array image, we assume (HxWxC) format
INFO 2026-09-28 11:03:12,164 sam2_image_predictor.py: 116: Computing image embeddings for the provided image...
INFO 2026-09-28 11:03:12,172 sam2_image_predictor.py: 129: Image embeddings computed.
INFO 2026-09-28 11:03:12,797 sam2_image_predictor.py: 102: For numpy array image, we assume (HxWxC) format
INFO 2026-09-28 11:03:12,803 sam2_image_predictor.py: 116: Computing image embeddings for the provided image...
INFO 2026-09-28 11:03:12,811 sam2_image_predictor.py: 129: Image embeddings computed.
INFO 2026-09-28 11:03:13,367 best_coco_trainer.py: 114: COCO eval rank 0: 20/100 images
INFO 2026-09-28 11:03:13,386 sam2_image_predictor.py: 102: For numpy array image, we assume (HxWxC) format
INFO 2026-09-28 11:03:13,416 sam2_image_predictor.py: 116: Computing image embeddings for the provided image...
INFO 2026-09-28 11:03:13,448 sam2_image_predictor.py: 129: Image embeddings computed.
INFO 2026-09-28 11:03:14,068 sam2_image_predictor.py: 102: For numpy array image, we assume (HxWxC) format
INFO 2026-09-28 11:03:14,096 sam2_image_predictor.py: 116: Computing image embeddings for the provided image...
INFO 2026-09-28 11:03:14,142 sam2_image_predictor.py: 129: Image embeddings computed.
INFO 2026-09-28 11:03:14,803 sam2_image_predictor.py: 102: For numpy array image, we assume (HxWxC) format
INFO 2026-09-28 11:03:14,831 sam2_image_predictor.py: 116: Computing image embeddings for the provided image...
INFO 2026-09-28 11:03:14,846 sam2_image_predictor.py: 129: Image embeddings computed.
INFO 2026-09-28 11:03:15,449 sam2_image_predictor.py: 102: For numpy array image, we assume (HxWxC) format
INFO 2026-09-28 11:03:15,477 sam2_image_predictor.py: 116: Computing image embeddings for the provided image...
INFO 2026-09-28 11:03:15,541 sam2_image_predictor.py: 129: Image embeddings computed.
INFO 2026-09-28 11:03:16,159 sam2_image_predictor.py: 102: For numpy array image, we assume (HxWxC) format
INFO 2026-09-28 11:03:16,164 sam2_image_predictor.py: 116: Computing image embeddings for the provided image...
INFO 2026-09-28 11:03:16,172 sam2_image_predictor.py: 129: Image embeddings computed.
INFO 2026-09-28 11:03:16,711 sam2_image_predictor.py: 102: For numpy array image, we assume (HxWxC) format
INFO 2026-09-28 11:03:16,741 sam2_image_predictor.py: 116: Computing image embeddings for the provided image...
INFO 2026-09-28 11:03:16,749 sam2_image_predictor.py: 129: Image embeddings computed.
INFO 2026-09-28 11:03:17,365 sam2_image_predictor.py: 102: For numpy array image, we assume (HxWxC) format
INFO 2026-09-28 11:03:17,371 sam2_image_predictor.py: 116: Computing image embeddings for the provided image...
INFO 2026-09-28 11:03:17,379 sam2_image_predictor.py: 129: Image embeddings computed.
INFO 2026-09-28 11:03:17,921 sam2_image_predictor.py: 102: For numpy array image, we assume (HxWxC) format
INFO 2026-09-28 11:03:17,926 sam2_image_predictor.py: 116: Computing image embeddings for the provided image...
INFO 2026-09-28 11:03:17,934 sam2_image_predictor.py: 129: Image embeddings computed.
INFO 2026-09-28 11:03:18,451 sam2_image_predictor.py: 102: For numpy array image, we assume (HxWxC) format
INFO 2026-09-28 11:03:18,540 sam2_image_predictor.py: 116: Computing image embeddings for the provided image...
INFO 2026-09-28 11:03:18,552 sam2_image_predictor.py: 129: Image embeddings computed.
INFO 2026-09-28 11:03:19,154 sam2_image_predictor.py: 102: For numpy array image, we assume (HxWxC) format
INFO 2026-09-28 11:03:19,182 sam2_image_predictor.py: 116: Computing image embeddings for the provided image...
INFO 2026-09-28 11:03:19,191 sam2_image_predictor.py: 129: Image embeddings computed.
INFO 2026-09-28 11:03:20,005 sam2_image_predictor.py: 102: For numpy array image, we assume (HxWxC) format
INFO 2026-09-28 11:03:20,034 sam2_image_predictor.py: 116: Computing image embeddings for the provided image...
INFO 2026-09-28 11:03:20,042 sam2_image_predictor.py: 129: Image embeddings computed.
INFO 2026-09-28 11:03:20,773 sam2_image_predictor.py: 102: For numpy array image, we assume (HxWxC) format
INFO 2026-09-28 11:03:20,799 sam2_image_predictor.py: 116: Computing image embeddings for the provided image...
INFO 2026-09-28 11:03:20,807 sam2_image_predictor.py: 129: Image embeddings computed.
INFO 2026-09-28 11:03:21,594 sam2_image_predictor.py: 102: For numpy array image, we assume (HxWxC) format
INFO 2026-09-28 11:03:21,620 sam2_image_predictor.py: 116: Computing image embeddings for the provided image...
INFO 2026-09-28 11:03:21,628 sam2_image_predictor.py: 129: Image embeddings computed.
INFO 2026-09-28 11:03:22,343 sam2_image_predictor.py: 102: For numpy array image, we assume (HxWxC) format
INFO 2026-09-28 11:03:22,444 sam2_image_predictor.py: 116: Computing image embeddings for the provided image...
INFO 2026-09-28 11:03:22,452 sam2_image_predictor.py: 129: Image embeddings computed.
INFO 2026-09-28 11:03:23,100 sam2_image_predictor.py: 102: For numpy array image, we assume (HxWxC) format
INFO 2026-09-28 11:03:23,114 sam2_image_predictor.py: 116: Computing image embeddings for the provided image...
INFO 2026-09-28 11:03:23,122 sam2_image_predictor.py: 129: Image embeddings computed.
INFO 2026-09-28 11:03:23,739 sam2_image_predictor.py: 102: For numpy array image, we assume (HxWxC) format
INFO 2026-09-28 11:03:23,762 sam2_image_predictor.py: 116: Computing image embeddings for the provided image...
INFO 2026-09-28 11:03:23,770 sam2_image_predictor.py: 129: Image embeddings computed.
INFO 2026-09-28 11:03:24,402 sam2_image_predictor.py: 102: For numpy array image, we assume (HxWxC) format
INFO 2026-09-28 11:03:24,425 sam2_image_predictor.py: 116: Computing image embeddings for the provided image...
INFO 2026-09-28 11:03:24,432 sam2_image_predictor.py: 129: Image embeddings computed.
INFO 2026-09-28 11:03:25,070 sam2_image_predictor.py: 102: For numpy array image, we assume (HxWxC) format
INFO 2026-09-28 11:03:25,095 sam2_image_predictor.py: 116: Computing image embeddings for the provided image...
INFO 2026-09-28 11:03:25,103 sam2_image_predictor.py: 129: Image embeddings computed.
INFO 2026-09-28 11:03:25,729 sam2_image_predictor.py: 102: For numpy array image, we assume (HxWxC) format
INFO 2026-09-28 11:03:25,735 sam2_image_predictor.py: 116: Computing image embeddings for the provided image...
INFO 2026-09-28 11:03:25,743 sam2_image_predictor.py: 129: Image embeddings computed.
INFO 2026-09-28 11:03:26,363 sam2_image_predictor.py: 102: For numpy array image, we assume (HxWxC) format
INFO 2026-09-28 11:03:26,383 sam2_image_predictor.py: 116: Computing image embeddings for the provided image...
INFO 2026-09-28 11:03:26,391 sam2_image_predictor.py: 129: Image embeddings computed.
INFO 2026-09-28 11:03:26,998 best_coco_trainer.py: 114: COCO eval rank 0: 40/100 images
INFO 2026-09-28 11:03:27,014 sam2_image_predictor.py: 102: For numpy array image, we assume (HxWxC) format
INFO 2026-09-28 11:03:27,042 sam2_image_predictor.py: 116: Computing image embeddings for the provided image...
INFO 2026-09-28 11:03:27,050 sam2_image_predictor.py: 129: Image embeddings computed.
INFO 2026-09-28 11:03:27,722 sam2_image_predictor.py: 102: For numpy array image, we assume (HxWxC) format
INFO 2026-09-28 11:03:27,744 sam2_image_predictor.py: 116: Computing image embeddings for the provided image...
INFO 2026-09-28 11:03:27,752 sam2_image_predictor.py: 129: Image embeddings computed.
INFO 2026-09-28 11:03:28,379 sam2_image_predictor.py: 102: For numpy array image, we assume (HxWxC) format
INFO 2026-09-28 11:03:28,385 sam2_image_predictor.py: 116: Computing image embeddings for the provided image...
INFO 2026-09-28 11:03:28,393 sam2_image_predictor.py: 129: Image embeddings computed.
INFO 2026-09-28 11:03:28,930 sam2_image_predictor.py: 102: For numpy array image, we assume (HxWxC) format
INFO 2026-09-28 11:03:28,936 sam2_image_predictor.py: 116: Computing image embeddings for the provided image...
INFO 2026-09-28 11:03:28,944 sam2_image_predictor.py: 129: Image embeddings computed.
INFO 2026-09-28 11:03:29,485 sam2_image_predictor.py: 102: For numpy array image, we assume (HxWxC) format
INFO 2026-09-28 11:03:29,491 sam2_image_predictor.py: 116: Computing image embeddings for the provided image...
INFO 2026-09-28 11:03:29,499 sam2_image_predictor.py: 129: Image embeddings computed.
INFO 2026-09-28 11:03:30,086 sam2_image_predictor.py: 102: For numpy array image, we assume (HxWxC) format
INFO 2026-09-28 11:03:30,091 sam2_image_predictor.py: 116: Computing image embeddings for the provided image...
INFO 2026-09-28 11:03:30,100 sam2_image_predictor.py: 129: Image embeddings computed.
INFO 2026-09-28 11:03:30,619 sam2_image_predictor.py: 102: For numpy array image, we assume (HxWxC) format
INFO 2026-09-28 11:03:30,626 sam2_image_predictor.py: 116: Computing image embeddings for the provided image...
INFO 2026-09-28 11:03:30,634 sam2_image_predictor.py: 129: Image embeddings computed.
INFO 2026-09-28 11:03:31,165 sam2_image_predictor.py: 102: For numpy array image, we assume (HxWxC) format
INFO 2026-09-28 11:03:31,172 sam2_image_predictor.py: 116: Computing image embeddings for the provided image...
INFO 2026-09-28 11:03:31,181 sam2_image_predictor.py: 129: Image embeddings computed.
INFO 2026-09-28 11:03:31,740 sam2_image_predictor.py: 102: For numpy array image, we assume (HxWxC) format
INFO 2026-09-28 11:03:31,747 sam2_image_predictor.py: 116: Computing image embeddings for the provided image...
INFO 2026-09-28 11:03:31,755 sam2_image_predictor.py: 129: Image embeddings computed.
INFO 2026-09-28 11:03:32,335 sam2_image_predictor.py: 102: For numpy array image, we assume (HxWxC) format
INFO 2026-09-28 11:03:32,375 sam2_image_predictor.py: 116: Computing image embeddings for the provided image...
INFO 2026-09-28 11:03:32,447 sam2_image_predictor.py: 129: Image embeddings computed.
INFO 2026-09-28 11:03:33,055 sam2_image_predictor.py: 102: For numpy array image, we assume (HxWxC) format
INFO 2026-09-28 11:03:33,088 sam2_image_predictor.py: 116: Computing image embeddings for the provided image...
INFO 2026-09-28 11:03:33,147 sam2_image_predictor.py: 129: Image embeddings computed.
INFO 2026-09-28 11:03:33,829 sam2_image_predictor.py: 102: For numpy array image, we assume (HxWxC) format
INFO 2026-09-28 11:03:33,866 sam2_image_predictor.py: 116: Computing image embeddings for the provided image...
INFO 2026-09-28 11:03:33,874 sam2_image_predictor.py: 129: Image embeddings computed.
INFO 2026-09-28 11:03:34,460 sam2_image_predictor.py: 102: For numpy array image, we assume (HxWxC) format
INFO 2026-09-28 11:03:34,483 sam2_image_predictor.py: 116: Computing image embeddings for the provided image...
INFO 2026-09-28 11:03:34,490 sam2_image_predictor.py: 129: Image embeddings computed.
INFO 2026-09-28 11:03:35,101 sam2_image_predictor.py: 102: For numpy array image, we assume (HxWxC) format
INFO 2026-09-28 11:03:35,117 sam2_image_predictor.py: 116: Computing image embeddings for the provided image...
INFO 2026-09-28 11:03:35,126 sam2_image_predictor.py: 129: Image embeddings computed.
INFO 2026-09-28 11:03:35,667 sam2_image_predictor.py: 102: For numpy array image, we assume (HxWxC) format
INFO 2026-09-28 11:03:35,672 sam2_image_predictor.py: 116: Computing image embeddings for the provided image...
INFO 2026-09-28 11:03:35,680 sam2_image_predictor.py: 129: Image embeddings computed.
INFO 2026-09-28 11:03:36,218 sam2_image_predictor.py: 102: For numpy array image, we assume (HxWxC) format
INFO 2026-09-28 11:03:36,224 sam2_image_predictor.py: 116: Computing image embeddings for the provided image...
INFO 2026-09-28 11:03:36,233 sam2_image_predictor.py: 129: Image embeddings computed.
INFO 2026-09-28 11:03:36,807 sam2_image_predictor.py: 102: For numpy array image, we assume (HxWxC) format
INFO 2026-09-28 11:03:36,812 sam2_image_predictor.py: 116: Computing image embeddings for the provided image...
INFO 2026-09-28 11:03:36,821 sam2_image_predictor.py: 129: Image embeddings computed.
INFO 2026-09-28 11:03:37,374 sam2_image_predictor.py: 102: For numpy array image, we assume (HxWxC) format
INFO 2026-09-28 11:03:37,393 sam2_image_predictor.py: 116: Computing image embeddings for the provided image...
INFO 2026-09-28 11:03:37,402 sam2_image_predictor.py: 129: Image embeddings computed.
INFO 2026-09-28 11:03:38,031 sam2_image_predictor.py: 102: For numpy array image, we assume (HxWxC) format
INFO 2026-09-28 11:03:38,051 sam2_image_predictor.py: 116: Computing image embeddings for the provided image...
INFO 2026-09-28 11:03:38,059 sam2_image_predictor.py: 129: Image embeddings computed.
INFO 2026-09-28 11:03:38,696 sam2_image_predictor.py: 102: For numpy array image, we assume (HxWxC) format
INFO 2026-09-28 11:03:38,715 sam2_image_predictor.py: 116: Computing image embeddings for the provided image...
INFO 2026-09-28 11:03:38,724 sam2_image_predictor.py: 129: Image embeddings computed.
INFO 2026-09-28 11:03:39,386 best_coco_trainer.py: 114: COCO eval rank 0: 60/100 images
INFO 2026-09-28 11:03:39,408 sam2_image_predictor.py: 102: For numpy array image, we assume (HxWxC) format
INFO 2026-09-28 11:03:39,427 sam2_image_predictor.py: 116: Computing image embeddings for the provided image...
INFO 2026-09-28 11:03:39,435 sam2_image_predictor.py: 129: Image embeddings computed.
INFO 2026-09-28 11:03:40,088 sam2_image_predictor.py: 102: For numpy array image, we assume (HxWxC) format
INFO 2026-09-28 11:03:40,109 sam2_image_predictor.py: 116: Computing image embeddings for the provided image...
INFO 2026-09-28 11:03:40,117 sam2_image_predictor.py: 129: Image embeddings computed.
INFO 2026-09-28 11:03:40,731 sam2_image_predictor.py: 102: For numpy array image, we assume (HxWxC) format
INFO 2026-09-28 11:03:40,737 sam2_image_predictor.py: 116: Computing image embeddings for the provided image...
INFO 2026-09-28 11:03:40,746 sam2_image_predictor.py: 129: Image embeddings computed.
INFO 2026-09-28 11:03:41,322 sam2_image_predictor.py: 102: For numpy array image, we assume (HxWxC) format
INFO 2026-09-28 11:03:41,328 sam2_image_predictor.py: 116: Computing image embeddings for the provided image...
INFO 2026-09-28 11:03:41,337 sam2_image_predictor.py: 129: Image embeddings computed.
INFO 2026-09-28 11:03:41,894 sam2_image_predictor.py: 102: For numpy array image, we assume (HxWxC) format
INFO 2026-09-28 11:03:41,899 sam2_image_predictor.py: 116: Computing image embeddings for the provided image...
INFO 2026-09-28 11:03:41,907 sam2_image_predictor.py: 129: Image embeddings computed.
INFO 2026-09-28 11:03:42,417 sam2_image_predictor.py: 102: For numpy array image, we assume (HxWxC) format
INFO 2026-09-28 11:03:42,423 sam2_image_predictor.py: 116: Computing image embeddings for the provided image...
INFO 2026-09-28 11:03:42,431 sam2_image_predictor.py: 129: Image embeddings computed.
INFO 2026-09-28 11:03:42,980 sam2_image_predictor.py: 102: For numpy array image, we assume (HxWxC) format
INFO 2026-09-28 11:03:42,986 sam2_image_predictor.py: 116: Computing image embeddings for the provided image...
INFO 2026-09-28 11:03:42,995 sam2_image_predictor.py: 129: Image embeddings computed.
INFO 2026-09-28 11:03:43,540 sam2_image_predictor.py: 102: For numpy array image, we assume (HxWxC) format
INFO 2026-09-28 11:03:43,546 sam2_image_predictor.py: 116: Computing image embeddings for the provided image...
INFO 2026-09-28 11:03:43,554 sam2_image_predictor.py: 129: Image embeddings computed.
INFO 2026-09-28 11:03:44,104 sam2_image_predictor.py: 102: For numpy array image, we assume (HxWxC) format
INFO 2026-09-28 11:03:44,124 sam2_image_predictor.py: 116: Computing image embeddings for the provided image...
INFO 2026-09-28 11:03:44,132 sam2_image_predictor.py: 129: Image embeddings computed.
INFO 2026-09-28 11:03:44,726 sam2_image_predictor.py: 102: For numpy array image, we assume (HxWxC) format
INFO 2026-09-28 11:03:44,746 sam2_image_predictor.py: 116: Computing image embeddings for the provided image...
INFO 2026-09-28 11:03:44,755 sam2_image_predictor.py: 129: Image embeddings computed.
INFO 2026-09-28 11:03:45,349 sam2_image_predictor.py: 102: For numpy array image, we assume (HxWxC) format
INFO 2026-09-28 11:03:45,368 sam2_image_predictor.py: 116: Computing image embeddings for the provided image...
INFO 2026-09-28 11:03:45,379 sam2_image_predictor.py: 129: Image embeddings computed.
INFO 2026-09-28 11:03:46,034 sam2_image_predictor.py: 102: For numpy array image, we assume (HxWxC) format
INFO 2026-09-28 11:03:46,053 sam2_image_predictor.py: 116: Computing image embeddings for the provided image...
INFO 2026-09-28 11:03:46,061 sam2_image_predictor.py: 129: Image embeddings computed.
INFO 2026-09-28 11:03:46,705 sam2_image_predictor.py: 102: For numpy array image, we assume (HxWxC) format
INFO 2026-09-28 11:03:46,722 sam2_image_predictor.py: 116: Computing image embeddings for the provided image...
INFO 2026-09-28 11:03:46,730 sam2_image_predictor.py: 129: Image embeddings computed.
INFO 2026-09-28 11:03:47,490 sam2_image_predictor.py: 102: For numpy array image, we assume (HxWxC) format
INFO 2026-09-28 11:03:47,507 sam2_image_predictor.py: 116: Computing image embeddings for the provided image...
INFO 2026-09-28 11:03:47,516 sam2_image_predictor.py: 129: Image embeddings computed.
INFO 2026-09-28 11:03:48,100 sam2_image_predictor.py: 102: For numpy array image, we assume (HxWxC) format
INFO 2026-09-28 11:03:48,118 sam2_image_predictor.py: 116: Computing image embeddings for the provided image...
INFO 2026-09-28 11:03:48,126 sam2_image_predictor.py: 129: Image embeddings computed.
INFO 2026-09-28 11:03:48,735 sam2_image_predictor.py: 102: For numpy array image, we assume (HxWxC) format
INFO 2026-09-28 11:03:48,764 sam2_image_predictor.py: 116: Computing image embeddings for the provided image...
INFO 2026-09-28 11:03:48,772 sam2_image_predictor.py: 129: Image embeddings computed.
INFO 2026-09-28 11:03:49,375 sam2_image_predictor.py: 102: For numpy array image, we assume (HxWxC) format
INFO 2026-09-28 11:03:49,390 sam2_image_predictor.py: 116: Computing image embeddings for the provided image...
INFO 2026-09-28 11:03:49,398 sam2_image_predictor.py: 129: Image embeddings computed.
INFO 2026-09-28 11:03:50,034 sam2_image_predictor.py: 102: For numpy array image, we assume (HxWxC) format
INFO 2026-09-28 11:03:50,051 sam2_image_predictor.py: 116: Computing image embeddings for the provided image...
INFO 2026-09-28 11:03:50,059 sam2_image_predictor.py: 129: Image embeddings computed.
INFO 2026-09-28 11:03:50,663 sam2_image_predictor.py: 102: For numpy array image, we assume (HxWxC) format
INFO 2026-09-28 11:03:50,668 sam2_image_predictor.py: 116: Computing image embeddings for the provided image...
INFO 2026-09-28 11:03:50,676 sam2_image_predictor.py: 129: Image embeddings computed.
INFO 2026-09-28 11:03:51,227 sam2_image_predictor.py: 102: For numpy array image, we assume (HxWxC) format
INFO 2026-09-28 11:03:51,246 sam2_image_predictor.py: 116: Computing image embeddings for the provided image...
INFO 2026-09-28 11:03:51,254 sam2_image_predictor.py: 129: Image embeddings computed.
INFO 2026-09-28 11:03:51,919 best_coco_trainer.py: 114: COCO eval rank 0: 80/100 images
INFO 2026-09-28 11:03:51,939 sam2_image_predictor.py: 102: For numpy array image, we assume (HxWxC) format
INFO 2026-09-28 11:03:51,958 sam2_image_predictor.py: 116: Computing image embeddings for the provided image...
INFO 2026-09-28 11:03:51,966 sam2_image_predictor.py: 129: Image embeddings computed.
INFO 2026-09-28 11:03:52,661 sam2_image_predictor.py: 102: For numpy array image, we assume (HxWxC) format
INFO 2026-09-28 11:03:52,667 sam2_image_predictor.py: 116: Computing image embeddings for the provided image...
INFO 2026-09-28 11:03:52,676 sam2_image_predictor.py: 129: Image embeddings computed.
INFO 2026-09-28 11:03:53,225 sam2_image_predictor.py: 102: For numpy array image, we assume (HxWxC) format
INFO 2026-09-28 11:03:53,232 sam2_image_predictor.py: 116: Computing image embeddings for the provided image...
INFO 2026-09-28 11:03:53,240 sam2_image_predictor.py: 129: Image embeddings computed.
INFO 2026-09-28 11:03:53,804 sam2_image_predictor.py: 102: For numpy array image, we assume (HxWxC) format
INFO 2026-09-28 11:03:53,825 sam2_image_predictor.py: 116: Computing image embeddings for the provided image...
INFO 2026-09-28 11:03:53,833 sam2_image_predictor.py: 129: Image embeddings computed.
INFO 2026-09-28 11:03:54,609 sam2_image_predictor.py: 102: For numpy array image, we assume (HxWxC) format
INFO 2026-09-28 11:03:54,629 sam2_image_predictor.py: 116: Computing image embeddings for the provided image...
INFO 2026-09-28 11:03:54,636 sam2_image_predictor.py: 129: Image embeddings computed.
INFO 2026-09-28 11:03:55,405 sam2_image_predictor.py: 102: For numpy array image, we assume (HxWxC) format
INFO 2026-09-28 11:03:55,423 sam2_image_predictor.py: 116: Computing image embeddings for the provided image...
INFO 2026-09-28 11:03:55,433 sam2_image_predictor.py: 129: Image embeddings computed.
INFO 2026-09-28 11:03:56,175 sam2_image_predictor.py: 102: For numpy array image, we assume (HxWxC) format
INFO 2026-09-28 11:03:56,195 sam2_image_predictor.py: 116: Computing image embeddings for the provided image...
INFO 2026-09-28 11:03:56,203 sam2_image_predictor.py: 129: Image embeddings computed.
INFO 2026-09-28 11:03:56,843 sam2_image_predictor.py: 102: For numpy array image, we assume (HxWxC) format
INFO 2026-09-28 11:03:56,870 sam2_image_predictor.py: 116: Computing image embeddings for the provided image...
INFO 2026-09-28 11:03:56,878 sam2_image_predictor.py: 129: Image embeddings computed.
INFO 2026-09-28 11:03:57,582 sam2_image_predictor.py: 102: For numpy array image, we assume (HxWxC) format
INFO 2026-09-28 11:03:57,602 sam2_image_predictor.py: 116: Computing image embeddings for the provided image...
INFO 2026-09-28 11:03:57,609 sam2_image_predictor.py: 129: Image embeddings computed.
INFO 2026-09-28 11:03:58,296 sam2_image_predictor.py: 102: For numpy array image, we assume (HxWxC) format
INFO 2026-09-28 11:03:58,316 sam2_image_predictor.py: 116: Computing image embeddings for the provided image...
INFO 2026-09-28 11:03:58,324 sam2_image_predictor.py: 129: Image embeddings computed.
INFO 2026-09-28 11:03:59,003 sam2_image_predictor.py: 102: For numpy array image, we assume (HxWxC) format
INFO 2026-09-28 11:03:59,023 sam2_image_predictor.py: 116: Computing image embeddings for the provided image...
INFO 2026-09-28 11:03:59,031 sam2_image_predictor.py: 129: Image embeddings computed.
INFO 2026-09-28 11:03:59,651 sam2_image_predictor.py: 102: For numpy array image, we assume (HxWxC) format
INFO 2026-09-28 11:03:59,672 sam2_image_predictor.py: 116: Computing image embeddings for the provided image...
INFO 2026-09-28 11:03:59,679 sam2_image_predictor.py: 129: Image embeddings computed.
INFO 2026-09-28 11:04:00,308 sam2_image_predictor.py: 102: For numpy array image, we assume (HxWxC) format
INFO 2026-09-28 11:04:00,330 sam2_image_predictor.py: 116: Computing image embeddings for the provided image...
INFO 2026-09-28 11:04:00,339 sam2_image_predictor.py: 129: Image embeddings computed.
INFO 2026-09-28 11:04:00,959 sam2_image_predictor.py: 102: For numpy array image, we assume (HxWxC) format
INFO 2026-09-28 11:04:00,979 sam2_image_predictor.py: 116: Computing image embeddings for the provided image...
INFO 2026-09-28 11:04:00,987 sam2_image_predictor.py: 129: Image embeddings computed.
INFO 2026-09-28 11:04:01,651 sam2_image_predictor.py: 102: For numpy array image, we assume (HxWxC) format
INFO 2026-09-28 11:04:01,671 sam2_image_predictor.py: 116: Computing image embeddings for the provided image...
INFO 2026-09-28 11:04:01,679 sam2_image_predictor.py: 129: Image embeddings computed.
INFO 2026-09-28 11:04:02,336 sam2_image_predictor.py: 102: For numpy array image, we assume (HxWxC) format
INFO 2026-09-28 11:04:02,355 sam2_image_predictor.py: 116: Computing image embeddings for the provided image...
INFO 2026-09-28 11:04:02,363 sam2_image_predictor.py: 129: Image embeddings computed.
INFO 2026-09-28 11:04:03,038 sam2_image_predictor.py: 102: For numpy array image, we assume (HxWxC) format
INFO 2026-09-28 11:04:03,059 sam2_image_predictor.py: 116: Computing image embeddings for the provided image...
INFO 2026-09-28 11:04:03,067 sam2_image_predictor.py: 129: Image embeddings computed.
INFO 2026-09-28 11:04:03,724 sam2_image_predictor.py: 102: For numpy array image, we assume (HxWxC) format
INFO 2026-09-28 11:04:03,744 sam2_image_predictor.py: 116: Computing image embeddings for the provided image...
INFO 2026-09-28 11:04:03,752 sam2_image_predictor.py: 129: Image embeddings computed.
INFO 2026-09-28 11:04:04,385 sam2_image_predictor.py: 102: For numpy array image, we assume (HxWxC) format
INFO 2026-09-28 11:04:04,449 sam2_image_predictor.py: 116: Computing image embeddings for the provided image...
INFO 2026-09-28 11:04:04,458 sam2_image_predictor.py: 129: Image embeddings computed.
INFO 2026-09-28 11:04:05,170 sam2_image_predictor.py: 102: For numpy array image, we assume (HxWxC) format
INFO 2026-09-28 11:04:05,186 sam2_image_predictor.py: 116: Computing image embeddings for the provided image...
INFO 2026-09-28 11:04:05,194 sam2_image_predictor.py: 129: Image embeddings computed.
INFO 2026-09-28 11:04:05,821 best_coco_trainer.py: 114: COCO eval rank 0: 100/100 images
INFO 2026-09-28 11:04:06,529 best_coco_trainer.py: 181: Epoch 3: AP=14.8546; best=14.8546; saved=True
WARNING:root:Skip RandomAffine for zero-area mask in first frame after 1 tentatives
WARNING:root:Skip RandomAffine for zero-area mask in first frame after 1 tentatives
INFO 2026-09-28 11:04:13,935 train_utils.py: 271: Train Epoch: [3][   0/2110] | Batch Time: 7.26 (7.26) | Data Time: 7.05 (7.05) | Mem (GB): 12.00 (12.00/12.00) | Time Elapsed: 00d 00h 42m | Losses/train_all_loss: 2.90e+01 (2.90e+01)
WARNING:root:Skip RandomAffine for zero-area mask in first frame after 1 tentatives
WARNING:root:Skip RandomAffine for zero-area mask in first frame after 1 tentatives
INFO 2026-09-28 11:04:18,857 train_utils.py: 271: Train Epoch: [3][  10/2110] | Batch Time: 0.13 (1.11) | Data Time: 0.00 (0.96) | Mem (GB): 7.00 (8.55/15.00) | Time Elapsed: 00d 00h 42m | Losses/train_all_loss: 3.34e-01 (1.58e+01)
WARNING:root:Skip RandomAffine for zero-area mask in first frame after 1 tentatives
WARNING:root:Skip RandomAffine for zero-area mask in first frame after 1 tentatives
WARNING:root:Skip RandomAffine for zero-area mask in first frame after 1 tentatives
WARNING:root:Skip RandomAffine for zero-area mask in first frame after 1 tentatives
INFO 2026-09-28 11:04:28,457 train_utils.py: 271: Train Epoch: [3][  20/2110] | Batch Time: 3.84 (1.04) | Data Time: 3.70 (0.90) | Mem (GB): 8.00 (7.90/15.00) | Time Elapsed: 00d 00h 42m | Losses/train_all_loss: 1.13e+00 (1.26e+01)
WARNING:root:Skip RandomAffine for zero-area mask in first frame after 1 tentatives
WARNING:root:Skip RandomAffine for zero-area mask in first frame after 1 tentatives
WARNING:root:Skip RandomAffine for zero-area mask in first frame after 1 tentatives
INFO 2026-09-28 11:04:33,033 train_utils.py: 271: Train Epoch: [3][  30/2110] | Batch Time: 0.18 (0.85) | Data Time: 0.00 (0.71) | Mem (GB): 11.00 (7.71/15.00) | Time Elapsed: 00d 00h 42m | Losses/train_all_loss: 3.52e+01 (1.18e+01)
WARNING:root:Skip RandomAffine for zero-area mask in first frame after 1 tentatives
WARNING:root:Skip RandomAffine for zero-area mask in first frame after 1 tentatives
INFO 2026-09-28 11:04:36,813 train_utils.py: 271: Train Epoch: [3][  40/2110] | Batch Time: 1.50 (0.74) | Data Time: 1.32 (0.60) | Mem (GB): 11.00 (7.93/15.00) | Time Elapsed: 00d 00h 42m | Losses/train_all_loss: 6.74e+01 (2.23e+01)
WARNING:root:Skip RandomAffine for zero-area mask in first frame after 1 tentatives
WARNING:root:Skip RandomAffine for zero-area mask in first frame after 1 tentatives
INFO 2026-09-28 11:04:39,841 train_utils.py: 271: Train Epoch: [3][  50/2110] | Batch Time: 0.12 (0.65) | Data Time: 0.00 (0.51) | Mem (GB): 7.00 (7.61/15.00) | Time Elapsed: 00d 00h 42m | Losses/train_all_loss: 3.36e-01 (2.92e+01)
WARNING:root:Skip RandomAffine for zero-area mask in first frame after 1 tentatives
INFO 2026-09-28 11:04:46,089 train_utils.py: 271: Train Epoch: [3][  60/2110] | Batch Time: 1.19 (0.65) | Data Time: 1.03 (0.51) | Mem (GB): 9.00 (7.79/15.00) | Time Elapsed: 00d 00h 42m | Losses/train_all_loss: 5.06e-01 (2.84e+01)
WARNING:root:Skip RandomAffine for zero-area mask in first frame after 1 tentatives
WARNING:root:Skip RandomAffine for zero-area mask in first frame after 1 tentatives
WARNING:root:Skip RandomAffine for zero-area mask in first frame after 1 tentatives
WARNING:root:Skip RandomAffine for zero-area mask in first frame after 1 tentatives
INFO 2026-09-28 11:04:49,302 train_utils.py: 271: Train Epoch: [3][  70/2110] | Batch Time: 0.09 (0.60) | Data Time: 0.00 (0.46) | Mem (GB): 2.00 (7.69/15.00) | Time Elapsed: 00d 00h 42m | Losses/train_all_loss: 5.88e-01 (2.64e+01)
WARNING:root:Skip RandomAffine for zero-area mask in first frame after 1 tentatives
WARNING:root:Skip RandomAffine for zero-area mask in first frame after 1 tentatives
WARNING:root:Skip RandomAffine for zero-area mask in first frame after 1 tentatives
INFO 2026-09-28 11:04:52,923 train_utils.py: 271: Train Epoch: [3][  80/2110] | Batch Time: 0.10 (0.57) | Data Time: 0.00 (0.43) | Mem (GB): 5.00 (7.72/15.00) | Time Elapsed: 00d 00h 42m | Losses/train_all_loss: 2.27e-01 (2.44e+01)
WARNING:root:Skip RandomAffine for zero-area mask in first frame after 1 tentatives
WARNING:root:Skip RandomAffine for zero-area mask in first frame after 1 tentatives
WARNING:root:Skip RandomAffine for zero-area mask in first frame after 1 tentatives
WARNING:root:Skip RandomAffine for zero-area mask in first frame after 1 tentatives
WARNING:root:Skip RandomAffine for zero-area mask in first frame after 1 tentatives
INFO 2026-09-28 11:04:57,083 train_utils.py: 271: Train Epoch: [3][  90/2110] | Batch Time: 0.13 (0.55) | Data Time: 0.00 (0.42) | Mem (GB): 7.00 (7.54/15.00) | Time Elapsed: 00d 00h 42m | Losses/train_all_loss: 9.97e+00 (4.56e+01)
WARNING:root:Skip RandomAffine for zero-area mask in first frame after 1 tentatives
INFO 2026-09-28 11:05:01,515 train_utils.py: 271: Train Epoch: [3][ 100/2110] | Batch Time: 0.69 (0.54) | Data Time: 0.50 (0.40) | Mem (GB): 9.00 (7.66/15.00) | Time Elapsed: 00d 00h 43m | Losses/train_all_loss: 9.25e-01 (4.26e+01)
WARNING:root:Skip RandomAffine for zero-area mask in first frame after 1 tentatives
WARNING:root:Skip RandomAffine for zero-area mask in first frame after 1 tentatives
WARNING:root:Skip RandomAffine for zero-area mask in first frame after 1 tentatives
INFO 2026-09-28 11:05:05,136 train_utils.py: 271: Train Epoch: [3][ 110/2110] | Batch Time: 0.14 (0.53) | Data Time: 0.00 (0.39) | Mem (GB): 8.00 (7.62/15.00) | Time Elapsed: 00d 00h 43m | Losses/train_all_loss: 7.61e-01 (4.10e+01)
WARNING:root:Skip RandomAffine for zero-area mask in first frame after 1 tentatives
WARNING:root:Skip RandomAffine for zero-area mask in first frame after 1 tentatives
WARNING:root:Skip RandomAffine for zero-area mask in first frame after 1 tentatives
WARNING:root:Skip RandomAffine for zero-area mask in first frame after 1 tentatives
WARNING:root:Skip RandomAffine for zero-area mask in first frame after 1 tentatives
WARNING:root:Skip RandomAffine for zero-area mask in first frame after 1 tentatives
INFO 2026-09-28 11:05:09,137 train_utils.py: 271: Train Epoch: [3][ 120/2110] | Batch Time: 1.12 (0.52) | Data Time: 0.93 (0.38) | Mem (GB): 11.00 (7.67/15.00) | Time Elapsed: 00d 00h 43m | Losses/train_all_loss: 9.15e+00 (3.92e+01)
WARNING:root:Skip RandomAffine for zero-area mask in first frame after 1 tentatives
WARNING:root:Skip RandomAffine for zero-area mask in first frame after 1 tentatives
INFO 2026-09-28 11:05:12,023 train_utils.py: 271: Train Epoch: [3][ 130/2110] | Batch Time: 0.20 (0.50) | Data Time: 0.00 (0.36) | Mem (GB): 13.00 (7.70/15.00) | Time Elapsed: 00d 00h 43m | Losses/train_all_loss: 4.37e-01 (3.74e+01)
WARNING:root:Skip RandomAffine for zero-area mask in first frame after 1 tentatives
WARNING:root:Skip RandomAffine for zero-area mask in first frame after 1 tentatives
INFO 2026-09-28 11:05:15,862 train_utils.py: 271: Train Epoch: [3][ 140/2110] | Batch Time: 1.25 (0.49) | Data Time: 1.07 (0.35) | Mem (GB): 10.00 (7.65/15.00) | Time Elapsed: 00d 00h 43m | Losses/train_all_loss: 4.40e+01 (3.73e+01)
WARNING:root:Skip RandomAffine for zero-area mask in first frame after 1 tentatives
WARNING:root:Skip RandomAffine for zero-area mask in first frame after 1 tentatives
INFO 2026-09-28 11:05:19,773 train_utils.py: 271: Train Epoch: [3][ 150/2110] | Batch Time: 0.14 (0.48) | Data Time: 0.00 (0.34) | Mem (GB): 8.00 (7.73/15.00) | Time Elapsed: 00d 00h 43m | Losses/train_all_loss: 6.87e-01 (3.59e+01)
WARNING:root:Skip RandomAffine for zero-area mask in first frame after 1 tentatives
WARNING:root:Skip RandomAffine for zero-area mask in first frame after 1 tentatives
WARNING:root:Skip RandomAffine for zero-area mask in first frame after 1 tentatives
WARNING:root:Skip RandomAffine for zero-area mask in first frame after 1 tentatives
INFO 2026-09-28 11:05:22,165 train_utils.py: 271: Train Epoch: [3][ 160/2110] | Batch Time: 0.09 (0.47) | Data Time: 0.00 (0.33) | Mem (GB): 3.00 (7.61/15.00) | Time Elapsed: 00d 00h 43m | Losses/train_all_loss: 1.87e+02 (3.71e+01)
WARNING:root:Skip RandomAffine for zero-area mask in first frame after 1 tentatives
WARNING:root:Skip RandomAffine for zero-area mask in first frame after 1 tentatives
INFO 2026-09-28 11:05:26,346 train_utils.py: 271: Train Epoch: [3][ 170/2110] | Batch Time: 0.18 (0.47) | Data Time: 0.00 (0.33) | Mem (GB): 12.00 (7.60/15.00) | Time Elapsed: 00d 00h 43m | Losses/train_all_loss: 1.89e+00 (3.55e+01)
WARNING:root:Skip RandomAffine for zero-area mask in first frame after 1 tentatives
WARNING:root:Skip RandomAffine for zero-area mask in first frame after 1 tentatives
WARNING:root:Skip RandomAffine for zero-area mask in first frame after 1 tentatives
INFO 2026-09-28 11:05:29,175 train_utils.py: 271: Train Epoch: [3][ 180/2110] | Batch Time: 0.14 (0.46) | Data Time: 0.00 (0.32) | Mem (GB): 8.00 (7.56/15.00) | Time Elapsed: 00d 00h 43m | Losses/train_all_loss: 2.41e+00 (3.35e+01)
WARNING:root:Skip RandomAffine for zero-area mask in first frame after 1 tentatives
WARNING:root:Skip RandomAffine for zero-area mask in first frame after 1 tentatives
WARNING:root:Skip RandomAffine for zero-area mask in first frame after 1 tentatives
WARNING:root:Skip RandomAffine for zero-area mask in first frame after 1 tentatives
WARNING:root:Skip RandomAffine for zero-area mask in first frame after 1 tentatives
WARNING:root:Skip RandomAffine for zero-area mask in first frame after 1 tentatives
INFO 2026-09-28 11:05:33,174 train_utils.py: 271: Train Epoch: [3][ 190/2110] | Batch Time: 0.08 (0.45) | Data Time: 0.00 (0.31) | Mem (GB): 2.00 (7.61/15.00) | Time Elapsed: 00d 00h 43m | Losses/train_all_loss: 5.25e+02 (3.58e+01)
WARNING:root:Skip RandomAffine for zero-area mask in first frame after 1 tentatives
WARNING:root:Skip RandomAffine for zero-area mask in first frame after 1 tentatives
WARNING:root:Skip RandomAffine for zero-area mask in first frame after 1 tentatives
WARNING:root:Skip RandomAffine for zero-area mask in first frame after 1 tentatives
WARNING:root:Skip RandomAffine for zero-area mask in first frame after 1 tentatives
INFO 2026-09-28 11:05:38,730 train_utils.py: 271: Train Epoch: [3][ 200/2110] | Batch Time: 0.10 (0.46) | Data Time: 0.00 (0.32) | Mem (GB): 4.00 (7.69/15.00) | Time Elapsed: 00d 00h 43m | Losses/train_all_loss: 2.63e+02 (3.56e+01)
WARNING:root:Skip RandomAffine for zero-area mask in first frame after 1 tentatives
WARNING:root:Skip RandomAffine for zero-area mask in first frame after 1 tentatives
WARNING:root:Skip RandomAffine for zero-area mask in first frame after 1 tentatives
WARNING:root:Skip RandomAffine for zero-area mask in first frame after 1 tentatives
INFO 2026-09-28 11:05:41,883 train_utils.py: 271: Train Epoch: [3][ 210/2110] | Batch Time: 0.15 (0.45) | Data Time: 0.00 (0.31) | Mem (GB): 9.00 (7.75/15.00) | Time Elapsed: 00d 00h 43m | Losses/train_all_loss: 1.51e+02 (4.08e+01)
WARNING:root:Skip RandomAffine for zero-area mask in first frame after 1 tentatives
WARNING:root:Skip RandomAffine for zero-area mask in first frame after 1 tentatives
WARNING:root:Skip RandomAffine for zero-area mask in first frame after 1 tentatives
INFO 2026-09-28 11:05:45,807 train_utils.py: 271: Train Epoch: [3][ 220/2110] | Batch Time: 0.12 (0.45) | Data Time: 0.00 (0.31) | Mem (GB): 7.00 (7.73/15.00) | Time Elapsed: 00d 00h 43m | Losses/train_all_loss: 1.84e+00 (4.01e+01)
WARNING:root:Skip RandomAffine for zero-area mask in first frame after 1 tentatives
WARNING:root:Skip RandomAffine for zero-area mask in first frame after 1 tentatives
WARNING:root:Skip RandomAffine for zero-area mask in first frame after 1 tentatives
WARNING:root:Skip RandomAffine for zero-area mask in first frame after 1 tentatives
WARNING:root:Skip RandomAffine for zero-area mask in first frame after 1 tentatives
INFO 2026-09-28 11:05:49,915 train_utils.py: 271: Train Epoch: [3][ 230/2110] | Batch Time: 0.16 (0.45) | Data Time: 0.00 (0.31) | Mem (GB): 8.00 (7.68/15.00) | Time Elapsed: 00d 00h 43m | Losses/train_all_loss: 4.54e-01 (3.88e+01)
WARNING:root:Skip RandomAffine for zero-area mask in first frame after 1 tentatives
WARNING:root:Skip RandomAffine for zero-area mask in first frame after 1 tentatives
WARNING:root:Skip RandomAffine for zero-area mask in first frame after 1 tentatives
WARNING:root:Skip RandomAffine for zero-area mask in first frame after 1 tentatives
WARNING:root:Skip RandomAffine for zero-area mask in first frame after 1 tentatives
INFO 2026-09-28 11:05:53,205 train_utils.py: 271: Train Epoch: [3][ 240/2110] | Batch Time: 0.12 (0.44) | Data Time: 0.00 (0.30) | Mem (GB): 7.00 (7.69/15.00) | Time Elapsed: 00d 00h 43m | Losses/train_all_loss: 2.47e-01 (3.86e+01)
WARNING:root:Skip RandomAffine for zero-area mask in first frame after 1 tentatives
WARNING:root:Skip RandomAffine for zero-area mask in first frame after 1 tentatives
WARNING:root:Skip RandomAffine for zero-area mask in first frame after 1 tentatives
WARNING:root:Skip RandomAffine for zero-area mask in first frame after 1 tentatives
WARNING:root:Skip RandomAffine for zero-area mask in first frame after 1 tentatives
INFO 2026-09-28 11:05:56,406 train_utils.py: 271: Train Epoch: [3][ 250/2110] | Batch Time: 0.22 (0.44) | Data Time: 0.00 (0.30) | Mem (GB): 13.00 (7.69/15.00) | Time Elapsed: 00d 00h 43m | Losses/train_all_loss: 7.58e-01 (3.72e+01)
WARNING:root:Skip RandomAffine for zero-area mask in first frame after 1 tentatives
WARNING:root:Skip RandomAffine for zero-area mask in first frame after 1 tentatives
WARNING:root:Skip RandomAffine for zero-area mask in first frame after 1 tentatives
WARNING:root:Skip RandomAffine for zero-area mask in first frame after 1 tentatives
INFO 2026-09-28 11:05:59,877 train_utils.py: 271: Train Epoch: [3][ 260/2110] | Batch Time: 0.66 (0.43) | Data Time: 0.43 (0.29) | Mem (GB): 14.00 (7.69/15.00) | Time Elapsed: 00d 00h 44m | Losses/train_all_loss: 7.89e+00 (3.63e+01)
WARNING:root:Skip RandomAffine for zero-area mask in first frame after 1 tentatives
WARNING:root:Skip RandomAffine for zero-area mask in first frame after 1 tentatives
WARNING:root:Skip RandomAffine for zero-area mask in first frame after 1 tentatives
WARNING:root:Skip RandomAffine for zero-area mask in first frame after 1 tentatives
INFO 2026-09-28 11:06:03,704 train_utils.py: 271: Train Epoch: [3][ 270/2110] | Batch Time: 0.81 (0.43) | Data Time: 0.67 (0.29) | Mem (GB): 8.00 (7.70/15.00) | Time Elapsed: 00d 00h 44m | Losses/train_all_loss: 1.38e+00 (3.56e+01)
WARNING:root:Skip RandomAffine for zero-area mask in first frame after 1 tentatives
WARNING:root:Skip RandomAffine for zero-area mask in first frame after 1 tentatives
WARNING:root:Skip RandomAffine for zero-area mask in first frame after 1 tentatives
WARNING:root:Skip RandomAffine for zero-area mask in first frame after 1 tentatives
INFO 2026-09-28 11:06:06,715 train_utils.py: 271: Train Epoch: [3][ 280/2110] | Batch Time: 0.13 (0.43) | Data Time: 0.00 (0.29) | Mem (GB): 7.00 (7.65/15.00) | Time Elapsed: 00d 00h 44m | Losses/train_all_loss: 5.26e+00 (3.50e+01)
WARNING:root:Skip RandomAffine for zero-area mask in first frame after 1 tentatives
WARNING:root:Skip RandomAffine for zero-area mask in first frame after 1 tentatives
WARNING:root:Skip RandomAffine for zero-area mask in first frame after 1 tentatives
WARNING:root:Skip RandomAffine for zero-area mask in first frame after 1 tentatives
WARNING:root:Skip RandomAffine for zero-area mask in first frame after 1 tentatives
INFO 2026-09-28 11:06:11,016 train_utils.py: 271: Train Epoch: [3][ 290/2110] | Batch Time: 0.56 (0.43) | Data Time: 0.43 (0.29) | Mem (GB): 7.00 (7.67/15.00) | Time Elapsed: 00d 00h 44m | Losses/train_all_loss: 6.14e+01 (3.51e+01)
WARNING:root:Skip RandomAffine for zero-area mask in first frame after 1 tentatives
WARNING:root:Skip RandomAffine for zero-area mask in first frame after 1 tentatives
WARNING:root:Skip RandomAffine for zero-area mask in first frame after 1 tentatives
WARNING:root:Skip RandomAffine for zero-area mask in first frame after 1 tentatives
WARNING:root:Skip RandomAffine for zero-area mask in first frame after 1 tentatives
INFO 2026-09-28 11:06:13,589 train_utils.py: 271: Train Epoch: [3][ 300/2110] | Batch Time: 0.11 (0.42) | Data Time: 0.00 (0.28) | Mem (GB): 3.00 (7.60/15.00) | Time Elapsed: 00d 00h 44m | Losses/train_all_loss: 9.32e+01 (3.50e+01)
WARNING:root:Skip RandomAffine for zero-area mask in first frame after 1 tentatives
INFO 2026-09-28 11:06:16,467 train_utils.py: 271: Train Epoch: [3][ 310/2110] | Batch Time: 0.08 (0.42) | Data Time: 0.00 (0.28) | Mem (GB): 2.00 (7.53/15.00) | Time Elapsed: 00d 00h 44m | Losses/train_all_loss: 1.01e-01 (3.39e+01)
WARNING:root:Skip RandomAffine for zero-area mask in first frame after 1 tentatives
WARNING:root:Skip RandomAffine for zero-area mask in first frame after 1 tentatives
WARNING:root:Skip RandomAffine for zero-area mask in first frame after 1 tentatives
INFO 2026-09-28 11:06:19,430 train_utils.py: 271: Train Epoch: [3][ 320/2110] | Batch Time: 0.72 (0.41) | Data Time: 0.54 (0.28) | Mem (GB): 9.00 (7.50/15.00) | Time Elapsed: 00d 00h 44m | Losses/train_all_loss: 9.47e+00 (3.50e+01)
WARNING:root:Skip RandomAffine for zero-area mask in first frame after 1 tentatives
WARNING:root:Skip RandomAffine for zero-area mask in first frame after 1 tentatives
INFO 2026-09-28 11:06:22,834 train_utils.py: 271: Train Epoch: [3][ 330/2110] | Batch Time: 0.12 (0.41) | Data Time: 0.00 (0.27) | Mem (GB): 7.00 (7.48/15.00) | Time Elapsed: 00d 00h 44m | Losses/train_all_loss: 5.06e-01 (3.46e+01)
WARNING:root:Skip RandomAffine for zero-area mask in first frame after 1 tentatives
INFO 2026-09-28 11:06:26,535 train_utils.py: 271: Train Epoch: [3][ 340/2110] | Batch Time: 0.16 (0.41) | Data Time: 0.00 (0.27) | Mem (GB): 9.00 (7.43/15.00) | Time Elapsed: 00d 00h 44m | Losses/train_all_loss: 3.29e+01 (3.45e+01)
WARNING:root:Skip RandomAffine for zero-area mask in first frame after 1 tentatives
WARNING:root:Skip RandomAffine for zero-area mask in first frame after 1 tentatives
WARNING:root:Skip RandomAffine for zero-area mask in first frame after 1 tentatives
WARNING:root:Skip RandomAffine for zero-area mask in first frame after 1 tentatives
WARNING:root:Skip RandomAffine for zero-area mask in first frame after 1 tentatives
WARNING:root:Skip RandomAffine for zero-area mask in first frame after 1 tentatives
INFO 2026-09-28 11:06:29,811 train_utils.py: 271: Train Epoch: [3][ 350/2110] | Batch Time: 0.11 (0.41) | Data Time: 0.00 (0.27) | Mem (GB): 5.00 (7.46/15.00) | Time Elapsed: 00d 00h 44m | Losses/train_all_loss: 3.20e+01 (3.63e+01)
WARNING:root:Skip RandomAffine for zero-area mask in first frame after 1 tentatives
WARNING:root:Skip RandomAffine for zero-area mask in first frame after 1 tentatives
WARNING:root:Skip RandomAffine for zero-area mask in first frame after 1 tentatives
WARNING:root:Skip RandomAffine for zero-area mask in first frame after 1 tentatives
WARNING:root:Skip RandomAffine for zero-area mask in first frame after 1 tentatives
WARNING:root:Skip RandomAffine for zero-area mask in first frame after 1 tentatives
WARNING:root:Skip RandomAffine for zero-area mask in first frame after 1 tentatives
INFO 2026-09-28 11:06:33,252 train_utils.py: 271: Train Epoch: [3][ 360/2110] | Batch Time: 0.64 (0.41) | Data Time: 0.45 (0.27) | Mem (GB): 12.00 (7.50/15.00) | Time Elapsed: 00d 00h 44m | Losses/train_all_loss: 7.98e-01 (3.54e+01)
WARNING:root:Skip RandomAffine for zero-area mask in first frame after 1 tentatives
WARNING:root:Skip RandomAffine for zero-area mask in first frame after 1 tentatives
WARNING:root:Skip RandomAffine for zero-area mask in first frame after 1 tentatives
WARNING:root:Skip RandomAffine for zero-area mask in first frame after 1 tentatives
WARNING:root:Skip RandomAffine for zero-area mask in first frame after 1 tentatives
WARNING:root:Skip RandomAffine for zero-area mask in first frame after 1 tentatives
INFO 2026-09-28 11:06:37,326 train_utils.py: 271: Train Epoch: [3][ 370/2110] | Batch Time: 0.15 (0.41) | Data Time: 0.00 (0.27) | Mem (GB): 8.00 (7.52/15.00) | Time Elapsed: 00d 00h 44m | Losses/train_all_loss: 4.64e+01 (3.52e+01)
WARNING:root:Skip RandomAffine for zero-area mask in first frame after 1 tentatives
INFO 2026-09-28 11:06:39,913 train_utils.py: 271: Train Epoch: [3][ 380/2110] | Batch Time: 0.11 (0.40) | Data Time: 0.00 (0.26) | Mem (GB): 2.00 (7.46/15.00) | Time Elapsed: 00d 00h 44m | Losses/train_all_loss: 1.54e-01 (3.67e+01)
WARNING:root:Skip RandomAffine for zero-area mask in first frame after 1 tentatives
WARNING:root:Skip RandomAffine for zero-area mask in first frame after 1 tentatives
WARNING:root:Skip RandomAffine for zero-area mask in first frame after 1 tentatives
INFO 2026-09-28 11:06:43,901 train_utils.py: 271: Train Epoch: [3][ 390/2110] | Batch Time: 0.39 (0.40) | Data Time: 0.26 (0.26) | Mem (GB): 7.00 (7.47/15.00) | Time Elapsed: 00d 00h 44m | Losses/train_all_loss: 1.56e+00 (3.62e+01)
INFO 2026-09-28 11:06:47,190 train_utils.py: 271: Train Epoch: [3][ 400/2110] | Batch Time: 0.13 (0.40) | Data Time: 0.00 (0.26) | Mem (GB): 5.00 (7.50/15.00) | Time Elapsed: 00d 00h 44m | Losses/train_all_loss: 2.26e-01 (3.56e+01)
WARNING:root:Skip RandomAffine for zero-area mask in first frame after 1 tentatives
WARNING:root:Skip RandomAffine for zero-area mask in first frame after 1 tentatives
WARNING:root:Skip RandomAffine for zero-area mask in first frame after 1 tentatives
INFO 2026-09-28 11:06:53,045 train_utils.py: 271: Train Epoch: [3][ 410/2110] | Batch Time: 2.00 (0.40) | Data Time: 1.84 (0.27) | Mem (GB): 10.00 (7.51/15.00) | Time Elapsed: 00d 00h 44m | Losses/train_all_loss: 6.28e-01 (3.58e+01)
WARNING:root:Skip RandomAffine for zero-area mask in first frame after 1 tentatives
WARNING:root:Skip RandomAffine for zero-area mask in first frame after 1 tentatives
WARNING:root:Skip RandomAffine for zero-area mask in first frame after 1 tentatives
WARNING:root:Skip RandomAffine for zero-area mask in first frame after 1 tentatives
INFO 2026-09-28 11:06:57,727 train_utils.py: 271: Train Epoch: [3][ 420/2110] | Batch Time: 0.14 (0.41) | Data Time: 0.00 (0.27) | Mem (GB): 8.00 (7.52/15.00) | Time Elapsed: 00d 00h 44m | Losses/train_all_loss: 2.12e-01 (3.57e+01)
WARNING:root:Skip RandomAffine for zero-area mask in first frame after 1 tentatives
WARNING:root:Skip RandomAffine for zero-area mask in first frame after 1 tentatives
WARNING:root:Skip RandomAffine for zero-area mask in first frame after 1 tentatives
INFO 2026-09-28 11:07:01,160 train_utils.py: 271: Train Epoch: [3][ 430/2110] | Batch Time: 0.40 (0.40) | Data Time: 0.28 (0.27) | Mem (GB): 6.00 (7.49/15.00) | Time Elapsed: 00d 00h 45m | Losses/train_all_loss: 2.90e-01 (3.50e+01)
WARNING:root:Skip RandomAffine for zero-area mask in first frame after 1 tentatives
WARNING:root:Skip RandomAffine for zero-area mask in first frame after 1 tentatives
WARNING:root:Skip RandomAffine for zero-area mask in first frame after 1 tentatives
INFO 2026-09-28 11:07:03,988 train_utils.py: 271: Train Epoch: [3][ 440/2110] | Batch Time: 0.20 (0.40) | Data Time: 0.00 (0.26) | Mem (GB): 12.00 (7.49/15.00) | Time Elapsed: 00d 00h 45m | Losses/train_all_loss: 1.63e+01 (3.48e+01)
WARNING:root:Skip RandomAffine for zero-area mask in first frame after 1 tentatives
INFO 2026-09-28 11:07:08,282 train_utils.py: 271: Train Epoch: [3][ 450/2110] | Batch Time: 1.13 (0.40) | Data Time: 0.94 (0.26) | Mem (GB): 12.00 (7.48/15.00) | Time Elapsed: 00d 00h 45m | Losses/train_all_loss: 3.40e+01 (3.46e+01)
WARNING:root:Skip RandomAffine for zero-area mask in first frame after 1 tentatives
WARNING:root:Skip RandomAffine for zero-area mask in first frame after 1 tentatives
INFO 2026-09-28 11:07:11,016 train_utils.py: 271: Train Epoch: [3][ 460/2110] | Batch Time: 0.22 (0.40) | Data Time: 0.00 (0.26) | Mem (GB): 15.00 (7.47/15.00) | Time Elapsed: 00d 00h 45m | Losses/train_all_loss: 5.37e+00 (3.45e+01)
WARNING:root:Skip RandomAffine for zero-area mask in first frame after 1 tentatives
INFO 2026-09-28 11:07:13,491 train_utils.py: 271: Train Epoch: [3][ 470/2110] | Batch Time: 0.13 (0.40) | Data Time: 0.00 (0.26) | Mem (GB): 7.00 (7.43/15.00) | Time Elapsed: 00d 00h 45m | Losses/train_all_loss: 3.67e-01 (3.49e+01)
WARNING:root:Skip RandomAffine for zero-area mask in first frame after 1 tentatives
WARNING:root:Skip RandomAffine for zero-area mask in first frame after 1 tentatives
WARNING:root:Skip RandomAffine for zero-area mask in first frame after 1 tentatives
WARNING:root:Skip RandomAffine for zero-area mask in first frame after 1 tentatives
INFO 2026-09-28 11:07:17,187 train_utils.py: 271: Train Epoch: [3][ 480/2110] | Batch Time: 0.25 (0.40) | Data Time: 0.10 (0.26) | Mem (GB): 9.00 (7.42/15.00) | Time Elapsed: 00d 00h 45m | Losses/train_all_loss: 1.62e+00 (3.44e+01)
WARNING:root:Skip RandomAffine for zero-area mask in first frame after 1 tentatives
WARNING:root:Skip RandomAffine for zero-area mask in first frame after 1 tentatives
WARNING:root:Skip RandomAffine for zero-area mask in first frame after 1 tentatives
WARNING:root:Skip RandomAffine for zero-area mask in first frame after 1 tentatives
WARNING:root:Skip RandomAffine for zero-area mask in first frame after 1 tentatives
INFO 2026-09-28 11:07:21,235 train_utils.py: 271: Train Epoch: [3][ 490/2110] | Batch Time: 0.11 (0.40) | Data Time: 0.00 (0.26) | Mem (GB): 5.00 (7.40/15.00) | Time Elapsed: 00d 00h 45m | Losses/train_all_loss: 9.06e-01 (3.51e+01)
WARNING:root:Skip RandomAffine for zero-area mask in first frame after 1 tentatives
INFO 2026-09-28 11:07:24,671 train_utils.py: 271: Train Epoch: [3][ 500/2110] | Batch Time: 0.15 (0.40) | Data Time: 0.00 (0.26) | Mem (GB): 7.00 (7.41/15.00) | Time Elapsed: 00d 00h 45m | Losses/train_all_loss: 3.72e-01 (3.51e+01)
WARNING:root:Skip RandomAffine for zero-area mask in first frame after 1 tentatives
INFO 2026-09-28 11:07:29,221 train_utils.py: 271: Train Epoch: [3][ 510/2110] | Batch Time: 0.08 (0.40) | Data Time: 0.00 (0.26) | Mem (GB): 2.00 (7.37/15.00) | Time Elapsed: 00d 00h 45m | Losses/train_all_loss: 3.18e+02 (3.52e+01)
WARNING:root:Skip RandomAffine for zero-area mask in first frame after 1 tentatives
WARNING:root:Skip RandomAffine for zero-area mask in first frame after 1 tentatives
WARNING:root:Skip RandomAffine for zero-area mask in first frame after 1 tentatives
INFO 2026-09-28 11:07:31,694 train_utils.py: 271: Train Epoch: [3][ 520/2110] | Batch Time: 0.13 (0.39) | Data Time: 0.00 (0.26) | Mem (GB): 7.00 (7.36/15.00) | Time Elapsed: 00d 00h 45m | Losses/train_all_loss: 8.78e-01 (3.48e+01)
WARNING:root:Skip RandomAffine for zero-area mask in first frame after 1 tentatives
WARNING:root:Skip RandomAffine for zero-area mask in first frame after 1 tentatives
WARNING:root:Skip RandomAffine for zero-area mask in first frame after 1 tentatives
INFO 2026-09-28 11:07:36,478 train_utils.py: 271: Train Epoch: [3][ 530/2110] | Batch Time: 0.21 (0.40) | Data Time: 0.00 (0.26) | Mem (GB): 13.00 (7.38/15.00) | Time Elapsed: 00d 00h 45m | Losses/train_all_loss: 3.58e+01 (3.44e+01)
WARNING:root:Skip RandomAffine for zero-area mask in first frame after 1 tentatives
WARNING:root:Skip RandomAffine for zero-area mask in first frame after 1 tentatives
WARNING:root:Skip RandomAffine for zero-area mask in first frame after 1 tentatives
INFO 2026-09-28 11:07:40,055 train_utils.py: 271: Train Epoch: [3][ 540/2110] | Batch Time: 0.15 (0.39) | Data Time: 0.00 (0.26) | Mem (GB): 9.00 (7.37/15.00) | Time Elapsed: 00d 00h 45m | Losses/train_all_loss: 1.42e+01 (3.44e+01)
WARNING:root:Skip RandomAffine for zero-area mask in first frame after 1 tentatives
INFO 2026-09-28 11:07:43,520 train_utils.py: 271: Train Epoch: [3][ 550/2110] | Batch Time: 0.10 (0.39) | Data Time: 0.00 (0.26) | Mem (GB): 2.00 (7.36/15.00) | Time Elapsed: 00d 00h 45m | Losses/train_all_loss: 1.66e+01 (3.43e+01)
WARNING:root:Skip RandomAffine for zero-area mask in first frame after 1 tentatives
WARNING:root:Skip RandomAffine for zero-area mask in first frame after 1 tentatives
WARNING:root:Skip RandomAffine for zero-area mask in first frame after 1 tentatives
INFO 2026-09-28 11:07:46,994 train_utils.py: 271: Train Epoch: [3][ 560/2110] | Batch Time: 0.23 (0.39) | Data Time: 0.00 (0.26) | Mem (GB): 15.00 (7.37/15.00) | Time Elapsed: 00d 00h 45m | Losses/train_all_loss: 5.03e-01 (3.44e+01)
INFO 2026-09-28 11:07:49,565 train_utils.py: 271: Train Epoch: [3][ 570/2110] | Batch Time: 0.36 (0.39) | Data Time: 0.17 (0.25) | Mem (GB): 11.00 (7.35/15.00) | Time Elapsed: 00d 00h 45m | Losses/train_all_loss: 5.74e+00 (3.41e+01)
WARNING:root:Skip RandomAffine for zero-area mask in first frame after 1 tentatives
WARNING:root:Skip RandomAffine for zero-area mask in first frame after 1 tentatives
INFO 2026-09-28 11:07:53,554 train_utils.py: 271: Train Epoch: [3][ 580/2110] | Batch Time: 0.13 (0.39) | Data Time: 0.00 (0.25) | Mem (GB): 7.00 (7.34/15.00) | Time Elapsed: 00d 00h 45m | Losses/train_all_loss: 7.29e-01 (3.38e+01)
WARNING:root:Skip RandomAffine for zero-area mask in first frame after 1 tentatives
WARNING:root:Skip RandomAffine for zero-area mask in first frame after 1 tentatives
WARNING:root:Skip RandomAffine for zero-area mask in first frame after 1 tentatives
WARNING:root:Skip RandomAffine for zero-area mask in first frame after 1 tentatives
INFO 2026-09-28 11:07:56,942 train_utils.py: 271: Train Epoch: [3][ 590/2110] | Batch Time: 0.12 (0.39) | Data Time: 0.00 (0.25) | Mem (GB): 7.00 (7.32/15.00) | Time Elapsed: 00d 00h 45m | Losses/train_all_loss: 9.74e+01 (3.36e+01)
WARNING:root:Skip RandomAffine for zero-area mask in first frame after 1 tentatives
WARNING:root:Skip RandomAffine for zero-area mask in first frame after 1 tentatives
INFO 2026-09-28 11:08:00,316 train_utils.py: 271: Train Epoch: [3][ 600/2110] | Batch Time: 0.19 (0.39) | Data Time: 0.00 (0.25) | Mem (GB): 10.00 (7.31/15.00) | Time Elapsed: 00d 00h 46m | Losses/train_all_loss: 2.96e+01 (3.35e+01)
WARNING:root:Skip RandomAffine for zero-area mask in first frame after 1 tentatives
WARNING:root:Skip RandomAffine for zero-area mask in first frame after 1 tentatives
WARNING:root:Skip RandomAffine for zero-area mask in first frame after 1 tentatives
INFO 2026-09-28 11:08:04,564 train_utils.py: 271: Train Epoch: [3][ 610/2110] | Batch Time: 0.08 (0.39) | Data Time: 0.00 (0.25) | Mem (GB): 2.00 (7.31/15.00) | Time Elapsed: 00d 00h 46m | Losses/train_all_loss: 4.89e+02 (3.41e+01)
WARNING:root:Skip RandomAffine for zero-area mask in first frame after 1 tentatives
WARNING:root:Skip RandomAffine for zero-area mask in first frame after 1 tentatives
WARNING:root:Skip RandomAffine for zero-area mask in first frame after 1 tentatives
INFO 2026-09-28 11:08:07,138 train_utils.py: 271: Train Epoch: [3][ 620/2110] | Batch Time: 0.23 (0.39) | Data Time: 0.00 (0.25) | Mem (GB): 14.00 (7.29/15.00) | Time Elapsed: 00d 00h 46m | Losses/train_all_loss: 4.71e-01 (3.37e+01)
WARNING:root:Skip RandomAffine for zero-area mask in first frame after 1 tentatives
WARNING:root:Skip RandomAffine for zero-area mask in first frame after 1 tentatives
INFO 2026-09-28 11:08:10,877 train_utils.py: 271: Train Epoch: [3][ 630/2110] | Batch Time: 0.11 (0.39) | Data Time: 0.00 (0.25) | Mem (GB): 6.00 (7.30/15.00) | Time Elapsed: 00d 00h 46m | Losses/train_all_loss: 5.16e-01 (3.36e+01)
WARNING:root:Skip RandomAffine for zero-area mask in first frame after 1 tentatives
WARNING:root:Skip RandomAffine for zero-area mask in first frame after 1 tentatives
WARNING:root:Skip RandomAffine for zero-area mask in first frame after 1 tentatives
WARNING:root:Skip RandomAffine for zero-area mask in first frame after 1 tentatives
WARNING:root:Skip RandomAffine for zero-area mask in first frame after 1 tentatives
WARNING:root:Skip RandomAffine for zero-area mask in first frame after 1 tentatives
WARNING:root:Skip RandomAffine for zero-area mask in first frame after 1 tentatives
INFO 2026-09-28 11:08:15,275 train_utils.py: 271: Train Epoch: [3][ 640/2110] | Batch Time: 1.43 (0.39) | Data Time: 1.22 (0.25) | Mem (GB): 11.00 (7.32/15.00) | Time Elapsed: 00d 00h 46m | Losses/train_all_loss: 1.05e+01 (3.35e+01)
WARNING:root:Skip RandomAffine for zero-area mask in first frame after 1 tentatives
INFO 2026-09-28 11:08:18,451 train_utils.py: 271: Train Epoch: [3][ 650/2110] | Batch Time: 0.22 (0.39) | Data Time: 0.00 (0.25) | Mem (GB): 14.00 (7.34/15.00) | Time Elapsed: 00d 00h 46m | Losses/train_all_loss: 1.38e+01 (3.36e+01)
INFO 2026-09-28 11:08:21,776 train_utils.py: 271: Train Epoch: [3][ 660/2110] | Batch Time: 0.10 (0.39) | Data Time: 0.00 (0.25) | Mem (GB): 5.00 (7.32/15.00) | Time Elapsed: 00d 00h 46m | Losses/train_all_loss: 2.97e+00 (3.34e+01)
WARNING:root:Skip RandomAffine for zero-area mask in first frame after 1 tentatives
WARNING:root:Skip RandomAffine for zero-area mask in first frame after 1 tentatives
WARNING:root:Skip RandomAffine for zero-area mask in first frame after 1 tentatives
INFO 2026-09-28 11:08:24,714 train_utils.py: 271: Train Epoch: [3][ 670/2110] | Batch Time: 0.10 (0.38) | Data Time: 0.00 (0.25) | Mem (GB): 3.00 (7.32/15.00) | Time Elapsed: 00d 00h 46m | Losses/train_all_loss: 2.17e-01 (3.31e+01)
WARNING:root:Skip RandomAffine for zero-area mask in first frame after 1 tentatives
WARNING:root:Skip RandomAffine for zero-area mask in first frame after 1 tentatives
WARNING:root:Skip RandomAffine for zero-area mask in first frame after 1 tentatives
WARNING:root:Skip RandomAffine for zero-area mask in first frame after 1 tentatives
WARNING:root:Skip RandomAffine for zero-area mask in first frame after 1 tentatives
INFO 2026-09-28 11:08:28,277 train_utils.py: 271: Train Epoch: [3][ 680/2110] | Batch Time: 0.17 (0.38) | Data Time: 0.00 (0.25) | Mem (GB): 10.00 (7.33/15.00) | Time Elapsed: 00d 00h 46m | Losses/train_all_loss: 7.25e+01 (3.44e+01)
WARNING:root:Skip RandomAffine for zero-area mask in first frame after 1 tentatives
WARNING:root:Skip RandomAffine for zero-area mask in first frame after 1 tentatives
INFO 2026-09-28 11:08:31,898 train_utils.py: 271: Train Epoch: [3][ 690/2110] | Batch Time: 1.38 (0.38) | Data Time: 1.21 (0.25) | Mem (GB): 9.00 (7.32/15.00) | Time Elapsed: 00d 00h 46m | Losses/train_all_loss: 1.29e+00 (3.40e+01)
WARNING:root:Skip RandomAffine for zero-area mask in first frame after 1 tentatives
WARNING:root:Skip RandomAffine for zero-area mask in first frame after 1 tentatives
WARNING:root:Skip RandomAffine for zero-area mask in first frame after 1 tentatives
WARNING:root:Skip RandomAffine for zero-area mask in first frame after 1 tentatives
WARNING:root:Skip RandomAffine for zero-area mask in first frame after 1 tentatives
WARNING:root:Skip RandomAffine for zero-area mask in first frame after 1 tentatives
INFO 2026-09-28 11:08:34,905 train_utils.py: 271: Train Epoch: [3][ 700/2110] | Batch Time: 0.14 (0.38) | Data Time: 0.00 (0.25) | Mem (GB): 5.00 (7.33/15.00) | Time Elapsed: 00d 00h 46m | Losses/train_all_loss: 3.97e-01 (3.44e+01)
WARNING:root:Skip RandomAffine for zero-area mask in first frame after 1 tentatives
WARNING:root:Skip RandomAffine for zero-area mask in first frame after 1 tentatives
INFO 2026-09-28 11:08:37,715 train_utils.py: 271: Train Epoch: [3][ 710/2110] | Batch Time: 0.42 (0.38) | Data Time: 0.27 (0.24) | Mem (GB): 9.00 (7.31/15.00) | Time Elapsed: 00d 00h 46m | Losses/train_all_loss: 5.06e+00 (3.41e+01)
WARNING:root:Skip RandomAffine for zero-area mask in first frame after 1 tentatives
WARNING:root:Skip RandomAffine for zero-area mask in first frame after 1 tentatives
WARNING:root:Skip RandomAffine for zero-area mask in first frame after 1 tentatives
INFO 2026-09-28 11:08:41,259 train_utils.py: 271: Train Epoch: [3][ 720/2110] | Batch Time: 0.12 (0.38) | Data Time: 0.00 (0.24) | Mem (GB): 6.00 (7.29/15.00) | Time Elapsed: 00d 00h 46m | Losses/train_all_loss: 1.34e+02 (3.48e+01)
WARNING:root:Skip RandomAffine for zero-area mask in first frame after 1 tentatives
WARNING:root:Skip RandomAffine for zero-area mask in first frame after 1 tentatives
WARNING:root:Skip RandomAffine for zero-area mask in first frame after 1 tentatives
WARNING:root:Skip RandomAffine for zero-area mask in first frame after 1 tentatives
WARNING:root:Skip RandomAffine for zero-area mask in first frame after 1 tentatives
WARNING:root:Skip RandomAffine for zero-area mask in first frame after 1 tentatives
WARNING:root:Skip RandomAffine for zero-area mask in first frame after 1 tentatives
INFO 2026-09-28 11:08:46,538 train_utils.py: 271: Train Epoch: [3][ 730/2110] | Batch Time: 0.14 (0.38) | Data Time: 0.00 (0.25) | Mem (GB): 8.00 (7.32/15.00) | Time Elapsed: 00d 00h 46m | Losses/train_all_loss: 3.28e-01 (3.47e+01)
WARNING:root:Skip RandomAffine for zero-area mask in first frame after 1 tentatives
WARNING:root:Skip RandomAffine for zero-area mask in first frame after 1 tentatives
WARNING:root:Skip RandomAffine for zero-area mask in first frame after 1 tentatives
INFO 2026-09-28 11:08:49,896 train_utils.py: 271: Train Epoch: [3][ 740/2110] | Batch Time: 0.15 (0.38) | Data Time: 0.00 (0.25) | Mem (GB): 9.00 (7.31/15.00) | Time Elapsed: 00d 00h 46m | Losses/train_all_loss: 1.52e+01 (3.43e+01)
WARNING:root:Skip RandomAffine for zero-area mask in first frame after 1 tentatives
WARNING:root:Skip RandomAffine for zero-area mask in first frame after 1 tentatives
WARNING:root:Skip RandomAffine for zero-area mask in first frame after 1 tentatives
WARNING:root:Skip RandomAffine for zero-area mask in first frame after 1 tentatives
INFO 2026-09-28 11:08:52,933 train_utils.py: 271: Train Epoch: [3][ 750/2110] | Batch Time: 0.12 (0.38) | Data Time: 0.00 (0.24) | Mem (GB): 7.00 (7.31/15.00) | Time Elapsed: 00d 00h 46m | Losses/train_all_loss: 4.12e-01 (3.44e+01)
INFO 2026-09-28 11:08:56,103 train_utils.py: 271: Train Epoch: [3][ 760/2110] | Batch Time: 0.45 (0.38) | Data Time: 0.33 (0.24) | Mem (GB): 7.00 (7.30/15.00) | Time Elapsed: 00d 00h 46m | Losses/train_all_loss: 1.07e+02 (3.53e+01)
WARNING:root:Skip RandomAffine for zero-area mask in first frame after 1 tentatives
WARNING:root:Skip RandomAffine for zero-area mask in first frame after 1 tentatives
WARNING:root:Skip RandomAffine for zero-area mask in first frame after 1 tentatives
INFO 2026-09-28 11:08:58,819 train_utils.py: 271: Train Epoch: [3][ 770/2110] | Batch Time: 0.08 (0.38) | Data Time: 0.00 (0.24) | Mem (GB): 3.00 (7.28/15.00) | Time Elapsed: 00d 00h 46m | Losses/train_all_loss: 1.41e-01 (3.59e+01)
WARNING:root:Skip RandomAffine for zero-area mask in first frame after 1 tentatives
WARNING:root:Skip RandomAffine for zero-area mask in first frame after 1 tentatives
WARNING:root:Skip RandomAffine for zero-area mask in first frame after 1 tentatives
INFO 2026-09-28 11:09:01,798 train_utils.py: 271: Train Epoch: [3][ 780/2110] | Batch Time: 0.09 (0.38) | Data Time: 0.00 (0.24) | Mem (GB): 5.00 (7.27/15.00) | Time Elapsed: 00d 00h 47m | Losses/train_all_loss: 1.70e+00 (3.61e+01)
WARNING:root:Skip RandomAffine for zero-area mask in first frame after 1 tentatives
INFO 2026-09-28 11:09:04,536 train_utils.py: 271: Train Epoch: [3][ 790/2110] | Batch Time: 0.28 (0.38) | Data Time: 0.13 (0.24) | Mem (GB): 7.00 (7.25/15.00) | Time Elapsed: 00d 00h 47m | Losses/train_all_loss: 2.08e+01 (3.59e+01)
WARNING:root:Skip RandomAffine for zero-area mask in first frame after 1 tentatives
WARNING:root:Skip RandomAffine for zero-area mask in first frame after 1 tentatives
WARNING:root:Skip RandomAffine for zero-area mask in first frame after 1 tentatives
INFO 2026-09-28 11:09:09,517 train_utils.py: 271: Train Epoch: [3][ 800/2110] | Batch Time: 0.10 (0.38) | Data Time: 0.00 (0.24) | Mem (GB): 4.00 (7.24/15.00) | Time Elapsed: 00d 00h 47m | Losses/train_all_loss: 1.10e+00 (3.54e+01)
WARNING:root:Skip RandomAffine for zero-area mask in first frame after 1 tentatives
WARNING:root:Skip RandomAffine for zero-area mask in first frame after 1 tentatives
WARNING:root:Skip RandomAffine for zero-area mask in first frame after 1 tentatives
WARNING:root:Skip RandomAffine for zero-area mask in first frame after 1 tentatives
WARNING:root:Skip RandomAffine for zero-area mask in first frame after 1 tentatives
WARNING:root:Skip RandomAffine for zero-area mask in first frame after 1 tentatives
INFO 2026-09-28 11:09:13,008 train_utils.py: 271: Train Epoch: [3][ 810/2110] | Batch Time: 0.40 (0.38) | Data Time: 0.23 (0.24) | Mem (GB): 10.00 (7.24/15.00) | Time Elapsed: 00d 00h 47m | Losses/train_all_loss: 8.00e-01 (3.53e+01)
WARNING:root:Skip RandomAffine for zero-area mask in first frame after 1 tentatives
WARNING:root:Skip RandomAffine for zero-area mask in first frame after 1 tentatives
WARNING:root:Skip RandomAffine for zero-area mask in first frame after 1 tentatives
INFO 2026-09-28 11:09:17,542 train_utils.py: 271: Train Epoch: [3][ 820/2110] | Batch Time: 0.12 (0.38) | Data Time: 0.00 (0.24) | Mem (GB): 7.00 (7.26/15.00) | Time Elapsed: 00d 00h 47m | Losses/train_all_loss: 1.89e+01 (3.52e+01)
WARNING:root:Skip RandomAffine for zero-area mask in first frame after 1 tentatives
WARNING:root:Skip RandomAffine for zero-area mask in first frame after 1 tentatives
WARNING:root:Skip RandomAffine for zero-area mask in first frame after 1 tentatives
WARNING:root:Skip RandomAffine for zero-area mask in first frame after 1 tentatives
WARNING:root:Skip RandomAffine for zero-area mask in first frame after 1 tentatives
WARNING:root:Skip RandomAffine for zero-area mask in first frame after 1 tentatives
INFO 2026-09-28 11:09:21,086 train_utils.py: 271: Train Epoch: [3][ 830/2110] | Batch Time: 0.11 (0.38) | Data Time: 0.00 (0.24) | Mem (GB): 6.00 (7.26/15.00) | Time Elapsed: 00d 00h 47m | Losses/train_all_loss: 1.56e+02 (3.53e+01)
WARNING:root:Skip RandomAffine for zero-area mask in first frame after 1 tentatives
WARNING:root:Skip RandomAffine for zero-area mask in first frame after 1 tentatives
WARNING:root:Skip RandomAffine for zero-area mask in first frame after 1 tentatives
INFO 2026-09-28 11:09:23,593 train_utils.py: 271: Train Epoch: [3][ 840/2110] | Batch Time: 0.12 (0.38) | Data Time: 0.00 (0.24) | Mem (GB): 5.00 (7.26/15.00) | Time Elapsed: 00d 00h 47m | Losses/train_all_loss: 3.08e-01 (3.53e+01)
WARNING:root:Skip RandomAffine for zero-area mask in first frame after 1 tentatives
WARNING:root:Skip RandomAffine for zero-area mask in first frame after 1 tentatives
WARNING:root:Skip RandomAffine for zero-area mask in first frame after 1 tentatives
INFO 2026-09-28 11:09:27,791 train_utils.py: 271: Train Epoch: [3][ 850/2110] | Batch Time: 0.16 (0.38) | Data Time: 0.00 (0.24) | Mem (GB): 10.00 (7.27/15.00) | Time Elapsed: 00d 00h 47m | Losses/train_all_loss: 9.26e-01 (3.56e+01)
WARNING:root:Skip RandomAffine for zero-area mask in first frame after 1 tentatives
WARNING:root:Skip RandomAffine for zero-area mask in first frame after 1 tentatives
WARNING:root:Skip RandomAffine for zero-area mask in first frame after 1 tentatives
INFO 2026-09-28 11:09:30,251 train_utils.py: 271: Train Epoch: [3][ 860/2110] | Batch Time: 0.66 (0.38) | Data Time: 0.54 (0.24) | Mem (GB): 7.00 (7.26/15.00) | Time Elapsed: 00d 00h 47m | Losses/train_all_loss: 2.28e-01 (3.55e+01)
WARNING:root:Skip RandomAffine for zero-area mask in first frame after 1 tentatives
WARNING:root:Skip RandomAffine for zero-area mask in first frame after 1 tentatives
WARNING:root:Skip RandomAffine for zero-area mask in first frame after 1 tentatives
INFO 2026-09-28 11:09:34,394 train_utils.py: 271: Train Epoch: [3][ 870/2110] | Batch Time: 0.31 (0.38) | Data Time: 0.22 (0.24) | Mem (GB): 4.00 (7.27/15.00) | Time Elapsed: 00d 00h 47m | Losses/train_all_loss: 4.06e-01 (3.55e+01)
WARNING:root:Skip RandomAffine for zero-area mask in first frame after 1 tentatives
WARNING:root:Skip RandomAffine for zero-area mask in first frame after 1 tentatives
WARNING:root:Skip RandomAffine for zero-area mask in first frame after 1 tentatives
WARNING:root:Skip RandomAffine for zero-area mask in first frame after 1 tentatives
WARNING:root:Skip RandomAffine for zero-area mask in first frame after 1 tentatives
INFO 2026-09-28 11:09:36,784 train_utils.py: 271: Train Epoch: [3][ 880/2110] | Batch Time: 0.15 (0.37) | Data Time: 0.00 (0.24) | Mem (GB): 7.00 (7.27/15.00) | Time Elapsed: 00d 00h 47m | Losses/train_all_loss: 3.60e-01 (3.57e+01)
WARNING:root:Skip RandomAffine for zero-area mask in first frame after 1 tentatives
WARNING:root:Skip RandomAffine for zero-area mask in first frame after 1 tentatives
WARNING:root:Skip RandomAffine for zero-area mask in first frame after 1 tentatives
WARNING:root:Skip RandomAffine for zero-area mask in first frame after 1 tentatives
WARNING:root:Skip RandomAffine for zero-area mask in first frame after 1 tentatives
WARNING:root:Skip RandomAffine for zero-area mask in first frame after 1 tentatives
WARNING:root:Skip RandomAffine for zero-area mask in first frame after 1 tentatives
WARNING:root:Skip RandomAffine for zero-area mask in first frame after 1 tentatives
WARNING:root:Skip RandomAffine for zero-area mask in first frame after 1 tentatives
WARNING:root:Skip RandomAffine for zero-area mask in first frame after 1 tentatives
WARNING:root:Skip RandomAffine for zero-area mask in first frame after 1 tentatives
INFO 2026-09-28 11:09:40,641 train_utils.py: 271: Train Epoch: [3][ 890/2110] | Batch Time: 0.16 (0.37) | Data Time: 0.00 (0.24) | Mem (GB): 10.00 (7.29/15.00) | Time Elapsed: 00d 00h 47m | Losses/train_all_loss: 7.56e+01 (3.55e+01)
WARNING:root:Skip RandomAffine for zero-area mask in first frame after 1 tentatives
WARNING:root:Skip RandomAffine for zero-area mask in first frame after 1 tentatives
INFO 2026-09-28 11:09:44,128 train_utils.py: 271: Train Epoch: [3][ 900/2110] | Batch Time: 0.58 (0.37) | Data Time: 0.46 (0.24) | Mem (GB): 4.00 (7.29/15.00) | Time Elapsed: 00d 00h 47m | Losses/train_all_loss: 1.52e+02 (3.55e+01)
WARNING:root:Skip RandomAffine for zero-area mask in first frame after 1 tentatives
INFO 2026-09-28 11:09:47,237 train_utils.py: 271: Train Epoch: [3][ 910/2110] | Batch Time: 0.11 (0.37) | Data Time: 0.00 (0.24) | Mem (GB): 3.00 (7.30/15.00) | Time Elapsed: 00d 00h 47m | Losses/train_all_loss: 2.14e-01 (3.52e+01)
WARNING:root:Skip RandomAffine for zero-area mask in first frame after 1 tentatives
WARNING:root:Skip RandomAffine for zero-area mask in first frame after 1 tentatives
WARNING:root:Skip RandomAffine for zero-area mask in first frame after 1 tentatives
WARNING:root:Skip RandomAffine for zero-area mask in first frame after 1 tentatives
INFO 2026-09-28 11:09:52,050 train_utils.py: 271: Train Epoch: [3][ 920/2110] | Batch Time: 0.74 (0.38) | Data Time: 0.52 (0.24) | Mem (GB): 15.00 (7.33/15.00) | Time Elapsed: 00d 00h 47m | Losses/train_all_loss: 3.02e+01 (3.50e+01)
WARNING:root:Skip RandomAffine for zero-area mask in first frame after 1 tentatives
WARNING:root:Skip RandomAffine for zero-area mask in first frame after 1 tentatives
WARNING:root:Skip RandomAffine for zero-area mask in first frame after 1 tentatives
INFO 2026-09-28 11:09:55,136 train_utils.py: 271: Train Epoch: [3][ 930/2110] | Batch Time: 0.19 (0.37) | Data Time: 0.00 (0.24) | Mem (GB): 12.00 (7.33/15.00) | Time Elapsed: 00d 00h 47m | Losses/train_all_loss: 5.23e-01 (3.49e+01)
WARNING:root:Skip RandomAffine for zero-area mask in first frame after 1 tentatives
WARNING:root:Skip RandomAffine for zero-area mask in first frame after 1 tentatives
WARNING:root:Skip RandomAffine for zero-area mask in first frame after 1 tentatives
WARNING:root:Skip RandomAffine for zero-area mask in first frame after 1 tentatives
INFO 2026-09-28 11:09:59,659 train_utils.py: 271: Train Epoch: [3][ 940/2110] | Batch Time: 0.38 (0.38) | Data Time: 0.22 (0.24) | Mem (GB): 10.00 (7.34/15.00) | Time Elapsed: 00d 00h 48m | Losses/train_all_loss: 3.15e-01 (3.51e+01)
WARNING:root:Skip RandomAffine for zero-area mask in first frame after 1 tentatives
WARNING:root:Skip RandomAffine for zero-area mask in first frame after 1 tentatives
WARNING:root:Skip RandomAffine for zero-area mask in first frame after 1 tentatives
WARNING:root:Skip RandomAffine for zero-area mask in first frame after 1 tentatives
INFO 2026-09-28 11:10:03,006 train_utils.py: 271: Train Epoch: [3][ 950/2110] | Batch Time: 0.16 (0.37) | Data Time: 0.00 (0.24) | Mem (GB): 9.00 (7.35/15.00) | Time Elapsed: 00d 00h 48m | Losses/train_all_loss: 1.97e+01 (3.49e+01)
WARNING:root:Skip RandomAffine for zero-area mask in first frame after 1 tentatives
WARNING:root:Skip RandomAffine for zero-area mask in first frame after 1 tentatives
WARNING:root:Skip RandomAffine for zero-area mask in first frame after 1 tentatives
WARNING:root:Skip RandomAffine for zero-area mask in first frame after 1 tentatives
WARNING:root:Skip RandomAffine for zero-area mask in first frame after 1 tentatives
INFO 2026-09-28 11:10:06,946 train_utils.py: 271: Train Epoch: [3][ 960/2110] | Batch Time: 0.19 (0.37) | Data Time: 0.00 (0.24) | Mem (GB): 10.00 (7.38/15.00) | Time Elapsed: 00d 00h 48m | Losses/train_all_loss: 6.41e+01 (3.49e+01)
WARNING:root:Skip RandomAffine for zero-area mask in first frame after 1 tentatives
INFO 2026-09-28 11:10:09,147 train_utils.py: 271: Train Epoch: [3][ 970/2110] | Batch Time: 0.21 (0.37) | Data Time: 0.00 (0.24) | Mem (GB): 13.00 (7.37/15.00) | Time Elapsed: 00d 00h 48m | Losses/train_all_loss: 5.47e+00 (3.50e+01)
WARNING:root:Skip RandomAffine for zero-area mask in first frame after 1 tentatives
WARNING:root:Skip RandomAffine for zero-area mask in first frame after 1 tentatives
WARNING:root:Skip RandomAffine for zero-area mask in first frame after 1 tentatives
WARNING:root:Skip RandomAffine for zero-area mask in first frame after 1 tentatives
WARNING:root:Skip RandomAffine for zero-area mask in first frame after 1 tentatives
INFO 2026-09-28 11:10:13,894 train_utils.py: 271: Train Epoch: [3][ 980/2110] | Batch Time: 0.11 (0.37) | Data Time: 0.00 (0.24) | Mem (GB): 5.00 (7.36/15.00) | Time Elapsed: 00d 00h 48m | Losses/train_all_loss: 1.60e+02 (3.50e+01)
INFO 2026-09-28 11:10:16,628 train_utils.py: 271: Train Epoch: [3][ 990/2110] | Batch Time: 0.09 (0.37) | Data Time: 0.00 (0.24) | Mem (GB): 2.00 (7.36/15.00) | Time Elapsed: 00d 00h 48m | Losses/train_all_loss: 4.07e-01 (3.47e+01)
WARNING:root:Skip RandomAffine for zero-area mask in first frame after 1 tentatives
WARNING:root:Skip RandomAffine for zero-area mask in first frame after 1 tentatives
WARNING:root:Skip RandomAffine for zero-area mask in first frame after 1 tentatives
WARNING:root:Skip RandomAffine for zero-area mask in first frame after 1 tentatives
WARNING:root:Skip RandomAffine for zero-area mask in first frame after 1 tentatives
WARNING:root:Skip RandomAffine for zero-area mask in first frame after 1 tentatives
WARNING:root:Skip RandomAffine for zero-area mask in first frame after 1 tentatives
INFO 2026-09-28 11:10:19,714 train_utils.py: 271: Train Epoch: [3][1000/2110] | Batch Time: 0.17 (0.37) | Data Time: 0.00 (0.24) | Mem (GB): 8.00 (7.36/15.00) | Time Elapsed: 00d 00h 48m | Losses/train_all_loss: 6.40e-01 (3.46e+01)
WARNING:root:Skip RandomAffine for zero-area mask in first frame after 1 tentatives
WARNING:root:Skip RandomAffine for zero-area mask in first frame after 1 tentatives
WARNING:root:Skip RandomAffine for zero-area mask in first frame after 1 tentatives
WARNING:root:Skip RandomAffine for zero-area mask in first frame after 1 tentatives
INFO 2026-09-28 11:10:22,971 train_utils.py: 271: Train Epoch: [3][1010/2110] | Batch Time: 0.16 (0.37) | Data Time: 0.00 (0.23) | Mem (GB): 10.00 (7.36/15.00) | Time Elapsed: 00d 00h 48m | Losses/train_all_loss: 4.39e-01 (3.43e+01)
WARNING:root:Skip RandomAffine for zero-area mask in first frame after 1 tentatives
WARNING:root:Skip RandomAffine for zero-area mask in first frame after 1 tentatives
INFO 2026-09-28 11:10:26,273 train_utils.py: 271: Train Epoch: [3][1020/2110] | Batch Time: 0.12 (0.37) | Data Time: 0.00 (0.23) | Mem (GB): 7.00 (7.36/15.00) | Time Elapsed: 00d 00h 48m | Losses/train_all_loss: 2.59e-01 (3.41e+01)
WARNING:root:Skip RandomAffine for zero-area mask in first frame after 1 tentatives
WARNING:root:Skip RandomAffine for zero-area mask in first frame after 1 tentatives
INFO 2026-09-28 11:10:29,906 train_utils.py: 271: Train Epoch: [3][1030/2110] | Batch Time: 0.19 (0.37) | Data Time: 0.00 (0.23) | Mem (GB): 12.00 (7.36/15.00) | Time Elapsed: 00d 00h 48m | Losses/train_all_loss: 1.36e+00 (3.38e+01)
WARNING:root:Skip RandomAffine for zero-area mask in first frame after 1 tentatives
WARNING:root:Skip RandomAffine for zero-area mask in first frame after 1 tentatives
INFO 2026-09-28 11:10:32,406 train_utils.py: 271: Train Epoch: [3][1040/2110] | Batch Time: 0.10 (0.37) | Data Time: 0.00 (0.23) | Mem (GB): 4.00 (7.33/15.00) | Time Elapsed: 00d 00h 48m | Losses/train_all_loss: 2.41e-01 (3.36e+01)
WARNING:root:Skip RandomAffine for zero-area mask in first frame after 1 tentatives
WARNING:root:Skip RandomAffine for zero-area mask in first frame after 1 tentatives
WARNING:root:Skip RandomAffine for zero-area mask in first frame after 1 tentatives
WARNING:root:Skip RandomAffine for zero-area mask in first frame after 1 tentatives
INFO 2026-09-28 11:10:36,320 train_utils.py: 271: Train Epoch: [3][1050/2110] | Batch Time: 0.15 (0.37) | Data Time: 0.00 (0.23) | Mem (GB): 8.00 (7.32/15.00) | Time Elapsed: 00d 00h 48m | Losses/train_all_loss: 4.34e+01 (3.42e+01)
WARNING:root:Skip RandomAffine for zero-area mask in first frame after 1 tentatives
WARNING:root:Skip RandomAffine for zero-area mask in first frame after 1 tentatives
WARNING:root:Skip RandomAffine for zero-area mask in first frame after 1 tentatives
INFO 2026-09-28 11:10:40,884 train_utils.py: 271: Train Epoch: [3][1060/2110] | Batch Time: 0.14 (0.37) | Data Time: 0.00 (0.23) | Mem (GB): 8.00 (7.33/15.00) | Time Elapsed: 00d 00h 48m | Losses/train_all_loss: 2.04e-01 (3.40e+01)
WARNING:root:Skip RandomAffine for zero-area mask in first frame after 1 tentatives
INFO 2026-09-28 11:10:42,941 train_utils.py: 271: Train Epoch: [3][1070/2110] | Batch Time: 0.09 (0.37) | Data Time: 0.00 (0.23) | Mem (GB): 2.00 (7.31/15.00) | Time Elapsed: 00d 00h 48m | Losses/train_all_loss: 7.96e-01 (3.45e+01)
WARNING:root:Skip RandomAffine for zero-area mask in first frame after 1 tentatives
WARNING:root:Skip RandomAffine for zero-area mask in first frame after 1 tentatives
WARNING:root:Skip RandomAffine for zero-area mask in first frame after 1 tentatives
WARNING:root:Skip RandomAffine for zero-area mask in first frame after 1 tentatives
WARNING:root:Skip RandomAffine for zero-area mask in first frame after 1 tentatives
WARNING:root:Skip RandomAffine for zero-area mask in first frame after 1 tentatives
WARNING:root:Skip RandomAffine for zero-area mask in first frame after 1 tentatives
INFO 2026-09-28 11:10:46,116 train_utils.py: 271: Train Epoch: [3][1080/2110] | Batch Time: 0.96 (0.37) | Data Time: 0.84 (0.23) | Mem (GB): 7.00 (7.31/15.00) | Time Elapsed: 00d 00h 48m | Losses/train_all_loss: 2.07e+00 (3.45e+01)
WARNING:root:Skip RandomAffine for zero-area mask in first frame after 1 tentatives
WARNING:root:Skip RandomAffine for zero-area mask in first frame after 1 tentatives
INFO 2026-09-28 11:10:50,129 train_utils.py: 271: Train Epoch: [3][1090/2110] | Batch Time: 0.16 (0.37) | Data Time: 0.00 (0.23) | Mem (GB): 8.00 (7.31/15.00) | Time Elapsed: 00d 00h 48m | Losses/train_all_loss: 6.75e-01 (3.43e+01)
WARNING:root:Skip RandomAffine for zero-area mask in first frame after 1 tentatives
WARNING:root:Skip RandomAffine for zero-area mask in first frame after 1 tentatives
INFO 2026-09-28 11:10:53,154 train_utils.py: 271: Train Epoch: [3][1100/2110] | Batch Time: 0.12 (0.37) | Data Time: 0.00 (0.23) | Mem (GB): 4.00 (7.32/15.00) | Time Elapsed: 00d 00h 48m | Losses/train_all_loss: 1.02e+02 (3.43e+01)
WARNING:root:Skip RandomAffine for zero-area mask in first frame after 1 tentatives
WARNING:root:Skip RandomAffine for zero-area mask in first frame after 1 tentatives
WARNING:root:Skip RandomAffine for zero-area mask in first frame after 1 tentatives
WARNING:root:Skip RandomAffine for zero-area mask in first frame after 1 tentatives
INFO 2026-09-28 11:10:58,134 train_utils.py: 271: Train Epoch: [3][1110/2110] | Batch Time: 1.44 (0.37) | Data Time: 1.24 (0.23) | Mem (GB): 13.00 (7.32/15.00) | Time Elapsed: 00d 00h 48m | Losses/train_all_loss: 5.18e+00 (3.40e+01)
WARNING:root:Skip RandomAffine for zero-area mask in first frame after 1 tentatives
WARNING:root:Skip RandomAffine for zero-area mask in first frame after 1 tentatives
INFO 2026-09-28 11:11:00,763 train_utils.py: 271: Train Epoch: [3][1120/2110] | Batch Time: 0.11 (0.37) | Data Time: 0.00 (0.23) | Mem (GB): 6.00 (7.32/15.00) | Time Elapsed: 00d 00h 49m | Losses/train_all_loss: 7.18e+01 (3.39e+01)
WARNING:root:Skip RandomAffine for zero-area mask in first frame after 1 tentatives
WARNING:root:Skip RandomAffine for zero-area mask in first frame after 1 tentatives
INFO 2026-09-28 11:11:02,420 train_utils.py: 271: Train Epoch: [3][1130/2110] | Batch Time: 0.42 (0.37) | Data Time: 0.29 (0.23) | Mem (GB): 7.00 (7.29/15.00) | Time Elapsed: 00d 00h 49m | Losses/train_all_loss: 2.19e+02 (3.45e+01)
WARNING:root:Skip RandomAffine for zero-area mask in first frame after 1 tentatives
WARNING:root:Skip RandomAffine for zero-area mask in first frame after 1 tentatives
WARNING:root:Skip RandomAffine for zero-area mask in first frame after 1 tentatives
INFO 2026-09-28 11:11:05,586 train_utils.py: 271: Train Epoch: [3][1140/2110] | Batch Time: 0.43 (0.37) | Data Time: 0.32 (0.23) | Mem (GB): 5.00 (7.28/15.00) | Time Elapsed: 00d 00h 49m | Losses/train_all_loss: 4.37e+00 (3.43e+01)
WARNING:root:Skip RandomAffine for zero-area mask in first frame after 1 tentatives
WARNING:root:Skip RandomAffine for zero-area mask in first frame after 1 tentatives
WARNING:root:Skip RandomAffine for zero-area mask in first frame after 1 tentatives
INFO 2026-09-28 11:11:07,948 train_utils.py: 271: Train Epoch: [3][1150/2110] | Batch Time: 0.08 (0.37) | Data Time: 0.00 (0.23) | Mem (GB): 2.00 (7.27/15.00) | Time Elapsed: 00d 00h 49m | Losses/train_all_loss: 2.56e-01 (3.42e+01)
WARNING:root:Skip RandomAffine for zero-area mask in first frame after 1 tentatives
INFO 2026-09-28 11:11:11,355 train_utils.py: 271: Train Epoch: [3][1160/2110] | Batch Time: 0.36 (0.37) | Data Time: 0.27 (0.23) | Mem (GB): 3.00 (7.26/15.00) | Time Elapsed: 00d 00h 49m | Losses/train_all_loss: 1.96e-01 (3.43e+01)
WARNING:root:Skip RandomAffine for zero-area mask in first frame after 1 tentatives
WARNING:root:Skip RandomAffine for zero-area mask in first frame after 1 tentatives
WARNING:root:Skip RandomAffine for zero-area mask in first frame after 1 tentatives
WARNING:root:Skip RandomAffine for zero-area mask in first frame after 1 tentatives
INFO 2026-09-28 11:11:15,848 train_utils.py: 271: Train Epoch: [3][1170/2110] | Batch Time: 0.63 (0.37) | Data Time: 0.51 (0.23) | Mem (GB): 7.00 (7.27/15.00) | Time Elapsed: 00d 00h 49m | Losses/train_all_loss: 2.60e-01 (3.45e+01)
WARNING:root:Skip RandomAffine for zero-area mask in first frame after 1 tentatives
WARNING:root:Skip RandomAffine for zero-area mask in first frame after 1 tentatives
WARNING:root:Skip RandomAffine for zero-area mask in first frame after 1 tentatives
INFO 2026-09-28 11:11:18,256 train_utils.py: 271: Train Epoch: [3][1180/2110] | Batch Time: 0.09 (0.37) | Data Time: 0.00 (0.23) | Mem (GB): 2.00 (7.26/15.00) | Time Elapsed: 00d 00h 49m | Losses/train_all_loss: 2.17e-01 (3.43e+01)
WARNING:root:Skip RandomAffine for zero-area mask in first frame after 1 tentatives
WARNING:root:Skip RandomAffine for zero-area mask in first frame after 1 tentatives
WARNING:root:Skip RandomAffine for zero-area mask in first frame after 1 tentatives
WARNING:root:Skip RandomAffine for zero-area mask in first frame after 1 tentatives
WARNING:root:Skip RandomAffine for zero-area mask in first frame after 1 tentatives
WARNING:root:Skip RandomAffine for zero-area mask in first frame after 1 tentatives
WARNING:root:Skip RandomAffine for zero-area mask in first frame after 1 tentatives
WARNING:root:Skip RandomAffine for zero-area mask in first frame after 1 tentatives
INFO 2026-09-28 11:11:21,498 train_utils.py: 271: Train Epoch: [3][1190/2110] | Batch Time: 1.19 (0.37) | Data Time: 0.97 (0.23) | Mem (GB): 15.00 (7.25/15.00) | Time Elapsed: 00d 00h 49m | Losses/train_all_loss: 8.21e-01 (3.42e+01)
WARNING:root:Skip RandomAffine for zero-area mask in first frame after 1 tentatives
WARNING:root:Skip RandomAffine for zero-area mask in first frame after 1 tentatives
WARNING:root:Skip RandomAffine for zero-area mask in first frame after 1 tentatives
WARNING:root:Skip RandomAffine for zero-area mask in first frame after 1 tentatives
WARNING:root:Skip RandomAffine for zero-area mask in first frame after 1 tentatives
INFO 2026-09-28 11:11:23,933 train_utils.py: 271: Train Epoch: [3][1200/2110] | Batch Time: 0.12 (0.36) | Data Time: 0.00 (0.23) | Mem (GB): 4.00 (7.25/15.00) | Time Elapsed: 00d 00h 49m | Losses/train_all_loss: 7.25e+00 (3.41e+01)
WARNING:root:Skip RandomAffine for zero-area mask in first frame after 1 tentatives
WARNING:root:Skip RandomAffine for zero-area mask in first frame after 1 tentatives
WARNING:root:Skip RandomAffine for zero-area mask in first frame after 1 tentatives
INFO 2026-09-28 11:11:26,561 train_utils.py: 271: Train Epoch: [3][1210/2110] | Batch Time: 0.08 (0.36) | Data Time: 0.00 (0.23) | Mem (GB): 2.00 (7.24/15.00) | Time Elapsed: 00d 00h 49m | Losses/train_all_loss: 5.73e-01 (3.40e+01)
WARNING:root:Skip RandomAffine for zero-area mask in first frame after 1 tentatives
WARNING:root:Skip RandomAffine for zero-area mask in first frame after 1 tentatives
WARNING:root:Skip RandomAffine for zero-area mask in first frame after 1 tentatives
WARNING:root:Skip RandomAffine for zero-area mask in first frame after 1 tentatives
INFO 2026-09-28 11:11:31,219 train_utils.py: 271: Train Epoch: [3][1220/2110] | Batch Time: 1.87 (0.36) | Data Time: 1.71 (0.23) | Mem (GB): 8.00 (7.23/15.00) | Time Elapsed: 00d 00h 49m | Losses/train_all_loss: 1.68e+01 (3.39e+01)
INFO 2026-09-28 11:11:33,826 train_utils.py: 271: Train Epoch: [3][1230/2110] | Batch Time: 0.90 (0.36) | Data Time: 0.68 (0.23) | Mem (GB): 14.00 (7.23/15.00) | Time Elapsed: 00d 00h 49m | Losses/train_all_loss: 1.57e+01 (3.37e+01)
WARNING:root:Skip RandomAffine for zero-area mask in first frame after 1 tentatives
WARNING:root:Skip RandomAffine for zero-area mask in first frame after 1 tentatives
WARNING:root:Skip RandomAffine for zero-area mask in first frame after 1 tentatives
INFO 2026-09-28 11:11:38,568 train_utils.py: 271: Train Epoch: [3][1240/2110] | Batch Time: 1.45 (0.36) | Data Time: 1.27 (0.23) | Mem (GB): 12.00 (7.23/15.00) | Time Elapsed: 00d 00h 49m | Losses/train_all_loss: 5.12e+01 (3.39e+01)
WARNING:root:Skip RandomAffine for zero-area mask in first frame after 1 tentatives
INFO 2026-09-28 11:11:41,487 train_utils.py: 271: Train Epoch: [3][1250/2110] | Batch Time: 0.09 (0.36) | Data Time: 0.00 (0.23) | Mem (GB): 3.00 (7.22/15.00) | Time Elapsed: 00d 00h 49m | Losses/train_all_loss: 4.30e-01 (3.37e+01)
WARNING:root:Skip RandomAffine for zero-area mask in first frame after 1 tentatives
INFO 2026-09-28 11:11:47,404 train_utils.py: 271: Train Epoch: [3][1260/2110] | Batch Time: 1.23 (0.37) | Data Time: 1.06 (0.23) | Mem (GB): 10.00 (7.24/15.00) | Time Elapsed: 00d 00h 49m | Losses/train_all_loss: 6.39e-01 (3.37e+01)
WARNING:root:Skip RandomAffine for zero-area mask in first frame after 1 tentatives
WARNING:root:Skip RandomAffine for zero-area mask in first frame after 1 tentatives
WARNING:root:Skip RandomAffine for zero-area mask in first frame after 1 tentatives
INFO 2026-09-28 11:11:49,974 train_utils.py: 271: Train Epoch: [3][1270/2110] | Batch Time: 0.80 (0.36) | Data Time: 0.63 (0.23) | Mem (GB): 10.00 (7.23/15.00) | Time Elapsed: 00d 00h 49m | Losses/train_all_loss: 5.02e+01 (3.39e+01)
WARNING:root:Skip RandomAffine for zero-area mask in first frame after 1 tentatives
INFO 2026-09-28 11:11:53,614 train_utils.py: 271: Train Epoch: [3][1280/2110] | Batch Time: 0.10 (0.36) | Data Time: 0.00 (0.23) | Mem (GB): 5.00 (7.24/15.00) | Time Elapsed: 00d 00h 49m | Losses/train_all_loss: 5.16e-01 (3.38e+01)
WARNING:root:Skip RandomAffine for zero-area mask in first frame after 1 tentatives
WARNING:root:Skip RandomAffine for zero-area mask in first frame after 1 tentatives
WARNING:root:Skip RandomAffine for zero-area mask in first frame after 1 tentatives
WARNING:root:Skip RandomAffine for zero-area mask in first frame after 1 tentatives
WARNING:root:Skip RandomAffine for zero-area mask in first frame after 1 tentatives
WARNING:root:Skip RandomAffine for zero-area mask in first frame after 1 tentatives
INFO 2026-09-28 11:11:58,601 train_utils.py: 271: Train Epoch: [3][1290/2110] | Batch Time: 0.18 (0.37) | Data Time: 0.00 (0.23) | Mem (GB): 11.00 (7.25/15.00) | Time Elapsed: 00d 00h 49m | Losses/train_all_loss: 1.75e+01 (3.38e+01)
WARNING:root:Skip RandomAffine for zero-area mask in first frame after 1 tentatives
WARNING:root:Skip RandomAffine for zero-area mask in first frame after 1 tentatives
WARNING:root:Skip RandomAffine for zero-area mask in first frame after 1 tentatives
INFO 2026-09-28 11:12:01,244 train_utils.py: 271: Train Epoch: [3][1300/2110] | Batch Time: 0.14 (0.36) | Data Time: 0.00 (0.23) | Mem (GB): 7.00 (7.25/15.00) | Time Elapsed: 00d 00h 50m | Losses/train_all_loss: 3.94e+00 (3.39e+01)
WARNING:root:Skip RandomAffine for zero-area mask in first frame after 1 tentatives
WARNING:root:Skip RandomAffine for zero-area mask in first frame after 1 tentatives
WARNING:root:Skip RandomAffine for zero-area mask in first frame after 1 tentatives
WARNING:root:Skip RandomAffine for zero-area mask in first frame after 1 tentatives
WARNING:root:Skip RandomAffine for zero-area mask in first frame after 1 tentatives
WARNING:root:Skip RandomAffine for zero-area mask in first frame after 1 tentatives
INFO 2026-09-28 11:12:07,295 train_utils.py: 271: Train Epoch: [3][1310/2110] | Batch Time: 0.17 (0.37) | Data Time: 0.00 (0.23) | Mem (GB): 10.00 (7.26/15.00) | Time Elapsed: 00d 00h 50m | Losses/train_all_loss: 9.27e+01 (3.42e+01)
WARNING:root:Skip RandomAffine for zero-area mask in first frame after 1 tentatives
WARNING:root:Skip RandomAffine for zero-area mask in first frame after 1 tentatives
INFO 2026-09-28 11:12:09,885 train_utils.py: 271: Train Epoch: [3][1320/2110] | Batch Time: 0.22 (0.37) | Data Time: 0.00 (0.23) | Mem (GB): 14.00 (7.25/15.00) | Time Elapsed: 00d 00h 50m | Losses/train_all_loss: 3.42e+01 (3.41e+01)
WARNING:root:Skip RandomAffine for zero-area mask in first frame after 1 tentatives
WARNING:root:Skip RandomAffine for zero-area mask in first frame after 1 tentatives
WARNING:root:Skip RandomAffine for zero-area mask in first frame after 1 tentatives
WARNING:root:Skip RandomAffine for zero-area mask in first frame after 1 tentatives
WARNING:root:Skip RandomAffine for zero-area mask in first frame after 1 tentatives
WARNING:root:Skip RandomAffine for zero-area mask in first frame after 1 tentatives
INFO 2026-09-28 11:12:14,224 train_utils.py: 271: Train Epoch: [3][1330/2110] | Batch Time: 1.22 (0.37) | Data Time: 1.10 (0.23) | Mem (GB): 7.00 (7.26/15.00) | Time Elapsed: 00d 00h 50m | Losses/train_all_loss: 7.59e+00 (3.39e+01)
WARNING:root:Skip RandomAffine for zero-area mask in first frame after 1 tentatives
WARNING:root:Skip RandomAffine for zero-area mask in first frame after 1 tentatives
WARNING:root:Skip RandomAffine for zero-area mask in first frame after 1 tentatives
INFO 2026-09-28 11:12:18,313 train_utils.py: 271: Train Epoch: [3][1340/2110] | Batch Time: 0.09 (0.37) | Data Time: 0.00 (0.23) | Mem (GB): 4.00 (7.26/15.00) | Time Elapsed: 00d 00h 50m | Losses/train_all_loss: 2.79e-01 (3.37e+01)
WARNING:root:Skip RandomAffine for zero-area mask in first frame after 1 tentatives
WARNING:root:Skip RandomAffine for zero-area mask in first frame after 1 tentatives
WARNING:root:Skip RandomAffine for zero-area mask in first frame after 1 tentatives
WARNING:root:Skip RandomAffine for zero-area mask in first frame after 1 tentatives
INFO 2026-09-28 11:12:21,966 train_utils.py: 271: Train Epoch: [3][1350/2110] | Batch Time: 0.13 (0.37) | Data Time: 0.00 (0.23) | Mem (GB): 7.00 (7.27/15.00) | Time Elapsed: 00d 00h 50m | Losses/train_all_loss: 4.44e-01 (3.40e+01)
WARNING:root:Skip RandomAffine for zero-area mask in first frame after 1 tentatives
WARNING:root:Skip RandomAffine for zero-area mask in first frame after 1 tentatives
WARNING:root:Skip RandomAffine for zero-area mask in first frame after 1 tentatives
WARNING:root:Skip RandomAffine for zero-area mask in first frame after 1 tentatives
INFO 2026-09-28 11:12:24,885 train_utils.py: 271: Train Epoch: [3][1360/2110] | Batch Time: 0.25 (0.37) | Data Time: 0.05 (0.23) | Mem (GB): 13.00 (7.27/15.00) | Time Elapsed: 00d 00h 50m | Losses/train_all_loss: 5.60e-01 (3.41e+01)
WARNING:root:Skip RandomAffine for zero-area mask in first frame after 1 tentatives
WARNING:root:Skip RandomAffine for zero-area mask in first frame after 1 tentatives
WARNING:root:Skip RandomAffine for zero-area mask in first frame after 1 tentatives
WARNING:root:Skip RandomAffine for zero-area mask in first frame after 1 tentatives
WARNING:root:Skip RandomAffine for zero-area mask in first frame after 1 tentatives
WARNING:root:Skip RandomAffine for zero-area mask in first frame after 1 tentatives
INFO 2026-09-28 11:12:28,195 train_utils.py: 271: Train Epoch: [3][1370/2110] | Batch Time: 0.08 (0.37) | Data Time: 0.00 (0.23) | Mem (GB): 3.00 (7.29/15.00) | Time Elapsed: 00d 00h 50m | Losses/train_all_loss: 1.28e-01 (3.39e+01)
WARNING:root:Skip RandomAffine for zero-area mask in first frame after 1 tentatives
WARNING:root:Skip RandomAffine for zero-area mask in first frame after 1 tentatives
INFO 2026-09-28 11:12:31,790 train_utils.py: 271: Train Epoch: [3][1380/2110] | Batch Time: 0.11 (0.37) | Data Time: 0.00 (0.23) | Mem (GB): 6.00 (7.29/15.00) | Time Elapsed: 00d 00h 50m | Losses/train_all_loss: 6.70e+01 (3.39e+01)
WARNING:root:Skip RandomAffine for zero-area mask in first frame after 1 tentatives
WARNING:root:Skip RandomAffine for zero-area mask in first frame after 1 tentatives
INFO 2026-09-28 11:12:35,127 train_utils.py: 271: Train Epoch: [3][1390/2110] | Batch Time: 0.10 (0.37) | Data Time: 0.00 (0.23) | Mem (GB): 5.00 (7.29/15.00) | Time Elapsed: 00d 00h 50m | Losses/train_all_loss: 1.36e+02 (3.42e+01)
WARNING:root:Skip RandomAffine for zero-area mask in first frame after 1 tentatives
WARNING:root:Skip RandomAffine for zero-area mask in first frame after 1 tentatives
WARNING:root:Skip RandomAffine for zero-area mask in first frame after 1 tentatives
INFO 2026-09-28 11:12:39,006 train_utils.py: 271: Train Epoch: [3][1400/2110] | Batch Time: 1.23 (0.37) | Data Time: 1.08 (0.23) | Mem (GB): 6.00 (7.28/15.00) | Time Elapsed: 00d 00h 50m | Losses/train_all_loss: 7.14e+01 (3.42e+01)
WARNING:root:Skip RandomAffine for zero-area mask in first frame after 1 tentatives
WARNING:root:Skip RandomAffine for zero-area mask in first frame after 1 tentatives
INFO 2026-09-28 11:12:41,692 train_utils.py: 271: Train Epoch: [3][1410/2110] | Batch Time: 0.75 (0.37) | Data Time: 0.53 (0.23) | Mem (GB): 14.00 (7.29/15.00) | Time Elapsed: 00d 00h 50m | Losses/train_all_loss: 4.70e+01 (3.43e+01)
WARNING:root:Skip RandomAffine for zero-area mask in first frame after 1 tentatives
WARNING:root:Skip RandomAffine for zero-area mask in first frame after 1 tentatives
WARNING:root:Skip RandomAffine for zero-area mask in first frame after 1 tentatives
INFO 2026-09-28 11:12:45,298 train_utils.py: 271: Train Epoch: [3][1420/2110] | Batch Time: 0.10 (0.36) | Data Time: 0.00 (0.23) | Mem (GB): 4.00 (7.29/15.00) | Time Elapsed: 00d 00h 50m | Losses/train_all_loss: 1.89e+02 (3.42e+01)
WARNING:root:Skip RandomAffine for zero-area mask in first frame after 1 tentatives
WARNING:root:Skip RandomAffine for zero-area mask in first frame after 1 tentatives
INFO 2026-09-28 11:12:48,621 train_utils.py: 271: Train Epoch: [3][1430/2110] | Batch Time: 0.40 (0.36) | Data Time: 0.29 (0.23) | Mem (GB): 6.00 (7.29/15.00) | Time Elapsed: 00d 00h 50m | Losses/train_all_loss: 3.68e-01 (3.48e+01)
WARNING:root:Skip RandomAffine for zero-area mask in first frame after 1 tentatives
WARNING:root:Skip RandomAffine for zero-area mask in first frame after 1 tentatives
WARNING:root:Skip RandomAffine for zero-area mask in first frame after 1 tentatives
WARNING:root:Skip RandomAffine for zero-area mask in first frame after 1 tentatives
INFO 2026-09-28 11:12:52,064 train_utils.py: 271: Train Epoch: [3][1440/2110] | Batch Time: 1.04 (0.36) | Data Time: 0.89 (0.23) | Mem (GB): 9.00 (7.28/15.00) | Time Elapsed: 00d 00h 50m | Losses/train_all_loss: 1.22e+01 (3.47e+01)
WARNING:root:Skip RandomAffine for zero-area mask in first frame after 1 tentatives
WARNING:root:Skip RandomAffine for zero-area mask in first frame after 1 tentatives
INFO 2026-09-28 11:12:54,560 train_utils.py: 271: Train Epoch: [3][1450/2110] | Batch Time: 0.09 (0.36) | Data Time: 0.00 (0.23) | Mem (GB): 4.00 (7.27/15.00) | Time Elapsed: 00d 00h 50m | Losses/train_all_loss: 4.85e-01 (3.45e+01)
WARNING:root:Skip RandomAffine for zero-area mask in first frame after 1 tentatives
WARNING:root:Skip RandomAffine for zero-area mask in first frame after 1 tentatives
WARNING:root:Skip RandomAffine for zero-area mask in first frame after 1 tentatives
WARNING:root:Skip RandomAffine for zero-area mask in first frame after 1 tentatives
WARNING:root:Skip RandomAffine for zero-area mask in first frame after 1 tentatives
WARNING:root:Skip RandomAffine for zero-area mask in first frame after 1 tentatives
WARNING:root:Skip RandomAffine for zero-area mask in first frame after 1 tentatives
WARNING:root:Skip RandomAffine for zero-area mask in first frame after 1 tentatives
INFO 2026-09-28 11:12:57,482 train_utils.py: 271: Train Epoch: [3][1460/2110] | Batch Time: 0.11 (0.36) | Data Time: 0.00 (0.23) | Mem (GB): 6.00 (7.27/15.00) | Time Elapsed: 00d 00h 50m | Losses/train_all_loss: 8.99e-01 (3.43e+01)
WARNING:root:Skip RandomAffine for zero-area mask in first frame after 1 tentatives
WARNING:root:Skip RandomAffine for zero-area mask in first frame after 1 tentatives
INFO 2026-09-28 11:13:00,449 train_utils.py: 271: Train Epoch: [3][1470/2110] | Batch Time: 1.17 (0.36) | Data Time: 1.02 (0.23) | Mem (GB): 7.00 (7.26/15.00) | Time Elapsed: 00d 00h 51m | Losses/train_all_loss: 9.71e+01 (3.44e+01)
WARNING:root:Skip RandomAffine for zero-area mask in first frame after 1 tentatives
WARNING:root:Skip RandomAffine for zero-area mask in first frame after 1 tentatives
INFO 2026-09-28 11:13:03,579 train_utils.py: 271: Train Epoch: [3][1480/2110] | Batch Time: 0.20 (0.36) | Data Time: 0.00 (0.23) | Mem (GB): 13.00 (7.26/15.00) | Time Elapsed: 00d 00h 51m | Losses/train_all_loss: 7.58e+00 (3.46e+01)
WARNING:root:Skip RandomAffine for zero-area mask in first frame after 1 tentatives
WARNING:root:Skip RandomAffine for zero-area mask in first frame after 1 tentatives
WARNING:root:Skip RandomAffine for zero-area mask in first frame after 1 tentatives
WARNING:root:Skip RandomAffine for zero-area mask in first frame after 1 tentatives
WARNING:root:Skip RandomAffine for zero-area mask in first frame after 1 tentatives
INFO 2026-09-28 11:13:08,051 train_utils.py: 271: Train Epoch: [3][1490/2110] | Batch Time: 0.14 (0.36) | Data Time: 0.00 (0.23) | Mem (GB): 8.00 (7.27/15.00) | Time Elapsed: 00d 00h 51m | Losses/train_all_loss: 3.05e+00 (3.45e+01)
WARNING:root:Skip RandomAffine for zero-area mask in first frame after 1 tentatives
INFO 2026-09-28 11:13:10,691 train_utils.py: 271: Train Epoch: [3][1500/2110] | Batch Time: 0.18 (0.36) | Data Time: 0.00 (0.23) | Mem (GB): 10.00 (7.27/15.00) | Time Elapsed: 00d 00h 51m | Losses/train_all_loss: 8.89e+01 (3.45e+01)
WARNING:root:Skip RandomAffine for zero-area mask in first frame after 1 tentatives
INFO 2026-09-28 11:13:14,001 train_utils.py: 271: Train Epoch: [3][1510/2110] | Batch Time: 0.08 (0.36) | Data Time: 0.00 (0.23) | Mem (GB): 2.00 (7.27/15.00) | Time Elapsed: 00d 00h 51m | Losses/train_all_loss: 5.66e-01 (3.44e+01)
WARNING:root:Skip RandomAffine for zero-area mask in first frame after 1 tentatives
WARNING:root:Skip RandomAffine for zero-area mask in first frame after 1 tentatives
INFO 2026-09-28 11:13:20,068 train_utils.py: 271: Train Epoch: [3][1520/2110] | Batch Time: 0.16 (0.36) | Data Time: 0.00 (0.23) | Mem (GB): 10.00 (7.28/15.00) | Time Elapsed: 00d 00h 51m | Losses/train_all_loss: 1.13e+02 (3.45e+01)
WARNING:root:Skip RandomAffine for zero-area mask in first frame after 1 tentatives
WARNING:root:Skip RandomAffine for zero-area mask in first frame after 1 tentatives
WARNING:root:Skip RandomAffine for zero-area mask in first frame after 1 tentatives
WARNING:root:Skip RandomAffine for zero-area mask in first frame after 1 tentatives
INFO 2026-09-28 11:13:22,490 train_utils.py: 271: Train Epoch: [3][1530/2110] | Batch Time: 1.01 (0.36) | Data Time: 0.85 (0.23) | Mem (GB): 10.00 (7.27/15.00) | Time Elapsed: 00d 00h 51m | Losses/train_all_loss: 1.75e+00 (3.45e+01)
WARNING:root:Skip RandomAffine for zero-area mask in first frame after 1 tentatives
WARNING:root:Skip RandomAffine for zero-area mask in first frame after 1 tentatives
INFO 2026-09-28 11:13:26,160 train_utils.py: 271: Train Epoch: [3][1540/2110] | Batch Time: 0.15 (0.36) | Data Time: 0.00 (0.23) | Mem (GB): 7.00 (7.27/15.00) | Time Elapsed: 00d 00h 51m | Losses/train_all_loss: 5.64e+01 (3.43e+01)
WARNING:root:Skip RandomAffine for zero-area mask in first frame after 1 tentatives
WARNING:root:Skip RandomAffine for zero-area mask in first frame after 1 tentatives
WARNING:root:Skip RandomAffine for zero-area mask in first frame after 1 tentatives
INFO 2026-09-28 11:13:28,530 train_utils.py: 271: Train Epoch: [3][1550/2110] | Batch Time: 0.10 (0.36) | Data Time: 0.00 (0.23) | Mem (GB): 5.00 (7.26/15.00) | Time Elapsed: 00d 00h 51m | Losses/train_all_loss: 5.23e-01 (3.42e+01)
WARNING:root:Skip RandomAffine for zero-area mask in first frame after 1 tentatives
INFO 2026-09-28 11:13:32,008 train_utils.py: 271: Train Epoch: [3][1560/2110] | Batch Time: 0.12 (0.36) | Data Time: 0.00 (0.23) | Mem (GB): 6.00 (7.25/15.00) | Time Elapsed: 00d 00h 51m | Losses/train_all_loss: 1.92e-01 (3.41e+01)
WARNING:root:Skip RandomAffine for zero-area mask in first frame after 1 tentatives
WARNING:root:Skip RandomAffine for zero-area mask in first frame after 1 tentatives
WARNING:root:Skip RandomAffine for zero-area mask in first frame after 1 tentatives
INFO 2026-09-28 11:13:35,015 train_utils.py: 271: Train Epoch: [3][1570/2110] | Batch Time: 0.62 (0.36) | Data Time: 0.49 (0.23) | Mem (GB): 7.00 (7.25/15.00) | Time Elapsed: 00d 00h 51m | Losses/train_all_loss: 9.79e+00 (3.40e+01)
WARNING:root:Skip RandomAffine for zero-area mask in first frame after 1 tentatives
WARNING:root:Skip RandomAffine for zero-area mask in first frame after 1 tentatives
WARNING:root:Skip RandomAffine for zero-area mask in first frame after 1 tentatives
WARNING:root:Skip RandomAffine for zero-area mask in first frame after 1 tentatives
WARNING:root:Skip RandomAffine for zero-area mask in first frame after 1 tentatives
WARNING:root:Skip RandomAffine for zero-area mask in first frame after 1 tentatives
INFO 2026-09-28 11:13:38,525 train_utils.py: 271: Train Epoch: [3][1580/2110] | Batch Time: 0.88 (0.36) | Data Time: 0.73 (0.23) | Mem (GB): 9.00 (7.25/15.00) | Time Elapsed: 00d 00h 51m | Losses/train_all_loss: 1.20e+01 (3.40e+01)
WARNING:root:Skip RandomAffine for zero-area mask in first frame after 1 tentatives
WARNING:root:Skip RandomAffine for zero-area mask in first frame after 1 tentatives
WARNING:root:Skip RandomAffine for zero-area mask in first frame after 1 tentatives
INFO 2026-09-28 11:13:40,835 train_utils.py: 271: Train Epoch: [3][1590/2110] | Batch Time: 0.24 (0.36) | Data Time: 0.10 (0.22) | Mem (GB): 8.00 (7.25/15.00) | Time Elapsed: 00d 00h 51m | Losses/train_all_loss: 6.10e+01 (3.38e+01)
WARNING:root:Skip RandomAffine for zero-area mask in first frame after 1 tentatives
WARNING:root:Skip RandomAffine for zero-area mask in first frame after 1 tentatives
WARNING:root:Skip RandomAffine for zero-area mask in first frame after 1 tentatives
WARNING:root:Skip RandomAffine for zero-area mask in first frame after 1 tentatives
WARNING:root:Skip RandomAffine for zero-area mask in first frame after 1 tentatives
INFO 2026-09-28 11:13:45,159 train_utils.py: 271: Train Epoch: [3][1600/2110] | Batch Time: 1.56 (0.36) | Data Time: 1.35 (0.22) | Mem (GB): 12.00 (7.25/15.00) | Time Elapsed: 00d 00h 51m | Losses/train_all_loss: 2.83e-01 (3.38e+01)
WARNING:root:Skip RandomAffine for zero-area mask in first frame after 1 tentatives
WARNING:root:Skip RandomAffine for zero-area mask in first frame after 1 tentatives
INFO 2026-09-28 11:13:47,831 train_utils.py: 271: Train Epoch: [3][1610/2110] | Batch Time: 0.22 (0.36) | Data Time: 0.00 (0.22) | Mem (GB): 15.00 (7.25/15.00) | Time Elapsed: 00d 00h 51m | Losses/train_all_loss: 5.09e-01 (3.37e+01)
WARNING:root:Skip RandomAffine for zero-area mask in first frame after 1 tentatives
WARNING:root:Skip RandomAffine for zero-area mask in first frame after 1 tentatives
WARNING:root:Skip RandomAffine for zero-area mask in first frame after 1 tentatives
INFO 2026-09-28 11:13:51,509 train_utils.py: 271: Train Epoch: [3][1620/2110] | Batch Time: 0.14 (0.36) | Data Time: 0.00 (0.22) | Mem (GB): 8.00 (7.24/15.00) | Time Elapsed: 00d 00h 51m | Losses/train_all_loss: 3.98e-01 (3.36e+01)
WARNING:root:Skip RandomAffine for zero-area mask in first frame after 1 tentatives
WARNING:root:Skip RandomAffine for zero-area mask in first frame after 1 tentatives
WARNING:root:Skip RandomAffine for zero-area mask in first frame after 1 tentatives
INFO 2026-09-28 11:13:54,108 train_utils.py: 271: Train Epoch: [3][1630/2110] | Batch Time: 0.10 (0.36) | Data Time: 0.00 (0.22) | Mem (GB): 5.00 (7.25/15.00) | Time Elapsed: 00d 00h 51m | Losses/train_all_loss: 6.53e-01 (3.37e+01)
WARNING:root:Skip RandomAffine for zero-area mask in first frame after 1 tentatives
WARNING:root:Skip RandomAffine for zero-area mask in first frame after 1 tentatives
WARNING:root:Skip RandomAffine for zero-area mask in first frame after 1 tentatives
WARNING:root:Skip RandomAffine for zero-area mask in first frame after 1 tentatives
INFO 2026-09-28 11:13:58,012 train_utils.py: 271: Train Epoch: [3][1640/2110] | Batch Time: 0.08 (0.36) | Data Time: 0.00 (0.22) | Mem (GB): 3.00 (7.25/15.00) | Time Elapsed: 00d 00h 51m | Losses/train_all_loss: 3.00e+02 (3.37e+01)
INFO 2026-09-28 11:14:00,661 train_utils.py: 271: Train Epoch: [3][1650/2110] | Batch Time: 0.11 (0.36) | Data Time: 0.00 (0.22) | Mem (GB): 6.00 (7.25/15.00) | Time Elapsed: 00d 00h 52m | Losses/train_all_loss: 5.34e-01 (3.35e+01)
WARNING:root:Skip RandomAffine for zero-area mask in first frame after 1 tentatives
WARNING:root:Skip RandomAffine for zero-area mask in first frame after 1 tentatives
WARNING:root:Skip RandomAffine for zero-area mask in first frame after 1 tentatives
WARNING:root:Skip RandomAffine for zero-area mask in first frame after 1 tentatives
WARNING:root:Skip RandomAffine for zero-area mask in first frame after 1 tentatives
WARNING:root:Skip RandomAffine for zero-area mask in first frame after 1 tentatives
INFO 2026-09-28 11:14:05,156 train_utils.py: 271: Train Epoch: [3][1660/2110] | Batch Time: 0.11 (0.36) | Data Time: 0.00 (0.22) | Mem (GB): 6.00 (7.27/15.00) | Time Elapsed: 00d 00h 52m | Losses/train_all_loss: 4.05e+00 (3.35e+01)
WARNING:root:Skip RandomAffine for zero-area mask in first frame after 1 tentatives
WARNING:root:Skip RandomAffine for zero-area mask in first frame after 1 tentatives
WARNING:root:Skip RandomAffine for zero-area mask in first frame after 1 tentatives
WARNING:root:Skip RandomAffine for zero-area mask in first frame after 1 tentatives
WARNING:root:Skip RandomAffine for zero-area mask in first frame after 1 tentatives
WARNING:root:Skip RandomAffine for zero-area mask in first frame after 1 tentatives
WARNING:root:Skip RandomAffine for zero-area mask in first frame after 1 tentatives
INFO 2026-09-28 11:14:08,529 train_utils.py: 271: Train Epoch: [3][1670/2110] | Batch Time: 0.13 (0.36) | Data Time: 0.00 (0.22) | Mem (GB): 7.00 (7.27/15.00) | Time Elapsed: 00d 00h 52m | Losses/train_all_loss: 1.86e+01 (3.35e+01)
WARNING:root:Skip RandomAffine for zero-area mask in first frame after 1 tentatives
INFO 2026-09-28 11:14:11,815 train_utils.py: 271: Train Epoch: [3][1680/2110] | Batch Time: 0.13 (0.36) | Data Time: 0.00 (0.22) | Mem (GB): 7.00 (7.28/15.00) | Time Elapsed: 00d 00h 52m | Losses/train_all_loss: 1.15e-01 (3.34e+01)
WARNING:root:Skip RandomAffine for zero-area mask in first frame after 1 tentatives
WARNING:root:Skip RandomAffine for zero-area mask in first frame after 1 tentatives
WARNING:root:Skip RandomAffine for zero-area mask in first frame after 1 tentatives
WARNING:root:Skip RandomAffine for zero-area mask in first frame after 1 tentatives
WARNING:root:Skip RandomAffine for zero-area mask in first frame after 1 tentatives
INFO 2026-09-28 11:14:15,516 train_utils.py: 271: Train Epoch: [3][1690/2110] | Batch Time: 0.15 (0.36) | Data Time: 0.00 (0.22) | Mem (GB): 9.00 (7.29/15.00) | Time Elapsed: 00d 00h 52m | Losses/train_all_loss: 1.37e+01 (3.34e+01)
WARNING:root:Skip RandomAffine for zero-area mask in first frame after 1 tentatives
WARNING:root:Skip RandomAffine for zero-area mask in first frame after 1 tentatives
INFO 2026-09-28 11:14:19,871 train_utils.py: 271: Train Epoch: [3][1700/2110] | Batch Time: 0.73 (0.36) | Data Time: 0.53 (0.22) | Mem (GB): 11.00 (7.29/15.00) | Time Elapsed: 00d 00h 52m | Losses/train_all_loss: 5.87e-01 (3.38e+01)
WARNING:root:Skip RandomAffine for zero-area mask in first frame after 1 tentatives
WARNING:root:Skip RandomAffine for zero-area mask in first frame after 1 tentatives
WARNING:root:Skip RandomAffine for zero-area mask in first frame after 1 tentatives
INFO 2026-09-28 11:14:22,893 train_utils.py: 271: Train Epoch: [3][1710/2110] | Batch Time: 0.08 (0.36) | Data Time: 0.00 (0.22) | Mem (GB): 2.00 (7.29/15.00) | Time Elapsed: 00d 00h 52m | Losses/train_all_loss: 6.61e-01 (3.37e+01)
WARNING:root:Skip RandomAffine for zero-area mask in first frame after 1 tentatives
WARNING:root:Skip RandomAffine for zero-area mask in first frame after 1 tentatives
WARNING:root:Skip RandomAffine for zero-area mask in first frame after 1 tentatives
INFO 2026-09-28 11:14:27,834 train_utils.py: 271: Train Epoch: [3][1720/2110] | Batch Time: 1.31 (0.36) | Data Time: 1.14 (0.22) | Mem (GB): 10.00 (7.28/15.00) | Time Elapsed: 00d 00h 52m | Losses/train_all_loss: 2.92e+00 (3.36e+01)
WARNING:root:Skip RandomAffine for zero-area mask in first frame after 1 tentatives
WARNING:root:Skip RandomAffine for zero-area mask in first frame after 1 tentatives
WARNING:root:Skip RandomAffine for zero-area mask in first frame after 1 tentatives
WARNING:root:Skip RandomAffine for zero-area mask in first frame after 1 tentatives
INFO 2026-09-28 11:14:31,616 train_utils.py: 271: Train Epoch: [3][1730/2110] | Batch Time: 0.17 (0.36) | Data Time: 0.00 (0.22) | Mem (GB): 10.00 (7.29/15.00) | Time Elapsed: 00d 00h 52m | Losses/train_all_loss: 5.29e+01 (3.37e+01)
WARNING:root:Skip RandomAffine for zero-area mask in first frame after 1 tentatives
WARNING:root:Skip RandomAffine for zero-area mask in first frame after 1 tentatives
WARNING:root:Skip RandomAffine for zero-area mask in first frame after 1 tentatives
WARNING:root:Skip RandomAffine for zero-area mask in first frame after 1 tentatives
INFO 2026-09-28 11:14:35,689 train_utils.py: 271: Train Epoch: [3][1740/2110] | Batch Time: 0.47 (0.36) | Data Time: 0.36 (0.22) | Mem (GB): 5.00 (7.29/15.00) | Time Elapsed: 00d 00h 52m | Losses/train_all_loss: 4.68e-01 (3.36e+01)
WARNING:root:Skip RandomAffine for zero-area mask in first frame after 1 tentatives
WARNING:root:Skip RandomAffine for zero-area mask in first frame after 1 tentatives
INFO 2026-09-28 11:14:37,937 train_utils.py: 271: Train Epoch: [3][1750/2110] | Batch Time: 0.11 (0.36) | Data Time: 0.00 (0.22) | Mem (GB): 6.00 (7.28/15.00) | Time Elapsed: 00d 00h 52m | Losses/train_all_loss: 1.38e+02 (3.35e+01)
WARNING:root:Skip RandomAffine for zero-area mask in first frame after 1 tentatives
WARNING:root:Skip RandomAffine for zero-area mask in first frame after 1 tentatives
WARNING:root:Skip RandomAffine for zero-area mask in first frame after 1 tentatives
INFO 2026-09-28 11:14:41,970 train_utils.py: 271: Train Epoch: [3][1760/2110] | Batch Time: 0.16 (0.36) | Data Time: 0.00 (0.22) | Mem (GB): 8.00 (7.28/15.00) | Time Elapsed: 00d 00h 52m | Losses/train_all_loss: 3.55e-01 (3.34e+01)
WARNING:root:Skip RandomAffine for zero-area mask in first frame after 1 tentatives
WARNING:root:Skip RandomAffine for zero-area mask in first frame after 1 tentatives
WARNING:root:Skip RandomAffine for zero-area mask in first frame after 1 tentatives
INFO 2026-09-28 11:14:46,103 train_utils.py: 271: Train Epoch: [3][1770/2110] | Batch Time: 0.20 (0.36) | Data Time: 0.00 (0.22) | Mem (GB): 13.00 (7.29/15.00) | Time Elapsed: 00d 00h 52m | Losses/train_all_loss: 3.66e+01 (3.35e+01)
WARNING:root:Skip RandomAffine for zero-area mask in first frame after 1 tentatives
WARNING:root:Skip RandomAffine for zero-area mask in first frame after 1 tentatives
WARNING:root:Skip RandomAffine for zero-area mask in first frame after 1 tentatives
WARNING:root:Skip RandomAffine for zero-area mask in first frame after 1 tentatives
WARNING:root:Skip RandomAffine for zero-area mask in first frame after 1 tentatives
WARNING:root:Skip RandomAffine for zero-area mask in first frame after 1 tentatives
INFO 2026-09-28 11:14:50,599 train_utils.py: 271: Train Epoch: [3][1780/2110] | Batch Time: 0.70 (0.36) | Data Time: 0.56 (0.22) | Mem (GB): 8.00 (7.30/15.00) | Time Elapsed: 00d 00h 52m | Losses/train_all_loss: 3.05e+01 (3.34e+01)
WARNING:root:Skip RandomAffine for zero-area mask in first frame after 1 tentatives
WARNING:root:Skip RandomAffine for zero-area mask in first frame after 1 tentatives
WARNING:root:Skip RandomAffine for zero-area mask in first frame after 1 tentatives
WARNING:root:Skip RandomAffine for zero-area mask in first frame after 1 tentatives
WARNING:root:Skip RandomAffine for zero-area mask in first frame after 1 tentatives
WARNING:root:Skip RandomAffine for zero-area mask in first frame after 1 tentatives
WARNING:root:Skip RandomAffine for zero-area mask in first frame after 1 tentatives
WARNING:root:Skip RandomAffine for zero-area mask in first frame after 1 tentatives
INFO 2026-09-28 11:14:55,082 train_utils.py: 271: Train Epoch: [3][1790/2110] | Batch Time: 2.25 (0.36) | Data Time: 2.02 (0.23) | Mem (GB): 13.00 (7.29/15.00) | Time Elapsed: 00d 00h 52m | Losses/train_all_loss: 6.99e+00 (3.34e+01)
WARNING:root:Skip RandomAffine for zero-area mask in first frame after 1 tentatives
WARNING:root:Skip RandomAffine for zero-area mask in first frame after 1 tentatives
INFO 2026-09-28 11:14:57,122 train_utils.py: 271: Train Epoch: [3][1800/2110] | Batch Time: 0.16 (0.36) | Data Time: 0.00 (0.22) | Mem (GB): 9.00 (7.29/15.00) | Time Elapsed: 00d 00h 52m | Losses/train_all_loss: 2.49e+01 (3.34e+01)
WARNING:root:Skip RandomAffine for zero-area mask in first frame after 1 tentatives
WARNING:root:Skip RandomAffine for zero-area mask in first frame after 1 tentatives
INFO 2026-09-28 11:15:00,459 train_utils.py: 271: Train Epoch: [3][1810/2110] | Batch Time: 0.28 (0.36) | Data Time: 0.19 (0.22) | Mem (GB): 5.00 (7.30/15.00) | Time Elapsed: 00d 00h 53m | Losses/train_all_loss: 2.86e+02 (3.35e+01)
WARNING:root:Skip RandomAffine for zero-area mask in first frame after 1 tentatives
INFO 2026-09-28 11:15:04,557 train_utils.py: 271: Train Epoch: [3][1820/2110] | Batch Time: 0.11 (0.36) | Data Time: 0.00 (0.22) | Mem (GB): 6.00 (7.29/15.00) | Time Elapsed: 00d 00h 53m | Losses/train_all_loss: 2.44e-01 (3.37e+01)
WARNING:root:Skip RandomAffine for zero-area mask in first frame after 1 tentatives
INFO 2026-09-28 11:15:08,072 train_utils.py: 271: Train Epoch: [3][1830/2110] | Batch Time: 0.23 (0.36) | Data Time: 0.00 (0.22) | Mem (GB): 15.00 (7.29/15.00) | Time Elapsed: 00d 00h 53m | Losses/train_all_loss: 4.59e+01 (3.37e+01)
WARNING:root:Skip RandomAffine for zero-area mask in first frame after 1 tentatives
WARNING:root:Skip RandomAffine for zero-area mask in first frame after 1 tentatives
WARNING:root:Skip RandomAffine for zero-area mask in first frame after 1 tentatives
WARNING:root:Skip RandomAffine for zero-area mask in first frame after 1 tentatives
WARNING:root:Skip RandomAffine for zero-area mask in first frame after 1 tentatives
INFO 2026-09-28 11:15:10,767 train_utils.py: 271: Train Epoch: [3][1840/2110] | Batch Time: 0.08 (0.36) | Data Time: 0.00 (0.22) | Mem (GB): 2.00 (7.28/15.00) | Time Elapsed: 00d 00h 53m | Losses/train_all_loss: 2.04e-01 (3.38e+01)
WARNING:root:Skip RandomAffine for zero-area mask in first frame after 1 tentatives
WARNING:root:Skip RandomAffine for zero-area mask in first frame after 1 tentatives
WARNING:root:Skip RandomAffine for zero-area mask in first frame after 1 tentatives
WARNING:root:Skip RandomAffine for zero-area mask in first frame after 1 tentatives
INFO 2026-09-28 11:15:13,746 train_utils.py: 271: Train Epoch: [3][1850/2110] | Batch Time: 0.34 (0.36) | Data Time: 0.18 (0.22) | Mem (GB): 9.00 (7.28/15.00) | Time Elapsed: 00d 00h 53m | Losses/train_all_loss: 2.48e-01 (3.37e+01)
WARNING:root:Skip RandomAffine for zero-area mask in first frame after 1 tentatives
WARNING:root:Skip RandomAffine for zero-area mask in first frame after 1 tentatives
WARNING:root:Skip RandomAffine for zero-area mask in first frame after 1 tentatives
WARNING:root:Skip RandomAffine for zero-area mask in first frame after 1 tentatives
INFO 2026-09-28 11:15:19,211 train_utils.py: 271: Train Epoch: [3][1860/2110] | Batch Time: 2.29 (0.36) | Data Time: 2.06 (0.22) | Mem (GB): 15.00 (7.27/15.00) | Time Elapsed: 00d 00h 53m | Losses/train_all_loss: 3.80e+01 (3.36e+01)
INFO 2026-09-28 11:15:22,062 train_utils.py: 271: Train Epoch: [3][1870/2110] | Batch Time: 0.15 (0.36) | Data Time: 0.00 (0.22) | Mem (GB): 9.00 (7.27/15.00) | Time Elapsed: 00d 00h 53m | Losses/train_all_loss: 1.34e+02 (3.37e+01)
WARNING:root:Skip RandomAffine for zero-area mask in first frame after 1 tentatives
WARNING:root:Skip RandomAffine for zero-area mask in first frame after 1 tentatives
INFO 2026-09-28 11:15:25,963 train_utils.py: 271: Train Epoch: [3][1880/2110] | Batch Time: 0.16 (0.36) | Data Time: 0.00 (0.22) | Mem (GB): 10.00 (7.27/15.00) | Time Elapsed: 00d 00h 53m | Losses/train_all_loss: 6.73e-01 (3.36e+01)
WARNING:root:Skip RandomAffine for zero-area mask in first frame after 1 tentatives
INFO 2026-09-28 11:15:30,917 train_utils.py: 271: Train Epoch: [3][1890/2110] | Batch Time: 0.10 (0.36) | Data Time: 0.00 (0.23) | Mem (GB): 5.00 (7.27/15.00) | Time Elapsed: 00d 00h 53m | Losses/train_all_loss: 6.87e-01 (3.35e+01)
WARNING:root:Skip RandomAffine for zero-area mask in first frame after 1 tentatives
INFO 2026-09-28 11:15:35,761 train_utils.py: 271: Train Epoch: [3][1900/2110] | Batch Time: 0.11 (0.36) | Data Time: 0.00 (0.23) | Mem (GB): 3.00 (7.26/15.00) | Time Elapsed: 00d 00h 53m | Losses/train_all_loss: 5.25e+02 (3.41e+01)
WARNING:root:Skip RandomAffine for zero-area mask in first frame after 1 tentatives
WARNING:root:Skip RandomAffine for zero-area mask in first frame after 1 tentatives
WARNING:root:Skip RandomAffine for zero-area mask in first frame after 1 tentatives
WARNING:root:Skip RandomAffine for zero-area mask in first frame after 1 tentatives
WARNING:root:Skip RandomAffine for zero-area mask in first frame after 1 tentatives
INFO 2026-09-28 11:15:39,429 train_utils.py: 271: Train Epoch: [3][1910/2110] | Batch Time: 0.70 (0.36) | Data Time: 0.48 (0.23) | Mem (GB): 15.00 (7.26/15.00) | Time Elapsed: 00d 00h 53m | Losses/train_all_loss: 1.92e+01 (3.40e+01)
INFO 2026-09-28 11:15:41,331 train_utils.py: 271: Train Epoch: [3][1920/2110] | Batch Time: 0.08 (0.36) | Data Time: 0.00 (0.23) | Mem (GB): 2.00 (7.25/15.00) | Time Elapsed: 00d 00h 53m | Losses/train_all_loss: 1.79e-01 (3.39e+01)
WARNING:root:Skip RandomAffine for zero-area mask in first frame after 1 tentatives
WARNING:root:Skip RandomAffine for zero-area mask in first frame after 1 tentatives
WARNING:root:Skip RandomAffine for zero-area mask in first frame after 1 tentatives
INFO 2026-09-28 11:15:44,437 train_utils.py: 271: Train Epoch: [3][1930/2110] | Batch Time: 0.09 (0.36) | Data Time: 0.00 (0.23) | Mem (GB): 3.00 (7.24/15.00) | Time Elapsed: 00d 00h 53m | Losses/train_all_loss: 9.32e-01 (3.37e+01)
WARNING:root:Skip RandomAffine for zero-area mask in first frame after 1 tentatives
WARNING:root:Skip RandomAffine for zero-area mask in first frame after 1 tentatives
WARNING:root:Skip RandomAffine for zero-area mask in first frame after 1 tentatives
WARNING:root:Skip RandomAffine for zero-area mask in first frame after 1 tentatives
INFO 2026-09-28 11:15:48,381 train_utils.py: 271: Train Epoch: [3][1940/2110] | Batch Time: 0.08 (0.36) | Data Time: 0.00 (0.23) | Mem (GB): 2.00 (7.25/15.00) | Time Elapsed: 00d 00h 53m | Losses/train_all_loss: 1.01e-01 (3.38e+01)
WARNING:root:Skip RandomAffine for zero-area mask in first frame after 1 tentatives
WARNING:root:Skip RandomAffine for zero-area mask in first frame after 1 tentatives
WARNING:root:Skip RandomAffine for zero-area mask in first frame after 1 tentatives
INFO 2026-09-28 11:15:50,847 train_utils.py: 271: Train Epoch: [3][1950/2110] | Batch Time: 0.11 (0.36) | Data Time: 0.00 (0.22) | Mem (GB): 5.00 (7.23/15.00) | Time Elapsed: 00d 00h 53m | Losses/train_all_loss: 1.95e+02 (3.57e+01)
WARNING:root:Skip RandomAffine for zero-area mask in first frame after 1 tentatives
WARNING:root:Skip RandomAffine for zero-area mask in first frame after 1 tentatives
INFO 2026-09-28 11:15:52,998 train_utils.py: 271: Train Epoch: [3][1960/2110] | Batch Time: 0.09 (0.36) | Data Time: 0.00 (0.22) | Mem (GB): 2.00 (7.23/15.00) | Time Elapsed: 00d 00h 53m | Losses/train_all_loss: 2.46e-01 (3.56e+01)
WARNING:root:Skip RandomAffine for zero-area mask in first frame after 1 tentatives
WARNING:root:Skip RandomAffine for zero-area mask in first frame after 1 tentatives
WARNING:root:Skip RandomAffine for zero-area mask in first frame after 1 tentatives
WARNING:root:Skip RandomAffine for zero-area mask in first frame after 1 tentatives
WARNING:root:Skip RandomAffine for zero-area mask in first frame after 1 tentatives
INFO 2026-09-28 11:15:56,986 train_utils.py: 271: Train Epoch: [3][1970/2110] | Batch Time: 0.12 (0.36) | Data Time: 0.00 (0.22) | Mem (GB): 6.00 (7.23/15.00) | Time Elapsed: 00d 00h 53m | Losses/train_all_loss: 4.92e-01 (3.55e+01)
WARNING:root:Skip RandomAffine for zero-area mask in first frame after 1 tentatives
WARNING:root:Skip RandomAffine for zero-area mask in first frame after 1 tentatives
WARNING:root:Skip RandomAffine for zero-area mask in first frame after 1 tentatives
WARNING:root:Skip RandomAffine for zero-area mask in first frame after 1 tentatives
INFO 2026-09-28 11:16:02,026 train_utils.py: 271: Train Epoch: [3][1980/2110] | Batch Time: 0.17 (0.36) | Data Time: 0.00 (0.22) | Mem (GB): 10.00 (7.24/15.00) | Time Elapsed: 00d 00h 54m | Losses/train_all_loss: 4.50e+01 (3.54e+01)
WARNING:root:Skip RandomAffine for zero-area mask in first frame after 1 tentatives
WARNING:root:Skip RandomAffine for zero-area mask in first frame after 1 tentatives
INFO 2026-09-28 11:16:04,281 train_utils.py: 271: Train Epoch: [3][1990/2110] | Batch Time: 0.11 (0.36) | Data Time: 0.00 (0.22) | Mem (GB): 2.00 (7.24/15.00) | Time Elapsed: 00d 00h 54m | Losses/train_all_loss: 5.14e-01 (3.55e+01)
WARNING:root:Skip RandomAffine for zero-area mask in first frame after 1 tentatives
WARNING:root:Skip RandomAffine for zero-area mask in first frame after 1 tentatives
WARNING:root:Skip RandomAffine for zero-area mask in first frame after 1 tentatives
INFO 2026-09-28 11:16:07,688 train_utils.py: 271: Train Epoch: [3][2000/2110] | Batch Time: 0.18 (0.36) | Data Time: 0.00 (0.22) | Mem (GB): 9.00 (7.23/15.00) | Time Elapsed: 00d 00h 54m | Losses/train_all_loss: 7.44e-01 (3.55e+01)
WARNING:root:Skip RandomAffine for zero-area mask in first frame after 1 tentatives
WARNING:root:Skip RandomAffine for zero-area mask in first frame after 1 tentatives
WARNING:root:Skip RandomAffine for zero-area mask in first frame after 1 tentatives
INFO 2026-09-28 11:16:10,729 train_utils.py: 271: Train Epoch: [3][2010/2110] | Batch Time: 0.13 (0.36) | Data Time: 0.00 (0.22) | Mem (GB): 7.00 (7.22/15.00) | Time Elapsed: 00d 00h 54m | Losses/train_all_loss: 3.16e+01 (3.56e+01)
WARNING:root:Skip RandomAffine for zero-area mask in first frame after 1 tentatives
WARNING:root:Skip RandomAffine for zero-area mask in first frame after 1 tentatives
INFO 2026-09-28 11:16:14,294 train_utils.py: 271: Train Epoch: [3][2020/2110] | Batch Time: 0.17 (0.36) | Data Time: 0.02 (0.22) | Mem (GB): 9.00 (7.23/15.00) | Time Elapsed: 00d 00h 54m | Losses/train_all_loss: 4.87e+01 (3.55e+01)
WARNING:root:Skip RandomAffine for zero-area mask in first frame after 1 tentatives
WARNING:root:Skip RandomAffine for zero-area mask in first frame after 1 tentatives
WARNING:root:Skip RandomAffine for zero-area mask in first frame after 1 tentatives
WARNING:root:Skip RandomAffine for zero-area mask in first frame after 1 tentatives
WARNING:root:Skip RandomAffine for zero-area mask in first frame after 1 tentatives
INFO 2026-09-28 11:16:16,827 train_utils.py: 271: Train Epoch: [3][2030/2110] | Batch Time: 0.08 (0.36) | Data Time: 0.00 (0.22) | Mem (GB): 2.00 (7.23/15.00) | Time Elapsed: 00d 00h 54m | Losses/train_all_loss: 2.82e-01 (3.54e+01)
WARNING:root:Skip RandomAffine for zero-area mask in first frame after 1 tentatives
WARNING:root:Skip RandomAffine for zero-area mask in first frame after 1 tentatives
WARNING:root:Skip RandomAffine for zero-area mask in first frame after 1 tentatives
WARNING:root:Skip RandomAffine for zero-area mask in first frame after 1 tentatives
INFO 2026-09-28 11:16:20,847 train_utils.py: 271: Train Epoch: [3][2040/2110] | Batch Time: 0.12 (0.36) | Data Time: 0.00 (0.22) | Mem (GB): 4.00 (7.23/15.00) | Time Elapsed: 00d 00h 54m | Losses/train_all_loss: 1.42e-01 (3.53e+01)
WARNING:root:Skip RandomAffine for zero-area mask in first frame after 1 tentatives
WARNING:root:Skip RandomAffine for zero-area mask in first frame after 1 tentatives
WARNING:root:Skip RandomAffine for zero-area mask in first frame after 1 tentatives
INFO 2026-09-28 11:16:24,464 train_utils.py: 271: Train Epoch: [3][2050/2110] | Batch Time: 0.12 (0.36) | Data Time: 0.00 (0.22) | Mem (GB): 6.00 (7.23/15.00) | Time Elapsed: 00d 00h 54m | Losses/train_all_loss: 2.04e+00 (3.52e+01)
WARNING:root:Skip RandomAffine for zero-area mask in first frame after 1 tentatives
INFO 2026-09-28 11:16:27,442 train_utils.py: 271: Train Epoch: [3][2060/2110] | Batch Time: 0.14 (0.36) | Data Time: 0.00 (0.22) | Mem (GB): 8.00 (7.22/15.00) | Time Elapsed: 00d 00h 54m | Losses/train_all_loss: 2.11e-01 (3.51e+01)
WARNING:root:Skip RandomAffine for zero-area mask in first frame after 1 tentatives
WARNING:root:Skip RandomAffine for zero-area mask in first frame after 1 tentatives
INFO 2026-09-28 11:16:30,912 train_utils.py: 271: Train Epoch: [3][2070/2110] | Batch Time: 0.09 (0.36) | Data Time: 0.00 (0.22) | Mem (GB): 4.00 (7.21/15.00) | Time Elapsed: 00d 00h 54m | Losses/train_all_loss: 5.56e-01 (3.53e+01)
WARNING:root:Skip RandomAffine for zero-area mask in first frame after 1 tentatives
WARNING:root:Skip RandomAffine for zero-area mask in first frame after 1 tentatives
INFO 2026-09-28 11:16:33,583 train_utils.py: 271: Train Epoch: [3][2080/2110] | Batch Time: 0.11 (0.36) | Data Time: 0.00 (0.22) | Mem (GB): 6.00 (7.20/15.00) | Time Elapsed: 00d 00h 54m | Losses/train_all_loss: 6.17e+01 (3.55e+01)
WARNING:root:Skip RandomAffine for zero-area mask in first frame after 1 tentatives
WARNING:root:Skip RandomAffine for zero-area mask in first frame after 1 tentatives
WARNING:root:Skip RandomAffine for zero-area mask in first frame after 1 tentatives
INFO 2026-09-28 11:16:37,474 train_utils.py: 271: Train Epoch: [3][2090/2110] | Batch Time: 0.08 (0.36) | Data Time: 0.00 (0.22) | Mem (GB): 3.00 (7.20/15.00) | Time Elapsed: 00d 00h 54m | Losses/train_all_loss: 8.14e-01 (3.53e+01)
WARNING:root:Skip RandomAffine for zero-area mask in first frame after 1 tentatives
WARNING:root:Skip RandomAffine for zero-area mask in first frame after 1 tentatives
WARNING:root:Skip RandomAffine for zero-area mask in first frame after 1 tentatives
WARNING:root:Skip RandomAffine for zero-area mask in first frame after 1 tentatives
WARNING:root:Skip RandomAffine for zero-area mask in first frame after 1 tentatives
INFO 2026-09-28 11:16:41,341 train_utils.py: 271: Train Epoch: [3][2100/2110] | Batch Time: 0.73 (0.36) | Data Time: 0.59 (0.22) | Mem (GB): 5.00 (7.19/15.00) | Time Elapsed: 00d 00h 54m | Losses/train_all_loss: 3.98e-01 (3.52e+01)
INFO 2026-09-28 11:16:44,018 trainer.py: 950: Estimated time remaining: 00d 20h 10m
INFO 2026-09-28 11:16:44,024 trainer.py: 892: Synchronizing meters
INFO 2026-09-28 11:16:44,024 trainer.py: 830: Losses and meters: {'Losses/train_all_loss': 35.16833420316225, 'Losses/train_all_loss_mask': 1.7322248996534158, 'Losses/train_all_loss_dice': 0.13139668255205755, 'Losses/train_all_loss_iou': 0.0766649064755806, 'Losses/train_all_loss_class': 0.31577472340865104, 'Losses/train_all_core_loss': 35.16833420316225, 'Trainer/where': 0.03999526066350711, 'Trainer/epoch': 3, 'Trainer/steps_train': 8440}
INFO 2026-09-28 11:16:44,120 sam2_image_predictor.py: 102: For numpy array image, we assume (HxWxC) format
INFO 2026-09-28 11:16:44,140 sam2_image_predictor.py: 116: Computing image embeddings for the provided image...
INFO 2026-09-28 11:16:44,152 sam2_image_predictor.py: 129: Image embeddings computed.
INFO 2026-09-28 11:16:44,851 sam2_image_predictor.py: 102: For numpy array image, we assume (HxWxC) format
INFO 2026-09-28 11:16:44,869 sam2_image_predictor.py: 116: Computing image embeddings for the provided image...
INFO 2026-09-28 11:16:44,880 sam2_image_predictor.py: 129: Image embeddings computed.
INFO 2026-09-28 11:16:45,593 sam2_image_predictor.py: 102: For numpy array image, we assume (HxWxC) format
INFO 2026-09-28 11:16:45,624 sam2_image_predictor.py: 116: Computing image embeddings for the provided image...
INFO 2026-09-28 11:16:45,654 sam2_image_predictor.py: 129: Image embeddings computed.
INFO 2026-09-28 11:16:46,394 sam2_image_predictor.py: 102: For numpy array image, we assume (HxWxC) format
INFO 2026-09-28 11:16:46,411 sam2_image_predictor.py: 116: Computing image embeddings for the provided image...
INFO 2026-09-28 11:16:46,422 sam2_image_predictor.py: 129: Image embeddings computed.
INFO 2026-09-28 11:16:47,230 sam2_image_predictor.py: 102: For numpy array image, we assume (HxWxC) format
INFO 2026-09-28 11:16:47,241 sam2_image_predictor.py: 116: Computing image embeddings for the provided image...
INFO 2026-09-28 11:16:47,252 sam2_image_predictor.py: 129: Image embeddings computed.
INFO 2026-09-28 11:16:48,232 sam2_image_predictor.py: 102: For numpy array image, we assume (HxWxC) format
INFO 2026-09-28 11:16:48,250 sam2_image_predictor.py: 116: Computing image embeddings for the provided image...
INFO 2026-09-28 11:16:48,262 sam2_image_predictor.py: 129: Image embeddings computed.
INFO 2026-09-28 11:16:48,969 sam2_image_predictor.py: 102: For numpy array image, we assume (HxWxC) format
INFO 2026-09-28 11:16:48,992 sam2_image_predictor.py: 116: Computing image embeddings for the provided image...
INFO 2026-09-28 11:16:49,000 sam2_image_predictor.py: 129: Image embeddings computed.
INFO 2026-09-28 11:16:49,722 sam2_image_predictor.py: 102: For numpy array image, we assume (HxWxC) format
INFO 2026-09-28 11:16:49,755 sam2_image_predictor.py: 116: Computing image embeddings for the provided image...
INFO 2026-09-28 11:16:49,763 sam2_image_predictor.py: 129: Image embeddings computed.
INFO 2026-09-28 11:16:50,417 sam2_image_predictor.py: 102: For numpy array image, we assume (HxWxC) format
INFO 2026-09-28 11:16:50,434 sam2_image_predictor.py: 116: Computing image embeddings for the provided image...
INFO 2026-09-28 11:16:50,441 sam2_image_predictor.py: 129: Image embeddings computed.
INFO 2026-09-28 11:16:51,040 sam2_image_predictor.py: 102: For numpy array image, we assume (HxWxC) format
INFO 2026-09-28 11:16:51,052 sam2_image_predictor.py: 116: Computing image embeddings for the provided image...
INFO 2026-09-28 11:16:51,060 sam2_image_predictor.py: 129: Image embeddings computed.
INFO 2026-09-28 11:16:51,615 sam2_image_predictor.py: 102: For numpy array image, we assume (HxWxC) format
INFO 2026-09-28 11:16:51,622 sam2_image_predictor.py: 116: Computing image embeddings for the provided image...
INFO 2026-09-28 11:16:51,630 sam2_image_predictor.py: 129: Image embeddings computed.
INFO 2026-09-28 11:16:52,198 sam2_image_predictor.py: 102: For numpy array image, we assume (HxWxC) format
INFO 2026-09-28 11:16:52,220 sam2_image_predictor.py: 116: Computing image embeddings for the provided image...
INFO 2026-09-28 11:16:52,228 sam2_image_predictor.py: 129: Image embeddings computed.
INFO 2026-09-28 11:16:52,831 sam2_image_predictor.py: 102: For numpy array image, we assume (HxWxC) format
INFO 2026-09-28 11:16:52,853 sam2_image_predictor.py: 116: Computing image embeddings for the provided image...
INFO 2026-09-28 11:16:52,861 sam2_image_predictor.py: 129: Image embeddings computed.
INFO 2026-09-28 11:16:53,444 sam2_image_predictor.py: 102: For numpy array image, we assume (HxWxC) format
INFO 2026-09-28 11:16:53,450 sam2_image_predictor.py: 116: Computing image embeddings for the provided image...
INFO 2026-09-28 11:16:53,458 sam2_image_predictor.py: 129: Image embeddings computed.
INFO 2026-09-28 11:16:54,013 sam2_image_predictor.py: 102: For numpy array image, we assume (HxWxC) format
INFO 2026-09-28 11:16:54,043 sam2_image_predictor.py: 116: Computing image embeddings for the provided image...
INFO 2026-09-28 11:16:54,051 sam2_image_predictor.py: 129: Image embeddings computed.
INFO 2026-09-28 11:16:54,647 sam2_image_predictor.py: 102: For numpy array image, we assume (HxWxC) format
INFO 2026-09-28 11:16:54,668 sam2_image_predictor.py: 116: Computing image embeddings for the provided image...
INFO 2026-09-28 11:16:54,677 sam2_image_predictor.py: 129: Image embeddings computed.
INFO 2026-09-28 11:16:55,290 sam2_image_predictor.py: 102: For numpy array image, we assume (HxWxC) format
INFO 2026-09-28 11:16:55,341 sam2_image_predictor.py: 116: Computing image embeddings for the provided image...
INFO 2026-09-28 11:16:55,354 sam2_image_predictor.py: 129: Image embeddings computed.
INFO 2026-09-28 11:16:55,942 sam2_image_predictor.py: 102: For numpy array image, we assume (HxWxC) format
INFO 2026-09-28 11:16:55,959 sam2_image_predictor.py: 116: Computing image embeddings for the provided image...
INFO 2026-09-28 11:16:55,967 sam2_image_predictor.py: 129: Image embeddings computed.
INFO 2026-09-28 11:16:56,564 sam2_image_predictor.py: 102: For numpy array image, we assume (HxWxC) format
INFO 2026-09-28 11:16:56,650 sam2_image_predictor.py: 116: Computing image embeddings for the provided image...
INFO 2026-09-28 11:16:56,658 sam2_image_predictor.py: 129: Image embeddings computed.
INFO 2026-09-28 11:16:57,281 sam2_image_predictor.py: 102: For numpy array image, we assume (HxWxC) format
INFO 2026-09-28 11:16:57,287 sam2_image_predictor.py: 116: Computing image embeddings for the provided image...
INFO 2026-09-28 11:16:57,295 sam2_image_predictor.py: 129: Image embeddings computed.
INFO 2026-09-28 11:16:57,882 best_coco_trainer.py: 114: COCO eval rank 0: 20/100 images
INFO 2026-09-28 11:16:57,902 sam2_image_predictor.py: 102: For numpy array image, we assume (HxWxC) format
INFO 2026-09-28 11:16:57,930 sam2_image_predictor.py: 116: Computing image embeddings for the provided image...
INFO 2026-09-28 11:16:57,938 sam2_image_predictor.py: 129: Image embeddings computed.
INFO 2026-09-28 11:16:58,564 sam2_image_predictor.py: 102: For numpy array image, we assume (HxWxC) format
INFO 2026-09-28 11:16:58,594 sam2_image_predictor.py: 116: Computing image embeddings for the provided image...
INFO 2026-09-28 11:16:58,602 sam2_image_predictor.py: 129: Image embeddings computed.
INFO 2026-09-28 11:16:59,307 sam2_image_predictor.py: 102: For numpy array image, we assume (HxWxC) format
INFO 2026-09-28 11:16:59,325 sam2_image_predictor.py: 116: Computing image embeddings for the provided image...
INFO 2026-09-28 11:16:59,333 sam2_image_predictor.py: 129: Image embeddings computed.
INFO 2026-09-28 11:16:59,948 sam2_image_predictor.py: 102: For numpy array image, we assume (HxWxC) format
INFO 2026-09-28 11:16:59,979 sam2_image_predictor.py: 116: Computing image embeddings for the provided image...
INFO 2026-09-28 11:17:00,049 sam2_image_predictor.py: 129: Image embeddings computed.
INFO 2026-09-28 11:17:00,679 sam2_image_predictor.py: 102: For numpy array image, we assume (HxWxC) format
INFO 2026-09-28 11:17:00,684 sam2_image_predictor.py: 116: Computing image embeddings for the provided image...
INFO 2026-09-28 11:17:00,692 sam2_image_predictor.py: 129: Image embeddings computed.
INFO 2026-09-28 11:17:01,232 sam2_image_predictor.py: 102: For numpy array image, we assume (HxWxC) format
INFO 2026-09-28 11:17:01,263 sam2_image_predictor.py: 116: Computing image embeddings for the provided image...
INFO 2026-09-28 11:17:01,271 sam2_image_predictor.py: 129: Image embeddings computed.
INFO 2026-09-28 11:17:01,900 sam2_image_predictor.py: 102: For numpy array image, we assume (HxWxC) format
INFO 2026-09-28 11:17:01,911 sam2_image_predictor.py: 116: Computing image embeddings for the provided image...
INFO 2026-09-28 11:17:01,919 sam2_image_predictor.py: 129: Image embeddings computed.
INFO 2026-09-28 11:17:02,462 sam2_image_predictor.py: 102: For numpy array image, we assume (HxWxC) format
INFO 2026-09-28 11:17:02,467 sam2_image_predictor.py: 116: Computing image embeddings for the provided image...
INFO 2026-09-28 11:17:02,475 sam2_image_predictor.py: 129: Image embeddings computed.
INFO 2026-09-28 11:17:02,995 sam2_image_predictor.py: 102: For numpy array image, we assume (HxWxC) format
INFO 2026-09-28 11:17:03,017 sam2_image_predictor.py: 116: Computing image embeddings for the provided image...
INFO 2026-09-28 11:17:03,026 sam2_image_predictor.py: 129: Image embeddings computed.
INFO 2026-09-28 11:17:03,636 sam2_image_predictor.py: 102: For numpy array image, we assume (HxWxC) format
INFO 2026-09-28 11:17:03,658 sam2_image_predictor.py: 116: Computing image embeddings for the provided image...
INFO 2026-09-28 11:17:03,666 sam2_image_predictor.py: 129: Image embeddings computed.
INFO 2026-09-28 11:17:04,413 sam2_image_predictor.py: 102: For numpy array image, we assume (HxWxC) format
INFO 2026-09-28 11:17:04,448 sam2_image_predictor.py: 116: Computing image embeddings for the provided image...
INFO 2026-09-28 11:17:04,456 sam2_image_predictor.py: 129: Image embeddings computed.
INFO 2026-09-28 11:17:05,185 sam2_image_predictor.py: 102: For numpy array image, we assume (HxWxC) format
INFO 2026-09-28 11:17:05,203 sam2_image_predictor.py: 116: Computing image embeddings for the provided image...
INFO 2026-09-28 11:17:05,210 sam2_image_predictor.py: 129: Image embeddings computed.
INFO 2026-09-28 11:17:05,975 sam2_image_predictor.py: 102: For numpy array image, we assume (HxWxC) format
INFO 2026-09-28 11:17:06,007 sam2_image_predictor.py: 116: Computing image embeddings for the provided image...
INFO 2026-09-28 11:17:06,049 sam2_image_predictor.py: 129: Image embeddings computed.
INFO 2026-09-28 11:17:06,779 sam2_image_predictor.py: 102: For numpy array image, we assume (HxWxC) format
INFO 2026-09-28 11:17:06,800 sam2_image_predictor.py: 116: Computing image embeddings for the provided image...
INFO 2026-09-28 11:17:06,808 sam2_image_predictor.py: 129: Image embeddings computed.
INFO 2026-09-28 11:17:07,465 sam2_image_predictor.py: 102: For numpy array image, we assume (HxWxC) format
INFO 2026-09-28 11:17:07,484 sam2_image_predictor.py: 116: Computing image embeddings for the provided image...
INFO 2026-09-28 11:17:07,492 sam2_image_predictor.py: 129: Image embeddings computed.
INFO 2026-09-28 11:17:08,118 sam2_image_predictor.py: 102: For numpy array image, we assume (HxWxC) format
INFO 2026-09-28 11:17:08,138 sam2_image_predictor.py: 116: Computing image embeddings for the provided image...
INFO 2026-09-28 11:17:08,146 sam2_image_predictor.py: 129: Image embeddings computed.
INFO 2026-09-28 11:17:08,756 sam2_image_predictor.py: 102: For numpy array image, we assume (HxWxC) format
INFO 2026-09-28 11:17:08,788 sam2_image_predictor.py: 116: Computing image embeddings for the provided image...
INFO 2026-09-28 11:17:08,848 sam2_image_predictor.py: 129: Image embeddings computed.
INFO 2026-09-28 11:17:09,516 sam2_image_predictor.py: 102: For numpy array image, we assume (HxWxC) format
INFO 2026-09-28 11:17:09,533 sam2_image_predictor.py: 116: Computing image embeddings for the provided image...
INFO 2026-09-28 11:17:09,541 sam2_image_predictor.py: 129: Image embeddings computed.
INFO 2026-09-28 11:17:10,173 sam2_image_predictor.py: 102: For numpy array image, we assume (HxWxC) format
INFO 2026-09-28 11:17:10,179 sam2_image_predictor.py: 116: Computing image embeddings for the provided image...
INFO 2026-09-28 11:17:10,188 sam2_image_predictor.py: 129: Image embeddings computed.
INFO 2026-09-28 11:17:10,864 sam2_image_predictor.py: 102: For numpy array image, we assume (HxWxC) format
INFO 2026-09-28 11:17:10,877 sam2_image_predictor.py: 116: Computing image embeddings for the provided image...
INFO 2026-09-28 11:17:10,886 sam2_image_predictor.py: 129: Image embeddings computed.
INFO 2026-09-28 11:17:11,500 best_coco_trainer.py: 114: COCO eval rank 0: 40/100 images
INFO 2026-09-28 11:17:11,520 sam2_image_predictor.py: 102: For numpy array image, we assume (HxWxC) format
INFO 2026-09-28 11:17:11,540 sam2_image_predictor.py: 116: Computing image embeddings for the provided image...
INFO 2026-09-28 11:17:11,549 sam2_image_predictor.py: 129: Image embeddings computed.
INFO 2026-09-28 11:17:12,223 sam2_image_predictor.py: 102: For numpy array image, we assume (HxWxC) format
INFO 2026-09-28 11:17:12,239 sam2_image_predictor.py: 116: Computing image embeddings for the provided image...
INFO 2026-09-28 11:17:12,247 sam2_image_predictor.py: 129: Image embeddings computed.
INFO 2026-09-28 11:17:12,875 sam2_image_predictor.py: 102: For numpy array image, we assume (HxWxC) format
INFO 2026-09-28 11:17:12,881 sam2_image_predictor.py: 116: Computing image embeddings for the provided image...
INFO 2026-09-28 11:17:12,889 sam2_image_predictor.py: 129: Image embeddings computed.
INFO 2026-09-28 11:17:13,425 sam2_image_predictor.py: 102: For numpy array image, we assume (HxWxC) format
INFO 2026-09-28 11:17:13,431 sam2_image_predictor.py: 116: Computing image embeddings for the provided image...
INFO 2026-09-28 11:17:13,442 sam2_image_predictor.py: 129: Image embeddings computed.
INFO 2026-09-28 11:17:13,982 sam2_image_predictor.py: 102: For numpy array image, we assume (HxWxC) format
INFO 2026-09-28 11:17:13,989 sam2_image_predictor.py: 116: Computing image embeddings for the provided image...
INFO 2026-09-28 11:17:13,997 sam2_image_predictor.py: 129: Image embeddings computed.
INFO 2026-09-28 11:17:14,581 sam2_image_predictor.py: 102: For numpy array image, we assume (HxWxC) format
INFO 2026-09-28 11:17:14,595 sam2_image_predictor.py: 116: Computing image embeddings for the provided image...
INFO 2026-09-28 11:17:14,603 sam2_image_predictor.py: 129: Image embeddings computed.
INFO 2026-09-28 11:17:15,123 sam2_image_predictor.py: 102: For numpy array image, we assume (HxWxC) format
INFO 2026-09-28 11:17:15,133 sam2_image_predictor.py: 116: Computing image embeddings for the provided image...
INFO 2026-09-28 11:17:15,142 sam2_image_predictor.py: 129: Image embeddings computed.
INFO 2026-09-28 11:17:15,686 sam2_image_predictor.py: 102: For numpy array image, we assume (HxWxC) format
INFO 2026-09-28 11:17:15,702 sam2_image_predictor.py: 116: Computing image embeddings for the provided image...
INFO 2026-09-28 11:17:15,711 sam2_image_predictor.py: 129: Image embeddings computed.
INFO 2026-09-28 11:17:16,270 sam2_image_predictor.py: 102: For numpy array image, we assume (HxWxC) format
INFO 2026-09-28 11:17:16,279 sam2_image_predictor.py: 116: Computing image embeddings for the provided image...
INFO 2026-09-28 11:17:16,288 sam2_image_predictor.py: 129: Image embeddings computed.
INFO 2026-09-28 11:17:16,865 sam2_image_predictor.py: 102: For numpy array image, we assume (HxWxC) format
INFO 2026-09-28 11:17:16,883 sam2_image_predictor.py: 116: Computing image embeddings for the provided image...
INFO 2026-09-28 11:17:16,891 sam2_image_predictor.py: 129: Image embeddings computed.
INFO 2026-09-28 11:17:17,507 sam2_image_predictor.py: 102: For numpy array image, we assume (HxWxC) format
INFO 2026-09-28 11:17:17,541 sam2_image_predictor.py: 116: Computing image embeddings for the provided image...
INFO 2026-09-28 11:17:17,549 sam2_image_predictor.py: 129: Image embeddings computed.
INFO 2026-09-28 11:17:18,227 sam2_image_predictor.py: 102: For numpy array image, we assume (HxWxC) format
INFO 2026-09-28 11:17:18,256 sam2_image_predictor.py: 116: Computing image embeddings for the provided image...
INFO 2026-09-28 11:17:18,264 sam2_image_predictor.py: 129: Image embeddings computed.
INFO 2026-09-28 11:17:18,855 sam2_image_predictor.py: 102: For numpy array image, we assume (HxWxC) format
INFO 2026-09-28 11:17:18,872 sam2_image_predictor.py: 116: Computing image embeddings for the provided image...
INFO 2026-09-28 11:17:18,880 sam2_image_predictor.py: 129: Image embeddings computed.
INFO 2026-09-28 11:17:19,483 sam2_image_predictor.py: 102: For numpy array image, we assume (HxWxC) format
INFO 2026-09-28 11:17:19,489 sam2_image_predictor.py: 116: Computing image embeddings for the provided image...
INFO 2026-09-28 11:17:19,498 sam2_image_predictor.py: 129: Image embeddings computed.
INFO 2026-09-28 11:17:20,038 sam2_image_predictor.py: 102: For numpy array image, we assume (HxWxC) format
INFO 2026-09-28 11:17:20,043 sam2_image_predictor.py: 116: Computing image embeddings for the provided image...
INFO 2026-09-28 11:17:20,051 sam2_image_predictor.py: 129: Image embeddings computed.
INFO 2026-09-28 11:17:20,581 sam2_image_predictor.py: 102: For numpy array image, we assume (HxWxC) format
INFO 2026-09-28 11:17:20,599 sam2_image_predictor.py: 116: Computing image embeddings for the provided image...
INFO 2026-09-28 11:17:20,607 sam2_image_predictor.py: 129: Image embeddings computed.
INFO 2026-09-28 11:17:21,212 sam2_image_predictor.py: 102: For numpy array image, we assume (HxWxC) format
INFO 2026-09-28 11:17:21,219 sam2_image_predictor.py: 116: Computing image embeddings for the provided image...
INFO 2026-09-28 11:17:21,227 sam2_image_predictor.py: 129: Image embeddings computed.
INFO 2026-09-28 11:17:21,777 sam2_image_predictor.py: 102: For numpy array image, we assume (HxWxC) format
INFO 2026-09-28 11:17:21,843 sam2_image_predictor.py: 116: Computing image embeddings for the provided image...
INFO 2026-09-28 11:17:21,852 sam2_image_predictor.py: 129: Image embeddings computed.
INFO 2026-09-28 11:17:22,486 sam2_image_predictor.py: 102: For numpy array image, we assume (HxWxC) format
INFO 2026-09-28 11:17:22,515 sam2_image_predictor.py: 116: Computing image embeddings for the provided image...
INFO 2026-09-28 11:17:22,546 sam2_image_predictor.py: 129: Image embeddings computed.
INFO 2026-09-28 11:17:23,192 sam2_image_predictor.py: 102: For numpy array image, we assume (HxWxC) format
INFO 2026-09-28 11:17:23,209 sam2_image_predictor.py: 116: Computing image embeddings for the provided image...
INFO 2026-09-28 11:17:23,217 sam2_image_predictor.py: 129: Image embeddings computed.
INFO 2026-09-28 11:17:23,884 best_coco_trainer.py: 114: COCO eval rank 0: 60/100 images
INFO 2026-09-28 11:17:23,909 sam2_image_predictor.py: 102: For numpy array image, we assume (HxWxC) format
INFO 2026-09-28 11:17:23,938 sam2_image_predictor.py: 116: Computing image embeddings for the provided image...
INFO 2026-09-28 11:17:23,947 sam2_image_predictor.py: 129: Image embeddings computed.
INFO 2026-09-28 11:17:24,600 sam2_image_predictor.py: 102: For numpy array image, we assume (HxWxC) format
INFO 2026-09-28 11:17:24,619 sam2_image_predictor.py: 116: Computing image embeddings for the provided image...
INFO 2026-09-28 11:17:24,627 sam2_image_predictor.py: 129: Image embeddings computed.
INFO 2026-09-28 11:17:25,240 sam2_image_predictor.py: 102: For numpy array image, we assume (HxWxC) format
INFO 2026-09-28 11:17:25,246 sam2_image_predictor.py: 116: Computing image embeddings for the provided image...
INFO 2026-09-28 11:17:25,254 sam2_image_predictor.py: 129: Image embeddings computed.
INFO 2026-09-28 11:17:25,817 sam2_image_predictor.py: 102: For numpy array image, we assume (HxWxC) format
INFO 2026-09-28 11:17:25,824 sam2_image_predictor.py: 116: Computing image embeddings for the provided image...
INFO 2026-09-28 11:17:25,832 sam2_image_predictor.py: 129: Image embeddings computed.
INFO 2026-09-28 11:17:26,386 sam2_image_predictor.py: 102: For numpy array image, we assume (HxWxC) format
INFO 2026-09-28 11:17:26,391 sam2_image_predictor.py: 116: Computing image embeddings for the provided image...
INFO 2026-09-28 11:17:26,399 sam2_image_predictor.py: 129: Image embeddings computed.
INFO 2026-09-28 11:17:26,904 sam2_image_predictor.py: 102: For numpy array image, we assume (HxWxC) format
INFO 2026-09-28 11:17:26,909 sam2_image_predictor.py: 116: Computing image embeddings for the provided image...
INFO 2026-09-28 11:17:26,917 sam2_image_predictor.py: 129: Image embeddings computed.
INFO 2026-09-28 11:17:27,465 sam2_image_predictor.py: 102: For numpy array image, we assume (HxWxC) format
INFO 2026-09-28 11:17:27,471 sam2_image_predictor.py: 116: Computing image embeddings for the provided image...
INFO 2026-09-28 11:17:27,479 sam2_image_predictor.py: 129: Image embeddings computed.
INFO 2026-09-28 11:17:28,021 sam2_image_predictor.py: 102: For numpy array image, we assume (HxWxC) format
INFO 2026-09-28 11:17:28,027 sam2_image_predictor.py: 116: Computing image embeddings for the provided image...
INFO 2026-09-28 11:17:28,035 sam2_image_predictor.py: 129: Image embeddings computed.
INFO 2026-09-28 11:17:28,590 sam2_image_predictor.py: 102: For numpy array image, we assume (HxWxC) format
INFO 2026-09-28 11:17:28,643 sam2_image_predictor.py: 116: Computing image embeddings for the provided image...
INFO 2026-09-28 11:17:28,651 sam2_image_predictor.py: 129: Image embeddings computed.
INFO 2026-09-28 11:17:29,274 sam2_image_predictor.py: 102: For numpy array image, we assume (HxWxC) format
INFO 2026-09-28 11:17:29,293 sam2_image_predictor.py: 116: Computing image embeddings for the provided image...
INFO 2026-09-28 11:17:29,301 sam2_image_predictor.py: 129: Image embeddings computed.
INFO 2026-09-28 11:17:29,908 sam2_image_predictor.py: 102: For numpy array image, we assume (HxWxC) format
INFO 2026-09-28 11:17:29,946 sam2_image_predictor.py: 116: Computing image embeddings for the provided image...
INFO 2026-09-28 11:17:29,955 sam2_image_predictor.py: 129: Image embeddings computed.
INFO 2026-09-28 11:17:30,602 sam2_image_predictor.py: 102: For numpy array image, we assume (HxWxC) format
INFO 2026-09-28 11:17:30,623 sam2_image_predictor.py: 116: Computing image embeddings for the provided image...
INFO 2026-09-28 11:17:30,632 sam2_image_predictor.py: 129: Image embeddings computed.
INFO 2026-09-28 11:17:31,310 sam2_image_predictor.py: 102: For numpy array image, we assume (HxWxC) format
INFO 2026-09-28 11:17:31,324 sam2_image_predictor.py: 116: Computing image embeddings for the provided image...
INFO 2026-09-28 11:17:31,332 sam2_image_predictor.py: 129: Image embeddings computed.
INFO 2026-09-28 11:17:32,091 sam2_image_predictor.py: 102: For numpy array image, we assume (HxWxC) format
INFO 2026-09-28 11:17:32,116 sam2_image_predictor.py: 116: Computing image embeddings for the provided image...
INFO 2026-09-28 11:17:32,124 sam2_image_predictor.py: 129: Image embeddings computed.
INFO 2026-09-28 11:17:32,706 sam2_image_predictor.py: 102: For numpy array image, we assume (HxWxC) format
INFO 2026-09-28 11:17:32,724 sam2_image_predictor.py: 116: Computing image embeddings for the provided image...
INFO 2026-09-28 11:17:32,734 sam2_image_predictor.py: 129: Image embeddings computed.
INFO 2026-09-28 11:17:33,360 sam2_image_predictor.py: 102: For numpy array image, we assume (HxWxC) format
INFO 2026-09-28 11:17:33,390 sam2_image_predictor.py: 116: Computing image embeddings for the provided image...
INFO 2026-09-28 11:17:33,444 sam2_image_predictor.py: 129: Image embeddings computed.
INFO 2026-09-28 11:17:34,042 sam2_image_predictor.py: 102: For numpy array image, we assume (HxWxC) format
INFO 2026-09-28 11:17:34,057 sam2_image_predictor.py: 116: Computing image embeddings for the provided image...
INFO 2026-09-28 11:17:34,065 sam2_image_predictor.py: 129: Image embeddings computed.
INFO 2026-09-28 11:17:34,713 sam2_image_predictor.py: 102: For numpy array image, we assume (HxWxC) format
INFO 2026-09-28 11:17:34,741 sam2_image_predictor.py: 116: Computing image embeddings for the provided image...
INFO 2026-09-28 11:17:34,749 sam2_image_predictor.py: 129: Image embeddings computed.
INFO 2026-09-28 11:17:35,347 sam2_image_predictor.py: 102: For numpy array image, we assume (HxWxC) format
INFO 2026-09-28 11:17:35,352 sam2_image_predictor.py: 116: Computing image embeddings for the provided image...
INFO 2026-09-28 11:17:35,360 sam2_image_predictor.py: 129: Image embeddings computed.
INFO 2026-09-28 11:17:35,909 sam2_image_predictor.py: 102: For numpy array image, we assume (HxWxC) format
INFO 2026-09-28 11:17:35,929 sam2_image_predictor.py: 116: Computing image embeddings for the provided image...
INFO 2026-09-28 11:17:35,937 sam2_image_predictor.py: 129: Image embeddings computed.
INFO 2026-09-28 11:17:36,628 best_coco_trainer.py: 114: COCO eval rank 0: 80/100 images
INFO 2026-09-28 11:17:36,652 sam2_image_predictor.py: 102: For numpy array image, we assume (HxWxC) format
INFO 2026-09-28 11:17:36,741 sam2_image_predictor.py: 116: Computing image embeddings for the provided image...
INFO 2026-09-28 11:17:36,753 sam2_image_predictor.py: 129: Image embeddings computed.
INFO 2026-09-28 11:17:37,488 sam2_image_predictor.py: 102: For numpy array image, we assume (HxWxC) format
INFO 2026-09-28 11:17:37,493 sam2_image_predictor.py: 116: Computing image embeddings for the provided image...
INFO 2026-09-28 11:17:37,506 sam2_image_predictor.py: 129: Image embeddings computed.
INFO 2026-09-28 11:17:38,082 sam2_image_predictor.py: 102: For numpy array image, we assume (HxWxC) format
INFO 2026-09-28 11:17:38,099 sam2_image_predictor.py: 116: Computing image embeddings for the provided image...
INFO 2026-09-28 11:17:38,110 sam2_image_predictor.py: 129: Image embeddings computed.
INFO 2026-09-28 11:17:38,703 sam2_image_predictor.py: 102: For numpy array image, we assume (HxWxC) format
INFO 2026-09-28 11:17:38,741 sam2_image_predictor.py: 116: Computing image embeddings for the provided image...
INFO 2026-09-28 11:17:38,752 sam2_image_predictor.py: 129: Image embeddings computed.
INFO 2026-09-28 11:17:39,637 sam2_image_predictor.py: 102: For numpy array image, we assume (HxWxC) format
INFO 2026-09-28 11:17:39,668 sam2_image_predictor.py: 116: Computing image embeddings for the provided image...
INFO 2026-09-28 11:17:39,687 sam2_image_predictor.py: 129: Image embeddings computed.
INFO 2026-09-28 11:17:40,471 sam2_image_predictor.py: 102: For numpy array image, we assume (HxWxC) format
INFO 2026-09-28 11:17:40,489 sam2_image_predictor.py: 116: Computing image embeddings for the provided image...
INFO 2026-09-28 11:17:40,499 sam2_image_predictor.py: 129: Image embeddings computed.
INFO 2026-09-28 11:17:41,331 sam2_image_predictor.py: 102: For numpy array image, we assume (HxWxC) format
INFO 2026-09-28 11:17:41,355 sam2_image_predictor.py: 116: Computing image embeddings for the provided image...
INFO 2026-09-28 11:17:41,367 sam2_image_predictor.py: 129: Image embeddings computed.
INFO 2026-09-28 11:17:42,017 sam2_image_predictor.py: 102: For numpy array image, we assume (HxWxC) format
INFO 2026-09-28 11:17:42,032 sam2_image_predictor.py: 116: Computing image embeddings for the provided image...
INFO 2026-09-28 11:17:42,043 sam2_image_predictor.py: 129: Image embeddings computed.
INFO 2026-09-28 11:17:42,712 sam2_image_predictor.py: 102: For numpy array image, we assume (HxWxC) format
INFO 2026-09-28 11:17:42,740 sam2_image_predictor.py: 116: Computing image embeddings for the provided image...
INFO 2026-09-28 11:17:42,760 sam2_image_predictor.py: 129: Image embeddings computed.
INFO 2026-09-28 11:17:43,495 sam2_image_predictor.py: 102: For numpy array image, we assume (HxWxC) format
INFO 2026-09-28 11:17:43,515 sam2_image_predictor.py: 116: Computing image embeddings for the provided image...
INFO 2026-09-28 11:17:43,526 sam2_image_predictor.py: 129: Image embeddings computed.
INFO 2026-09-28 11:17:44,216 sam2_image_predictor.py: 102: For numpy array image, we assume (HxWxC) format
INFO 2026-09-28 11:17:44,353 sam2_image_predictor.py: 116: Computing image embeddings for the provided image...
INFO 2026-09-28 11:17:44,362 sam2_image_predictor.py: 129: Image embeddings computed.
INFO 2026-09-28 11:17:44,994 sam2_image_predictor.py: 102: For numpy array image, we assume (HxWxC) format
INFO 2026-09-28 11:17:45,007 sam2_image_predictor.py: 116: Computing image embeddings for the provided image...
INFO 2026-09-28 11:17:45,014 sam2_image_predictor.py: 129: Image embeddings computed.
INFO 2026-09-28 11:17:45,644 sam2_image_predictor.py: 102: For numpy array image, we assume (HxWxC) format
INFO 2026-09-28 11:17:45,665 sam2_image_predictor.py: 116: Computing image embeddings for the provided image...
INFO 2026-09-28 11:17:45,673 sam2_image_predictor.py: 129: Image embeddings computed.
INFO 2026-09-28 11:17:46,298 sam2_image_predictor.py: 102: For numpy array image, we assume (HxWxC) format
INFO 2026-09-28 11:17:46,310 sam2_image_predictor.py: 116: Computing image embeddings for the provided image...
INFO 2026-09-28 11:17:46,318 sam2_image_predictor.py: 129: Image embeddings computed.
INFO 2026-09-28 11:17:46,965 sam2_image_predictor.py: 102: For numpy array image, we assume (HxWxC) format
INFO 2026-09-28 11:17:46,987 sam2_image_predictor.py: 116: Computing image embeddings for the provided image...
INFO 2026-09-28 11:17:46,995 sam2_image_predictor.py: 129: Image embeddings computed.
INFO 2026-09-28 11:17:47,629 sam2_image_predictor.py: 102: For numpy array image, we assume (HxWxC) format
INFO 2026-09-28 11:17:47,651 sam2_image_predictor.py: 116: Computing image embeddings for the provided image...
INFO 2026-09-28 11:17:47,660 sam2_image_predictor.py: 129: Image embeddings computed.
INFO 2026-09-28 11:17:48,342 sam2_image_predictor.py: 102: For numpy array image, we assume (HxWxC) format
INFO 2026-09-28 11:17:48,366 sam2_image_predictor.py: 116: Computing image embeddings for the provided image...
INFO 2026-09-28 11:17:48,374 sam2_image_predictor.py: 129: Image embeddings computed.
INFO 2026-09-28 11:17:49,039 sam2_image_predictor.py: 102: For numpy array image, we assume (HxWxC) format
INFO 2026-09-28 11:17:49,067 sam2_image_predictor.py: 116: Computing image embeddings for the provided image...
INFO 2026-09-28 11:17:49,080 sam2_image_predictor.py: 129: Image embeddings computed.
INFO 2026-09-28 11:17:49,751 sam2_image_predictor.py: 102: For numpy array image, we assume (HxWxC) format
INFO 2026-09-28 11:17:49,780 sam2_image_predictor.py: 116: Computing image embeddings for the provided image...
INFO 2026-09-28 11:17:49,791 sam2_image_predictor.py: 129: Image embeddings computed.
INFO 2026-09-28 11:17:50,571 sam2_image_predictor.py: 102: For numpy array image, we assume (HxWxC) format
INFO 2026-09-28 11:17:50,589 sam2_image_predictor.py: 116: Computing image embeddings for the provided image...
INFO 2026-09-28 11:17:50,600 sam2_image_predictor.py: 129: Image embeddings computed.
INFO 2026-09-28 11:17:51,248 best_coco_trainer.py: 114: COCO eval rank 0: 100/100 images
INFO 2026-09-28 11:17:52,208 best_coco_trainer.py: 181: Epoch 4: AP=16.7546; best=16.7546; saved=True
INFO 2026-09-28 11:17:56,962 train_utils.py: 271: Train Epoch: [4][   0/2110] | Batch Time: 4.57 (4.57) | Data Time: 4.44 (4.44) | Mem (GB): 5.00 (5.00/5.00) | Time Elapsed: 00d 00h 55m | Losses/train_all_loss: 2.03e-01 (2.03e-01)
WARNING:root:Skip RandomAffine for zero-area mask in first frame after 1 tentatives
WARNING:root:Skip RandomAffine for zero-area mask in first frame after 1 tentatives
WARNING:root:Skip RandomAffine for zero-area mask in first frame after 1 tentatives
WARNING:root:Skip RandomAffine for zero-area mask in first frame after 1 tentatives
WARNING:root:Skip RandomAffine for zero-area mask in first frame after 1 tentatives
INFO 2026-09-28 11:18:03,352 train_utils.py: 271: Train Epoch: [4][  10/2110] | Batch Time: 0.11 (1.00) | Data Time: 0.00 (0.85) | Mem (GB): 5.00 (8.00/15.00) | Time Elapsed: 00d 00h 56m | Losses/train_all_loss: 1.50e+01 (3.05e+01)
WARNING:root:Skip RandomAffine for zero-area mask in first frame after 1 tentatives
WARNING:root:Skip RandomAffine for zero-area mask in first frame after 1 tentatives
WARNING:root:Skip RandomAffine for zero-area mask in first frame after 1 tentatives
WARNING:root:Skip RandomAffine for zero-area mask in first frame after 1 tentatives
INFO 2026-09-28 11:18:09,130 train_utils.py: 271: Train Epoch: [4][  20/2110] | Batch Time: 0.13 (0.80) | Data Time: 0.00 (0.65) | Mem (GB): 7.00 (7.76/15.00) | Time Elapsed: 00d 00h 56m | Losses/train_all_loss: 9.62e+00 (2.90e+01)
WARNING:root:Skip RandomAffine for zero-area mask in first frame after 1 tentatives
WARNING:root:Skip RandomAffine for zero-area mask in first frame after 1 tentatives
WARNING:root:Skip RandomAffine for zero-area mask in first frame after 1 tentatives
WARNING:root:Skip RandomAffine for zero-area mask in first frame after 1 tentatives
WARNING:root:Skip RandomAffine for zero-area mask in first frame after 1 tentatives
INFO 2026-09-28 11:18:13,571 train_utils.py: 271: Train Epoch: [4][  30/2110] | Batch Time: 0.12 (0.68) | Data Time: 0.00 (0.54) | Mem (GB): 6.00 (7.55/15.00) | Time Elapsed: 00d 00h 56m | Losses/train_all_loss: 2.30e-01 (2.83e+01)
WARNING:root:Skip RandomAffine for zero-area mask in first frame after 1 tentatives
WARNING:root:Skip RandomAffine for zero-area mask in first frame after 1 tentatives
INFO 2026-09-28 11:18:18,476 train_utils.py: 271: Train Epoch: [4][  40/2110] | Batch Time: 1.81 (0.64) | Data Time: 1.58 (0.49) | Mem (GB): 15.00 (7.90/15.00) | Time Elapsed: 00d 00h 56m | Losses/train_all_loss: 1.20e+01 (2.66e+01)
WARNING:root:Skip RandomAffine for zero-area mask in first frame after 1 tentatives
WARNING:root:Skip RandomAffine for zero-area mask in first frame after 1 tentatives
INFO 2026-09-28 11:18:23,352 train_utils.py: 271: Train Epoch: [4][  50/2110] | Batch Time: 1.53 (0.61) | Data Time: 1.36 (0.47) | Mem (GB): 10.00 (7.71/15.00) | Time Elapsed: 00d 00h 56m | Losses/train_all_loss: 2.44e+00 (2.26e+01)
WARNING:root:Skip RandomAffine for zero-area mask in first frame after 1 tentatives
WARNING:root:Skip RandomAffine for zero-area mask in first frame after 1 tentatives
WARNING:root:Skip RandomAffine for zero-area mask in first frame after 1 tentatives
INFO 2026-09-28 11:18:28,983 train_utils.py: 271: Train Epoch: [4][  60/2110] | Batch Time: 0.17 (0.60) | Data Time: 0.00 (0.46) | Mem (GB): 10.00 (7.75/15.00) | Time Elapsed: 00d 00h 56m | Losses/train_all_loss: 6.16e+01 (2.05e+01)
INFO 2026-09-28 11:18:32,079 train_utils.py: 271: Train Epoch: [4][  70/2110] | Batch Time: 0.76 (0.56) | Data Time: 0.59 (0.42) | Mem (GB): 10.00 (7.58/15.00) | Time Elapsed: 00d 00h 56m | Losses/train_all_loss: 2.18e+01 (3.25e+01)
WARNING:root:Skip RandomAffine for zero-area mask in first frame after 1 tentatives
INFO 2026-09-28 11:18:35,282 train_utils.py: 271: Train Epoch: [4][  80/2110] | Batch Time: 0.17 (0.53) | Data Time: 0.00 (0.39) | Mem (GB): 10.00 (7.48/15.00) | Time Elapsed: 00d 00h 56m | Losses/train_all_loss: 4.62e-01 (3.93e+01)
WARNING:root:Skip RandomAffine for zero-area mask in first frame after 1 tentatives
WARNING:root:Skip RandomAffine for zero-area mask in first frame after 1 tentatives
WARNING:root:Skip RandomAffine for zero-area mask in first frame after 1 tentatives
WARNING:root:Skip RandomAffine for zero-area mask in first frame after 1 tentatives
INFO 2026-09-28 11:18:39,414 train_utils.py: 271: Train Epoch: [4][  90/2110] | Batch Time: 0.59 (0.52) | Data Time: 0.45 (0.38) | Mem (GB): 7.00 (7.42/15.00) | Time Elapsed: 00d 00h 56m | Losses/train_all_loss: 2.19e-01 (4.19e+01)
WARNING:root:Skip RandomAffine for zero-area mask in first frame after 1 tentatives
WARNING:root:Skip RandomAffine for zero-area mask in first frame after 1 tentatives
WARNING:root:Skip RandomAffine for zero-area mask in first frame after 1 tentatives
INFO 2026-09-28 11:18:42,916 train_utils.py: 271: Train Epoch: [4][ 100/2110] | Batch Time: 0.61 (0.50) | Data Time: 0.45 (0.36) | Mem (GB): 8.00 (7.35/15.00) | Time Elapsed: 00d 00h 56m | Losses/train_all_loss: 1.07e+02 (5.49e+01)
WARNING:root:Skip RandomAffine for zero-area mask in first frame after 1 tentatives
WARNING:root:Skip RandomAffine for zero-area mask in first frame after 1 tentatives
WARNING:root:Skip RandomAffine for zero-area mask in first frame after 1 tentatives
WARNING:root:Skip RandomAffine for zero-area mask in first frame after 1 tentatives
WARNING:root:Skip RandomAffine for zero-area mask in first frame after 1 tentatives
WARNING:root:Skip RandomAffine for zero-area mask in first frame after 1 tentatives
WARNING:root:Skip RandomAffine for zero-area mask in first frame after 1 tentatives
INFO 2026-09-28 11:18:48,331 train_utils.py: 271: Train Epoch: [4][ 110/2110] | Batch Time: 1.27 (0.50) | Data Time: 1.12 (0.37) | Mem (GB): 8.00 (7.41/15.00) | Time Elapsed: 00d 00h 56m | Losses/train_all_loss: 1.49e+00 (5.24e+01)
WARNING:root:Skip RandomAffine for zero-area mask in first frame after 1 tentatives
INFO 2026-09-28 11:18:50,474 train_utils.py: 271: Train Epoch: [4][ 120/2110] | Batch Time: 0.18 (0.48) | Data Time: 0.00 (0.34) | Mem (GB): 11.00 (7.36/15.00) | Time Elapsed: 00d 00h 56m | Losses/train_all_loss: 6.82e-01 (5.42e+01)
WARNING:root:Skip RandomAffine for zero-area mask in first frame after 1 tentatives
WARNING:root:Skip RandomAffine for zero-area mask in first frame after 1 tentatives
INFO 2026-09-28 11:18:55,731 train_utils.py: 271: Train Epoch: [4][ 130/2110] | Batch Time: 2.64 (0.48) | Data Time: 2.41 (0.35) | Mem (GB): 14.00 (7.26/15.00) | Time Elapsed: 00d 00h 56m | Losses/train_all_loss: 1.78e+01 (5.11e+01)
WARNING:root:Skip RandomAffine for zero-area mask in first frame after 1 tentatives
WARNING:root:Skip RandomAffine for zero-area mask in first frame after 1 tentatives
INFO 2026-09-28 11:18:57,395 train_utils.py: 271: Train Epoch: [4][ 140/2110] | Batch Time: 0.15 (0.46) | Data Time: 0.00 (0.32) | Mem (GB): 8.00 (7.28/15.00) | Time Elapsed: 00d 00h 56m | Losses/train_all_loss: 1.45e+02 (5.03e+01)
WARNING:root:Skip RandomAffine for zero-area mask in first frame after 1 tentatives
WARNING:root:Skip RandomAffine for zero-area mask in first frame after 1 tentatives
WARNING:root:Skip RandomAffine for zero-area mask in first frame after 1 tentatives
INFO 2026-09-28 11:19:01,149 train_utils.py: 271: Train Epoch: [4][ 150/2110] | Batch Time: 0.08 (0.46) | Data Time: 0.00 (0.32) | Mem (GB): 3.00 (7.27/15.00) | Time Elapsed: 00d 00h 57m | Losses/train_all_loss: 3.30e+02 (5.15e+01)
WARNING:root:Skip RandomAffine for zero-area mask in first frame after 1 tentatives
WARNING:root:Skip RandomAffine for zero-area mask in first frame after 1 tentatives
WARNING:root:Skip RandomAffine for zero-area mask in first frame after 1 tentatives
WARNING:root:Skip RandomAffine for zero-area mask in first frame after 1 tentatives
WARNING:root:Skip RandomAffine for zero-area mask in first frame after 1 tentatives
INFO 2026-09-28 11:19:05,542 train_utils.py: 271: Train Epoch: [4][ 160/2110] | Batch Time: 0.10 (0.45) | Data Time: 0.00 (0.32) | Mem (GB): 5.00 (7.32/15.00) | Time Elapsed: 00d 00h 57m | Losses/train_all_loss: 2.64e-01 (5.05e+01)
WARNING:root:Skip RandomAffine for zero-area mask in first frame after 1 tentatives
INFO 2026-09-28 11:19:09,091 train_utils.py: 271: Train Epoch: [4][ 170/2110] | Batch Time: 0.08 (0.45) | Data Time: 0.00 (0.31) | Mem (GB): 2.00 (7.36/15.00) | Time Elapsed: 00d 00h 57m | Losses/train_all_loss: 9.69e-02 (4.89e+01)
INFO 2026-09-28 11:19:13,045 train_utils.py: 271: Train Epoch: [4][ 180/2110] | Batch Time: 0.19 (0.45) | Data Time: 0.09 (0.31) | Mem (GB): 4.00 (7.31/15.00) | Time Elapsed: 00d 00h 57m | Losses/train_all_loss: 9.86e-01 (4.64e+01)
WARNING:root:Skip RandomAffine for zero-area mask in first frame after 1 tentatives
WARNING:root:Skip RandomAffine for zero-area mask in first frame after 1 tentatives
WARNING:root:Skip RandomAffine for zero-area mask in first frame after 1 tentatives
WARNING:root:Skip RandomAffine for zero-area mask in first frame after 1 tentatives
WARNING:root:Skip RandomAffine for zero-area mask in first frame after 1 tentatives
WARNING:root:Skip RandomAffine for zero-area mask in first frame after 1 tentatives
INFO 2026-09-28 11:19:17,405 train_utils.py: 271: Train Epoch: [4][ 190/2110] | Batch Time: 1.72 (0.45) | Data Time: 1.50 (0.31) | Mem (GB): 13.00 (7.37/15.00) | Time Elapsed: 00d 00h 57m | Losses/train_all_loss: 5.10e+01 (4.52e+01)
WARNING:root:Skip RandomAffine for zero-area mask in first frame after 1 tentatives
WARNING:root:Skip RandomAffine for zero-area mask in first frame after 1 tentatives
WARNING:root:Skip RandomAffine for zero-area mask in first frame after 1 tentatives
INFO 2026-09-28 11:19:21,336 train_utils.py: 271: Train Epoch: [4][ 200/2110] | Batch Time: 0.21 (0.44) | Data Time: 0.00 (0.30) | Mem (GB): 13.00 (7.44/15.00) | Time Elapsed: 00d 00h 57m | Losses/train_all_loss: 2.65e-01 (4.55e+01)
WARNING:root:Skip RandomAffine for zero-area mask in first frame after 1 tentatives
WARNING:root:Skip RandomAffine for zero-area mask in first frame after 1 tentatives
INFO 2026-09-28 11:19:25,052 train_utils.py: 271: Train Epoch: [4][ 210/2110] | Batch Time: 0.09 (0.44) | Data Time: 0.00 (0.30) | Mem (GB): 4.00 (7.48/15.00) | Time Elapsed: 00d 00h 57m | Losses/train_all_loss: 9.28e+00 (4.42e+01)
WARNING:root:Skip RandomAffine for zero-area mask in first frame after 1 tentatives
WARNING:root:Skip RandomAffine for zero-area mask in first frame after 1 tentatives
WARNING:root:Skip RandomAffine for zero-area mask in first frame after 1 tentatives
WARNING:root:Skip RandomAffine for zero-area mask in first frame after 1 tentatives
INFO 2026-09-28 11:19:27,574 train_utils.py: 271: Train Epoch: [4][ 220/2110] | Batch Time: 0.23 (0.43) | Data Time: 0.12 (0.29) | Mem (GB): 3.00 (7.38/15.00) | Time Elapsed: 00d 00h 57m | Losses/train_all_loss: 9.06e-01 (4.24e+01)
WARNING:root:Skip RandomAffine for zero-area mask in first frame after 1 tentatives
WARNING:root:Skip RandomAffine for zero-area mask in first frame after 1 tentatives
WARNING:root:Skip RandomAffine for zero-area mask in first frame after 1 tentatives
WARNING:root:Skip RandomAffine for zero-area mask in first frame after 1 tentatives
INFO 2026-09-28 11:19:31,548 train_utils.py: 271: Train Epoch: [4][ 230/2110] | Batch Time: 0.17 (0.43) | Data Time: 0.00 (0.29) | Mem (GB): 10.00 (7.44/15.00) | Time Elapsed: 00d 00h 57m | Losses/train_all_loss: 5.07e-01 (4.11e+01)
WARNING:root:Skip RandomAffine for zero-area mask in first frame after 1 tentatives
WARNING:root:Skip RandomAffine for zero-area mask in first frame after 1 tentatives
WARNING:root:Skip RandomAffine for zero-area mask in first frame after 1 tentatives
WARNING:root:Skip RandomAffine for zero-area mask in first frame after 1 tentatives
INFO 2026-09-28 11:19:34,413 train_utils.py: 271: Train Epoch: [4][ 240/2110] | Batch Time: 0.14 (0.42) | Data Time: 0.00 (0.28) | Mem (GB): 8.00 (7.44/15.00) | Time Elapsed: 00d 00h 57m | Losses/train_all_loss: 6.11e+00 (4.00e+01)
WARNING:root:Skip RandomAffine for zero-area mask in first frame after 1 tentatives
INFO 2026-09-28 11:19:36,727 train_utils.py: 271: Train Epoch: [4][ 250/2110] | Batch Time: 0.18 (0.42) | Data Time: 0.10 (0.28) | Mem (GB): 3.00 (7.35/15.00) | Time Elapsed: 00d 00h 57m | Losses/train_all_loss: 4.41e-01 (4.02e+01)
WARNING:root:Skip RandomAffine for zero-area mask in first frame after 1 tentatives
WARNING:root:Skip RandomAffine for zero-area mask in first frame after 1 tentatives
WARNING:root:Skip RandomAffine for zero-area mask in first frame after 1 tentatives
WARNING:root:Skip RandomAffine for zero-area mask in first frame after 1 tentatives
INFO 2026-09-28 11:19:42,497 train_utils.py: 271: Train Epoch: [4][ 260/2110] | Batch Time: 0.11 (0.42) | Data Time: 0.00 (0.28) | Mem (GB): 5.00 (7.43/15.00) | Time Elapsed: 00d 00h 57m | Losses/train_all_loss: 6.39e-01 (3.99e+01)
WARNING:root:Skip RandomAffine for zero-area mask in first frame after 1 tentatives
WARNING:root:Skip RandomAffine for zero-area mask in first frame after 1 tentatives
WARNING:root:Skip RandomAffine for zero-area mask in first frame after 1 tentatives
INFO 2026-09-28 11:19:45,781 train_utils.py: 271: Train Epoch: [4][ 270/2110] | Batch Time: 0.83 (0.42) | Data Time: 0.71 (0.28) | Mem (GB): 5.00 (7.44/15.00) | Time Elapsed: 00d 00h 57m | Losses/train_all_loss: 2.47e-01 (3.89e+01)
WARNING:root:Skip RandomAffine for zero-area mask in first frame after 1 tentatives
WARNING:root:Skip RandomAffine for zero-area mask in first frame after 1 tentatives
WARNING:root:Skip RandomAffine for zero-area mask in first frame after 1 tentatives
INFO 2026-09-28 11:19:48,524 train_utils.py: 271: Train Epoch: [4][ 280/2110] | Batch Time: 0.18 (0.41) | Data Time: 0.00 (0.27) | Mem (GB): 11.00 (7.43/15.00) | Time Elapsed: 00d 00h 57m | Losses/train_all_loss: 8.14e+00 (3.77e+01)
WARNING:root:Skip RandomAffine for zero-area mask in first frame after 1 tentatives
INFO 2026-09-28 11:19:53,904 train_utils.py: 271: Train Epoch: [4][ 290/2110] | Batch Time: 0.19 (0.42) | Data Time: 0.00 (0.28) | Mem (GB): 12.00 (7.47/15.00) | Time Elapsed: 00d 00h 57m | Losses/train_all_loss: 3.40e+01 (3.91e+01)
WARNING:root:Skip RandomAffine for zero-area mask in first frame after 1 tentatives
WARNING:root:Skip RandomAffine for zero-area mask in first frame after 1 tentatives
INFO 2026-09-28 11:19:56,624 train_utils.py: 271: Train Epoch: [4][ 300/2110] | Batch Time: 0.37 (0.41) | Data Time: 0.12 (0.27) | Mem (GB): 15.00 (7.44/15.00) | Time Elapsed: 00d 00h 57m | Losses/train_all_loss: 1.43e+01 (3.99e+01)
WARNING:root:Skip RandomAffine for zero-area mask in first frame after 1 tentatives
WARNING:root:Skip RandomAffine for zero-area mask in first frame after 1 tentatives
WARNING:root:Skip RandomAffine for zero-area mask in first frame after 1 tentatives
WARNING:root:Skip RandomAffine for zero-area mask in first frame after 1 tentatives
INFO 2026-09-28 11:19:59,069 train_utils.py: 271: Train Epoch: [4][ 310/2110] | Batch Time: 0.16 (0.41) | Data Time: 0.00 (0.27) | Mem (GB): 10.00 (7.39/15.00) | Time Elapsed: 00d 00h 57m | Losses/train_all_loss: 3.00e-01 (3.86e+01)
WARNING:root:Skip RandomAffine for zero-area mask in first frame after 1 tentatives
WARNING:root:Skip RandomAffine for zero-area mask in first frame after 1 tentatives
WARNING:root:Skip RandomAffine for zero-area mask in first frame after 1 tentatives
WARNING:root:Skip RandomAffine for zero-area mask in first frame after 1 tentatives
WARNING:root:Skip RandomAffine for zero-area mask in first frame after 1 tentatives
WARNING:root:Skip RandomAffine for zero-area mask in first frame after 1 tentatives
INFO 2026-09-28 11:20:02,766 train_utils.py: 271: Train Epoch: [4][ 320/2110] | Batch Time: 0.07 (0.41) | Data Time: 0.00 (0.27) | Mem (GB): 2.00 (7.37/15.00) | Time Elapsed: 00d 00h 58m | Losses/train_all_loss: 5.39e-01 (3.75e+01)
WARNING:root:Skip RandomAffine for zero-area mask in first frame after 1 tentatives
WARNING:root:Skip RandomAffine for zero-area mask in first frame after 1 tentatives
WARNING:root:Skip RandomAffine for zero-area mask in first frame after 1 tentatives
WARNING:root:Skip RandomAffine for zero-area mask in first frame after 1 tentatives
INFO 2026-09-28 11:20:05,802 train_utils.py: 271: Train Epoch: [4][ 330/2110] | Batch Time: 0.08 (0.40) | Data Time: 0.00 (0.27) | Mem (GB): 2.00 (7.36/15.00) | Time Elapsed: 00d 00h 58m | Losses/train_all_loss: 8.16e-01 (3.68e+01)
WARNING:root:Skip RandomAffine for zero-area mask in first frame after 1 tentatives
WARNING:root:Skip RandomAffine for zero-area mask in first frame after 1 tentatives
INFO 2026-09-28 11:20:09,808 train_utils.py: 271: Train Epoch: [4][ 340/2110] | Batch Time: 0.08 (0.40) | Data Time: 0.00 (0.27) | Mem (GB): 2.00 (7.30/15.00) | Time Elapsed: 00d 00h 58m | Losses/train_all_loss: 7.85e-01 (3.61e+01)
WARNING:root:Skip RandomAffine for zero-area mask in first frame after 1 tentatives
WARNING:root:Skip RandomAffine for zero-area mask in first frame after 1 tentatives
WARNING:root:Skip RandomAffine for zero-area mask in first frame after 1 tentatives
INFO 2026-09-28 11:20:12,330 train_utils.py: 271: Train Epoch: [4][ 350/2110] | Batch Time: 0.14 (0.40) | Data Time: 0.00 (0.26) | Mem (GB): 7.00 (7.32/15.00) | Time Elapsed: 00d 00h 58m | Losses/train_all_loss: 2.49e+02 (3.68e+01)
WARNING:root:Skip RandomAffine for zero-area mask in first frame after 1 tentatives
WARNING:root:Skip RandomAffine for zero-area mask in first frame after 1 tentatives
WARNING:root:Skip RandomAffine for zero-area mask in first frame after 1 tentatives
WARNING:root:Skip RandomAffine for zero-area mask in first frame after 1 tentatives
WARNING:root:Skip RandomAffine for zero-area mask in first frame after 1 tentatives
INFO 2026-09-28 11:20:17,907 train_utils.py: 271: Train Epoch: [4][ 360/2110] | Batch Time: 0.14 (0.40) | Data Time: 0.00 (0.26) | Mem (GB): 8.00 (7.38/15.00) | Time Elapsed: 00d 00h 58m | Losses/train_all_loss: 1.23e+00 (3.62e+01)
WARNING:root:Skip RandomAffine for zero-area mask in first frame after 1 tentatives
INFO 2026-09-28 11:20:20,986 train_utils.py: 271: Train Epoch: [4][ 370/2110] | Batch Time: 0.14 (0.40) | Data Time: 0.00 (0.26) | Mem (GB): 7.00 (7.41/15.00) | Time Elapsed: 00d 00h 58m | Losses/train_all_loss: 5.21e+01 (3.56e+01)
WARNING:root:Skip RandomAffine for zero-area mask in first frame after 1 tentatives
WARNING:root:Skip RandomAffine for zero-area mask in first frame after 1 tentatives
INFO 2026-09-28 11:20:23,097 train_utils.py: 271: Train Epoch: [4][ 380/2110] | Batch Time: 0.18 (0.40) | Data Time: 0.00 (0.26) | Mem (GB): 11.00 (7.36/15.00) | Time Elapsed: 00d 00h 58m | Losses/train_all_loss: 4.48e-01 (3.72e+01)
WARNING:root:Skip RandomAffine for zero-area mask in first frame after 1 tentatives
WARNING:root:Skip RandomAffine for zero-area mask in first frame after 1 tentatives
WARNING:root:Skip RandomAffine for zero-area mask in first frame after 1 tentatives
WARNING:root:Skip RandomAffine for zero-area mask in first frame after 1 tentatives
INFO 2026-09-28 11:20:25,931 train_utils.py: 271: Train Epoch: [4][ 390/2110] | Batch Time: 0.09 (0.39) | Data Time: 0.00 (0.25) | Mem (GB): 3.00 (7.35/15.00) | Time Elapsed: 00d 00h 58m | Losses/train_all_loss: 1.25e-01 (3.79e+01)
WARNING:root:Skip RandomAffine for zero-area mask in first frame after 1 tentatives
WARNING:root:Skip RandomAffine for zero-area mask in first frame after 1 tentatives
WARNING:root:Skip RandomAffine for zero-area mask in first frame after 1 tentatives
WARNING:root:Skip RandomAffine for zero-area mask in first frame after 1 tentatives
WARNING:root:Skip RandomAffine for zero-area mask in first frame after 1 tentatives
INFO 2026-09-28 11:20:29,967 train_utils.py: 271: Train Epoch: [4][ 400/2110] | Batch Time: 0.12 (0.39) | Data Time: 0.00 (0.25) | Mem (GB): 3.00 (7.35/15.00) | Time Elapsed: 00d 00h 58m | Losses/train_all_loss: 2.91e+00 (3.78e+01)
WARNING:root:Skip RandomAffine for zero-area mask in first frame after 1 tentatives
WARNING:root:Skip RandomAffine for zero-area mask in first frame after 1 tentatives
INFO 2026-09-28 11:20:32,671 train_utils.py: 271: Train Epoch: [4][ 410/2110] | Batch Time: 1.24 (0.39) | Data Time: 1.10 (0.25) | Mem (GB): 8.00 (7.29/15.00) | Time Elapsed: 00d 00h 58m | Losses/train_all_loss: 3.21e-01 (3.71e+01)
WARNING:root:Skip RandomAffine for zero-area mask in first frame after 1 tentatives
WARNING:root:Skip RandomAffine for zero-area mask in first frame after 1 tentatives
WARNING:root:Skip RandomAffine for zero-area mask in first frame after 1 tentatives
WARNING:root:Skip RandomAffine for zero-area mask in first frame after 1 tentatives
INFO 2026-09-28 11:20:36,751 train_utils.py: 271: Train Epoch: [4][ 420/2110] | Batch Time: 0.10 (0.39) | Data Time: 0.00 (0.25) | Mem (GB): 5.00 (7.29/15.00) | Time Elapsed: 00d 00h 58m | Losses/train_all_loss: 4.75e+01 (3.85e+01)
WARNING:root:Skip RandomAffine for zero-area mask in first frame after 1 tentatives
WARNING:root:Skip RandomAffine for zero-area mask in first frame after 1 tentatives
WARNING:root:Skip RandomAffine for zero-area mask in first frame after 1 tentatives
WARNING:root:Skip RandomAffine for zero-area mask in first frame after 1 tentatives
INFO 2026-09-28 11:20:40,729 train_utils.py: 271: Train Epoch: [4][ 430/2110] | Batch Time: 0.09 (0.39) | Data Time: 0.00 (0.25) | Mem (GB): 4.00 (7.25/15.00) | Time Elapsed: 00d 00h 58m | Losses/train_all_loss: 2.24e-01 (3.87e+01)
WARNING:root:Skip RandomAffine for zero-area mask in first frame after 1 tentatives
WARNING:root:Skip RandomAffine for zero-area mask in first frame after 1 tentatives
WARNING:root:Skip RandomAffine for zero-area mask in first frame after 1 tentatives
WARNING:root:Skip RandomAffine for zero-area mask in first frame after 1 tentatives
WARNING:root:Skip RandomAffine for zero-area mask in first frame after 1 tentatives
WARNING:root:Skip RandomAffine for zero-area mask in first frame after 1 tentatives
WARNING:root:Skip RandomAffine for zero-area mask in first frame after 1 tentatives
INFO 2026-09-28 11:20:44,149 train_utils.py: 271: Train Epoch: [4][ 440/2110] | Batch Time: 0.07 (0.39) | Data Time: 0.00 (0.25) | Mem (GB): 2.00 (7.27/15.00) | Time Elapsed: 00d 00h 58m | Losses/train_all_loss: 4.17e+02 (3.88e+01)
WARNING:root:Skip RandomAffine for zero-area mask in first frame after 1 tentatives
WARNING:root:Skip RandomAffine for zero-area mask in first frame after 1 tentatives
WARNING:root:Skip RandomAffine for zero-area mask in first frame after 1 tentatives
WARNING:root:Skip RandomAffine for zero-area mask in first frame after 1 tentatives
WARNING:root:Skip RandomAffine for zero-area mask in first frame after 1 tentatives
INFO 2026-09-28 11:20:47,826 train_utils.py: 271: Train Epoch: [4][ 450/2110] | Batch Time: 0.15 (0.39) | Data Time: 0.00 (0.25) | Mem (GB): 9.00 (7.30/15.00) | Time Elapsed: 00d 00h 58m | Losses/train_all_loss: 6.59e+00 (3.81e+01)
WARNING:root:Skip RandomAffine for zero-area mask in first frame after 1 tentatives
INFO 2026-09-28 11:20:50,231 train_utils.py: 271: Train Epoch: [4][ 460/2110] | Batch Time: 0.09 (0.39) | Data Time: 0.00 (0.25) | Mem (GB): 4.00 (7.27/15.00) | Time Elapsed: 00d 00h 58m | Losses/train_all_loss: 7.75e+00 (3.80e+01)
WARNING:root:Skip RandomAffine for zero-area mask in first frame after 1 tentatives
WARNING:root:Skip RandomAffine for zero-area mask in first frame after 1 tentatives
WARNING:root:Skip RandomAffine for zero-area mask in first frame after 1 tentatives
WARNING:root:Skip RandomAffine for zero-area mask in first frame after 1 tentatives
INFO 2026-09-28 11:20:53,340 train_utils.py: 271: Train Epoch: [4][ 470/2110] | Batch Time: 0.63 (0.38) | Data Time: 0.50 (0.25) | Mem (GB): 6.00 (7.24/15.00) | Time Elapsed: 00d 00h 58m | Losses/train_all_loss: 3.10e-01 (3.80e+01)
INFO 2026-09-28 11:20:57,740 train_utils.py: 271: Train Epoch: [4][ 480/2110] | Batch Time: 0.08 (0.39) | Data Time: 0.00 (0.25) | Mem (GB): 2.00 (7.23/15.00) | Time Elapsed: 00d 00h 58m | Losses/train_all_loss: 8.69e+01 (3.77e+01)
WARNING:root:Skip RandomAffine for zero-area mask in first frame after 1 tentatives
WARNING:root:Skip RandomAffine for zero-area mask in first frame after 1 tentatives
INFO 2026-09-28 11:21:00,598 train_utils.py: 271: Train Epoch: [4][ 490/2110] | Batch Time: 0.09 (0.38) | Data Time: 0.00 (0.25) | Mem (GB): 4.00 (7.21/15.00) | Time Elapsed: 00d 00h 59m | Losses/train_all_loss: 4.59e-01 (3.76e+01)
WARNING:root:Skip RandomAffine for zero-area mask in first frame after 1 tentatives
WARNING:root:Skip RandomAffine for zero-area mask in first frame after 1 tentatives
INFO 2026-09-28 11:21:04,757 train_utils.py: 271: Train Epoch: [4][ 500/2110] | Batch Time: 1.24 (0.38) | Data Time: 1.03 (0.25) | Mem (GB): 9.00 (7.20/15.00) | Time Elapsed: 00d 00h 59m | Losses/train_all_loss: 1.87e+01 (3.75e+01)
WARNING:root:Skip RandomAffine for zero-area mask in first frame after 1 tentatives
INFO 2026-09-28 11:21:07,993 train_utils.py: 271: Train Epoch: [4][ 510/2110] | Batch Time: 0.11 (0.38) | Data Time: 0.00 (0.25) | Mem (GB): 6.00 (7.19/15.00) | Time Elapsed: 00d 00h 59m | Losses/train_all_loss: 1.70e-01 (3.76e+01)
WARNING:root:Skip RandomAffine for zero-area mask in first frame after 1 tentatives
WARNING:root:Skip RandomAffine for zero-area mask in first frame after 1 tentatives
WARNING:root:Skip RandomAffine for zero-area mask in first frame after 1 tentatives
INFO 2026-09-28 11:21:12,656 train_utils.py: 271: Train Epoch: [4][ 520/2110] | Batch Time: 1.28 (0.38) | Data Time: 1.12 (0.25) | Mem (GB): 10.00 (7.18/15.00) | Time Elapsed: 00d 00h 59m | Losses/train_all_loss: 8.31e+01 (3.77e+01)
WARNING:root:Skip RandomAffine for zero-area mask in first frame after 1 tentatives
WARNING:root:Skip RandomAffine for zero-area mask in first frame after 1 tentatives
INFO 2026-09-28 11:21:15,455 train_utils.py: 271: Train Epoch: [4][ 530/2110] | Batch Time: 0.12 (0.38) | Data Time: 0.00 (0.25) | Mem (GB): 6.00 (7.15/15.00) | Time Elapsed: 00d 00h 59m | Losses/train_all_loss: 6.26e-01 (3.75e+01)
WARNING:root:Skip RandomAffine for zero-area mask in first frame after 1 tentatives
WARNING:root:Skip RandomAffine for zero-area mask in first frame after 1 tentatives
INFO 2026-09-28 11:21:19,867 train_utils.py: 271: Train Epoch: [4][ 540/2110] | Batch Time: 0.16 (0.38) | Data Time: 0.00 (0.25) | Mem (GB): 10.00 (7.13/15.00) | Time Elapsed: 00d 00h 59m | Losses/train_all_loss: 2.67e-01 (3.75e+01)
WARNING:root:Skip RandomAffine for zero-area mask in first frame after 1 tentatives
WARNING:root:Skip RandomAffine for zero-area mask in first frame after 1 tentatives
WARNING:root:Skip RandomAffine for zero-area mask in first frame after 1 tentatives
WARNING:root:Skip RandomAffine for zero-area mask in first frame after 1 tentatives
INFO 2026-09-28 11:21:23,417 train_utils.py: 271: Train Epoch: [4][ 550/2110] | Batch Time: 0.09 (0.38) | Data Time: 0.00 (0.25) | Mem (GB): 3.00 (7.13/15.00) | Time Elapsed: 00d 00h 59m | Losses/train_all_loss: 6.79e+00 (3.69e+01)
WARNING:root:Skip RandomAffine for zero-area mask in first frame after 1 tentatives
WARNING:root:Skip RandomAffine for zero-area mask in first frame after 1 tentatives
INFO 2026-09-28 11:21:26,618 train_utils.py: 271: Train Epoch: [4][ 560/2110] | Batch Time: 0.09 (0.38) | Data Time: 0.00 (0.25) | Mem (GB): 2.00 (7.11/15.00) | Time Elapsed: 00d 00h 59m | Losses/train_all_loss: 3.68e-01 (3.65e+01)
WARNING:root:Skip RandomAffine for zero-area mask in first frame after 1 tentatives
WARNING:root:Skip RandomAffine for zero-area mask in first frame after 1 tentatives
WARNING:root:Skip RandomAffine for zero-area mask in first frame after 1 tentatives
WARNING:root:Skip RandomAffine for zero-area mask in first frame after 1 tentatives
INFO 2026-09-28 11:21:30,478 train_utils.py: 271: Train Epoch: [4][ 570/2110] | Batch Time: 0.18 (0.38) | Data Time: 0.00 (0.25) | Mem (GB): 11.00 (7.10/15.00) | Time Elapsed: 00d 00h 59m | Losses/train_all_loss: 2.93e+01 (3.77e+01)
WARNING:root:Skip RandomAffine for zero-area mask in first frame after 1 tentatives
WARNING:root:Skip RandomAffine for zero-area mask in first frame after 1 tentatives
INFO 2026-09-28 11:21:34,413 train_utils.py: 271: Train Epoch: [4][ 580/2110] | Batch Time: 0.08 (0.38) | Data Time: 0.00 (0.25) | Mem (GB): 2.00 (7.11/15.00) | Time Elapsed: 00d 00h 59m | Losses/train_all_loss: 1.96e-01 (3.77e+01)
WARNING:root:Skip RandomAffine for zero-area mask in first frame after 1 tentatives
WARNING:root:Skip RandomAffine for zero-area mask in first frame after 1 tentatives
INFO 2026-09-28 11:21:36,967 train_utils.py: 271: Train Epoch: [4][ 590/2110] | Batch Time: 0.36 (0.38) | Data Time: 0.26 (0.25) | Mem (GB): 5.00 (7.08/15.00) | Time Elapsed: 00d 00h 59m | Losses/train_all_loss: 2.08e-01 (3.77e+01)
WARNING:root:Skip RandomAffine for zero-area mask in first frame after 1 tentatives
WARNING:root:Skip RandomAffine for zero-area mask in first frame after 1 tentatives
WARNING:root:Skip RandomAffine for zero-area mask in first frame after 1 tentatives
WARNING:root:Skip RandomAffine for zero-area mask in first frame after 1 tentatives
INFO 2026-09-28 11:21:40,587 train_utils.py: 271: Train Epoch: [4][ 600/2110] | Batch Time: 1.25 (0.38) | Data Time: 1.06 (0.25) | Mem (GB): 8.00 (7.05/15.00) | Time Elapsed: 00d 00h 59m | Losses/train_all_loss: 3.23e+00 (3.72e+01)
WARNING:root:Skip RandomAffine for zero-area mask in first frame after 1 tentatives
WARNING:root:Skip RandomAffine for zero-area mask in first frame after 1 tentatives
INFO 2026-09-28 11:21:43,799 train_utils.py: 271: Train Epoch: [4][ 610/2110] | Batch Time: 0.10 (0.38) | Data Time: 0.00 (0.24) | Mem (GB): 5.00 (7.04/15.00) | Time Elapsed: 00d 00h 59m | Losses/train_all_loss: 2.46e-01 (3.71e+01)
WARNING:root:Skip RandomAffine for zero-area mask in first frame after 1 tentatives
WARNING:root:Skip RandomAffine for zero-area mask in first frame after 1 tentatives
INFO 2026-09-28 11:21:46,813 train_utils.py: 271: Train Epoch: [4][ 620/2110] | Batch Time: 0.16 (0.38) | Data Time: 0.07 (0.24) | Mem (GB): 5.00 (7.05/15.00) | Time Elapsed: 00d 00h 59m | Losses/train_all_loss: 8.60e+00 (3.71e+01)
WARNING:root:Skip RandomAffine for zero-area mask in first frame after 1 tentatives
WARNING:root:Skip RandomAffine for zero-area mask in first frame after 1 tentatives
WARNING:root:Skip RandomAffine for zero-area mask in first frame after 1 tentatives
WARNING:root:Skip RandomAffine for zero-area mask in first frame after 1 tentatives
INFO 2026-09-28 11:21:50,716 train_utils.py: 271: Train Epoch: [4][ 630/2110] | Batch Time: 0.09 (0.38) | Data Time: 0.00 (0.24) | Mem (GB): 4.00 (7.05/15.00) | Time Elapsed: 00d 00h 59m | Losses/train_all_loss: 5.79e-01 (3.68e+01)
WARNING:root:Skip RandomAffine for zero-area mask in first frame after 1 tentatives
WARNING:root:Skip RandomAffine for zero-area mask in first frame after 1 tentatives
WARNING:root:Skip RandomAffine for zero-area mask in first frame after 1 tentatives
INFO 2026-09-28 11:21:52,539 train_utils.py: 271: Train Epoch: [4][ 640/2110] | Batch Time: 0.10 (0.37) | Data Time: 0.00 (0.24) | Mem (GB): 4.00 (7.02/15.00) | Time Elapsed: 00d 00h 59m | Losses/train_all_loss: 7.02e-01 (3.71e+01)
WARNING:root:Skip RandomAffine for zero-area mask in first frame after 1 tentatives
WARNING:root:Skip RandomAffine for zero-area mask in first frame after 1 tentatives
WARNING:root:Skip RandomAffine for zero-area mask in first frame after 1 tentatives
WARNING:root:Skip RandomAffine for zero-area mask in first frame after 1 tentatives
WARNING:root:Skip RandomAffine for zero-area mask in first frame after 1 tentatives
INFO 2026-09-28 11:21:55,657 train_utils.py: 271: Train Epoch: [4][ 650/2110] | Batch Time: 0.08 (0.37) | Data Time: 0.00 (0.24) | Mem (GB): 2.00 (6.99/15.00) | Time Elapsed: 00d 00h 59m | Losses/train_all_loss: 3.16e-01 (3.71e+01)
WARNING:root:Skip RandomAffine for zero-area mask in first frame after 1 tentatives
WARNING:root:Skip RandomAffine for zero-area mask in first frame after 1 tentatives
INFO 2026-09-28 11:21:59,610 train_utils.py: 271: Train Epoch: [4][ 660/2110] | Batch Time: 0.11 (0.37) | Data Time: 0.00 (0.24) | Mem (GB): 5.00 (7.01/15.00) | Time Elapsed: 00d 01h 00m | Losses/train_all_loss: 2.92e-01 (3.69e+01)
WARNING:root:Skip RandomAffine for zero-area mask in first frame after 1 tentatives
INFO 2026-09-28 11:22:02,054 train_utils.py: 271: Train Epoch: [4][ 670/2110] | Batch Time: 0.21 (0.37) | Data Time: 0.11 (0.24) | Mem (GB): 5.00 (7.01/15.00) | Time Elapsed: 00d 01h 00m | Losses/train_all_loss: 1.05e-01 (3.68e+01)
WARNING:root:Skip RandomAffine for zero-area mask in first frame after 1 tentatives
WARNING:root:Skip RandomAffine for zero-area mask in first frame after 1 tentatives
WARNING:root:Skip RandomAffine for zero-area mask in first frame after 1 tentatives
WARNING:root:Skip RandomAffine for zero-area mask in first frame after 1 tentatives
INFO 2026-09-28 11:22:05,741 train_utils.py: 271: Train Epoch: [4][ 680/2110] | Batch Time: 0.17 (0.37) | Data Time: 0.00 (0.24) | Mem (GB): 10.00 (7.01/15.00) | Time Elapsed: 00d 01h 00m | Losses/train_all_loss: 3.05e-01 (3.70e+01)
WARNING:root:Skip RandomAffine for zero-area mask in first frame after 1 tentatives
WARNING:root:Skip RandomAffine for zero-area mask in first frame after 1 tentatives
WARNING:root:Skip RandomAffine for zero-area mask in first frame after 1 tentatives
WARNING:root:Skip RandomAffine for zero-area mask in first frame after 1 tentatives
WARNING:root:Skip RandomAffine for zero-area mask in first frame after 1 tentatives
WARNING:root:Skip RandomAffine for zero-area mask in first frame after 1 tentatives
INFO 2026-09-28 11:22:10,283 train_utils.py: 271: Train Epoch: [4][ 690/2110] | Batch Time: 0.69 (0.37) | Data Time: 0.54 (0.24) | Mem (GB): 8.00 (7.03/15.00) | Time Elapsed: 00d 01h 00m | Losses/train_all_loss: 5.84e-01 (3.65e+01)
WARNING:root:Skip RandomAffine for zero-area mask in first frame after 1 tentatives
WARNING:root:Skip RandomAffine for zero-area mask in first frame after 1 tentatives
WARNING:root:Skip RandomAffine for zero-area mask in first frame after 1 tentatives
INFO 2026-09-28 11:22:13,106 train_utils.py: 271: Train Epoch: [4][ 700/2110] | Batch Time: 0.10 (0.37) | Data Time: 0.00 (0.24) | Mem (GB): 2.00 (7.00/15.00) | Time Elapsed: 00d 01h 00m | Losses/train_all_loss: 1.19e-01 (3.65e+01)
WARNING:root:Skip RandomAffine for zero-area mask in first frame after 1 tentatives
WARNING:root:Skip RandomAffine for zero-area mask in first frame after 1 tentatives
WARNING:root:Skip RandomAffine for zero-area mask in first frame after 1 tentatives
WARNING:root:Skip RandomAffine for zero-area mask in first frame after 1 tentatives
WARNING:root:Skip RandomAffine for zero-area mask in first frame after 1 tentatives
WARNING:root:Skip RandomAffine for zero-area mask in first frame after 1 tentatives
INFO 2026-09-28 11:22:18,268 train_utils.py: 271: Train Epoch: [4][ 710/2110] | Batch Time: 1.15 (0.37) | Data Time: 0.97 (0.24) | Mem (GB): 10.00 (7.02/15.00) | Time Elapsed: 00d 01h 00m | Losses/train_all_loss: 9.23e-01 (3.63e+01)
WARNING:root:Skip RandomAffine for zero-area mask in first frame after 1 tentatives
WARNING:root:Skip RandomAffine for zero-area mask in first frame after 1 tentatives
WARNING:root:Skip RandomAffine for zero-area mask in first frame after 1 tentatives
WARNING:root:Skip RandomAffine for zero-area mask in first frame after 1 tentatives
WARNING:root:Skip RandomAffine for zero-area mask in first frame after 1 tentatives
WARNING:root:Skip RandomAffine for zero-area mask in first frame after 1 tentatives
INFO 2026-09-28 11:22:22,321 train_utils.py: 271: Train Epoch: [4][ 720/2110] | Batch Time: 0.16 (0.37) | Data Time: 0.00 (0.24) | Mem (GB): 10.00 (7.07/15.00) | Time Elapsed: 00d 01h 00m | Losses/train_all_loss: 3.67e+01 (3.65e+01)
WARNING:root:Skip RandomAffine for zero-area mask in first frame after 1 tentatives
WARNING:root:Skip RandomAffine for zero-area mask in first frame after 1 tentatives
WARNING:root:Skip RandomAffine for zero-area mask in first frame after 1 tentatives
WARNING:root:Skip RandomAffine for zero-area mask in first frame after 1 tentatives
INFO 2026-09-28 11:22:26,583 train_utils.py: 271: Train Epoch: [4][ 730/2110] | Batch Time: 1.09 (0.38) | Data Time: 0.94 (0.24) | Mem (GB): 9.00 (7.11/15.00) | Time Elapsed: 00d 01h 00m | Losses/train_all_loss: 9.94e+00 (3.62e+01)
WARNING:root:Skip RandomAffine for zero-area mask in first frame after 1 tentatives
WARNING:root:Skip RandomAffine for zero-area mask in first frame after 1 tentatives
INFO 2026-09-28 11:22:31,227 train_utils.py: 271: Train Epoch: [4][ 740/2110] | Batch Time: 0.15 (0.38) | Data Time: 0.00 (0.24) | Mem (GB): 9.00 (7.12/15.00) | Time Elapsed: 00d 01h 00m | Losses/train_all_loss: 3.33e+01 (3.60e+01)
WARNING:root:Skip RandomAffine for zero-area mask in first frame after 1 tentatives
WARNING:root:Skip RandomAffine for zero-area mask in first frame after 1 tentatives
WARNING:root:Skip RandomAffine for zero-area mask in first frame after 1 tentatives
WARNING:root:Skip RandomAffine for zero-area mask in first frame after 1 tentatives
WARNING:root:Skip RandomAffine for zero-area mask in first frame after 1 tentatives
INFO 2026-09-28 11:22:34,508 train_utils.py: 271: Train Epoch: [4][ 750/2110] | Batch Time: 0.54 (0.38) | Data Time: 0.34 (0.24) | Mem (GB): 12.00 (7.13/15.00) | Time Elapsed: 00d 01h 00m | Losses/train_all_loss: 3.33e-01 (3.56e+01)
WARNING:root:Skip RandomAffine for zero-area mask in first frame after 1 tentatives
WARNING:root:Skip RandomAffine for zero-area mask in first frame after 1 tentatives
WARNING:root:Skip RandomAffine for zero-area mask in first frame after 1 tentatives
WARNING:root:Skip RandomAffine for zero-area mask in first frame after 1 tentatives
INFO 2026-09-28 11:22:37,874 train_utils.py: 271: Train Epoch: [4][ 760/2110] | Batch Time: 1.43 (0.38) | Data Time: 1.23 (0.24) | Mem (GB): 13.00 (7.14/15.00) | Time Elapsed: 00d 01h 00m | Losses/train_all_loss: 3.32e+01 (3.55e+01)
WARNING:root:Skip RandomAffine for zero-area mask in first frame after 1 tentatives
WARNING:root:Skip RandomAffine for zero-area mask in first frame after 1 tentatives
WARNING:root:Skip RandomAffine for zero-area mask in first frame after 1 tentatives
INFO 2026-09-28 11:22:41,527 train_utils.py: 271: Train Epoch: [4][ 770/2110] | Batch Time: 0.11 (0.38) | Data Time: 0.00 (0.24) | Mem (GB): 5.00 (7.13/15.00) | Time Elapsed: 00d 01h 00m | Losses/train_all_loss: 2.59e-01 (3.60e+01)
WARNING:root:Skip RandomAffine for zero-area mask in first frame after 1 tentatives
INFO 2026-09-28 11:22:43,951 train_utils.py: 271: Train Epoch: [4][ 780/2110] | Batch Time: 0.52 (0.37) | Data Time: 0.38 (0.24) | Mem (GB): 8.00 (7.12/15.00) | Time Elapsed: 00d 01h 00m | Losses/train_all_loss: 1.17e+01 (3.58e+01)
WARNING:root:Skip RandomAffine for zero-area mask in first frame after 1 tentatives
WARNING:root:Skip RandomAffine for zero-area mask in first frame after 1 tentatives
WARNING:root:Skip RandomAffine for zero-area mask in first frame after 1 tentatives
WARNING:root:Skip RandomAffine for zero-area mask in first frame after 1 tentatives
WARNING:root:Skip RandomAffine for zero-area mask in first frame after 1 tentatives
INFO 2026-09-28 11:22:47,734 train_utils.py: 271: Train Epoch: [4][ 790/2110] | Batch Time: 0.11 (0.37) | Data Time: 0.00 (0.24) | Mem (GB): 6.00 (7.14/15.00) | Time Elapsed: 00d 01h 00m | Losses/train_all_loss: 1.15e+02 (3.56e+01)
INFO 2026-09-28 11:22:50,431 train_utils.py: 271: Train Epoch: [4][ 800/2110] | Batch Time: 0.09 (0.37) | Data Time: 0.00 (0.24) | Mem (GB): 3.00 (7.15/15.00) | Time Elapsed: 00d 01h 00m | Losses/train_all_loss: 2.49e-01 (3.63e+01)
WARNING:root:Skip RandomAffine for zero-area mask in first frame after 1 tentatives
WARNING:root:Skip RandomAffine for zero-area mask in first frame after 1 tentatives
WARNING:root:Skip RandomAffine for zero-area mask in first frame after 1 tentatives
WARNING:root:Skip RandomAffine for zero-area mask in first frame after 1 tentatives
WARNING:root:Skip RandomAffine for zero-area mask in first frame after 1 tentatives
WARNING:root:Skip RandomAffine for zero-area mask in first frame after 1 tentatives
INFO 2026-09-28 11:22:55,065 train_utils.py: 271: Train Epoch: [4][ 810/2110] | Batch Time: 0.14 (0.37) | Data Time: 0.00 (0.24) | Mem (GB): 8.00 (7.17/15.00) | Time Elapsed: 00d 01h 00m | Losses/train_all_loss: 1.25e+00 (3.60e+01)
WARNING:root:Skip RandomAffine for zero-area mask in first frame after 1 tentatives
WARNING:root:Skip RandomAffine for zero-area mask in first frame after 1 tentatives
WARNING:root:Skip RandomAffine for zero-area mask in first frame after 1 tentatives
WARNING:root:Skip RandomAffine for zero-area mask in first frame after 1 tentatives
WARNING:root:Skip RandomAffine for zero-area mask in first frame after 1 tentatives
INFO 2026-09-28 11:22:59,092 train_utils.py: 271: Train Epoch: [4][ 820/2110] | Batch Time: 1.00 (0.37) | Data Time: 0.78 (0.24) | Mem (GB): 15.00 (7.17/15.00) | Time Elapsed: 00d 01h 00m | Losses/train_all_loss: 2.26e+01 (3.59e+01)
WARNING:root:Skip RandomAffine for zero-area mask in first frame after 1 tentatives
WARNING:root:Skip RandomAffine for zero-area mask in first frame after 1 tentatives
INFO 2026-09-28 11:23:01,827 train_utils.py: 271: Train Epoch: [4][ 830/2110] | Batch Time: 0.08 (0.37) | Data Time: 0.00 (0.24) | Mem (GB): 2.00 (7.17/15.00) | Time Elapsed: 00d 01h 01m | Losses/train_all_loss: 8.02e-01 (3.58e+01)
WARNING:root:Skip RandomAffine for zero-area mask in first frame after 1 tentatives
WARNING:root:Skip RandomAffine for zero-area mask in first frame after 1 tentatives
WARNING:root:Skip RandomAffine for zero-area mask in first frame after 1 tentatives
INFO 2026-09-28 11:23:06,213 train_utils.py: 271: Train Epoch: [4][ 840/2110] | Batch Time: 0.09 (0.37) | Data Time: 0.00 (0.24) | Mem (GB): 4.00 (7.18/15.00) | Time Elapsed: 00d 01h 01m | Losses/train_all_loss: 7.02e+01 (3.56e+01)
WARNING:root:Skip RandomAffine for zero-area mask in first frame after 1 tentatives
WARNING:root:Skip RandomAffine for zero-area mask in first frame after 1 tentatives
WARNING:root:Skip RandomAffine for zero-area mask in first frame after 1 tentatives
INFO 2026-09-28 11:23:09,656 train_utils.py: 271: Train Epoch: [4][ 850/2110] | Batch Time: 0.08 (0.37) | Data Time: 0.00 (0.24) | Mem (GB): 3.00 (7.19/15.00) | Time Elapsed: 00d 01h 01m | Losses/train_all_loss: 4.26e-01 (3.53e+01)
WARNING:root:Skip RandomAffine for zero-area mask in first frame after 1 tentatives
WARNING:root:Skip RandomAffine for zero-area mask in first frame after 1 tentatives
WARNING:root:Skip RandomAffine for zero-area mask in first frame after 1 tentatives
WARNING:root:Skip RandomAffine for zero-area mask in first frame after 1 tentatives
INFO 2026-09-28 11:23:13,849 train_utils.py: 271: Train Epoch: [4][ 860/2110] | Batch Time: 0.83 (0.37) | Data Time: 0.68 (0.24) | Mem (GB): 8.00 (7.18/15.00) | Time Elapsed: 00d 01h 01m | Losses/train_all_loss: 9.26e+01 (3.50e+01)
WARNING:root:Skip RandomAffine for zero-area mask in first frame after 1 tentatives
WARNING:root:Skip RandomAffine for zero-area mask in first frame after 1 tentatives
INFO 2026-09-28 11:23:17,245 train_utils.py: 271: Train Epoch: [4][ 870/2110] | Batch Time: 0.16 (0.37) | Data Time: 0.00 (0.24) | Mem (GB): 8.00 (7.18/15.00) | Time Elapsed: 00d 01h 01m | Losses/train_all_loss: 5.43e-01 (3.48e+01)
WARNING:root:Skip RandomAffine for zero-area mask in first frame after 1 tentatives
WARNING:root:Skip RandomAffine for zero-area mask in first frame after 1 tentatives
WARNING:root:Skip RandomAffine for zero-area mask in first frame after 1 tentatives
INFO 2026-09-28 11:23:22,068 train_utils.py: 271: Train Epoch: [4][ 880/2110] | Batch Time: 2.00 (0.37) | Data Time: 1.78 (0.24) | Mem (GB): 14.00 (7.18/15.00) | Time Elapsed: 00d 01h 01m | Losses/train_all_loss: 4.48e+01 (3.52e+01)
WARNING:root:Skip RandomAffine for zero-area mask in first frame after 1 tentatives
WARNING:root:Skip RandomAffine for zero-area mask in first frame after 1 tentatives
WARNING:root:Skip RandomAffine for zero-area mask in first frame after 1 tentatives
WARNING:root:Skip RandomAffine for zero-area mask in first frame after 1 tentatives
WARNING:root:Skip RandomAffine for zero-area mask in first frame after 1 tentatives
INFO 2026-09-28 11:23:26,024 train_utils.py: 271: Train Epoch: [4][ 890/2110] | Batch Time: 0.17 (0.37) | Data Time: 0.00 (0.24) | Mem (GB): 10.00 (7.20/15.00) | Time Elapsed: 00d 01h 01m | Losses/train_all_loss: 3.24e+00 (3.50e+01)
WARNING:root:Skip RandomAffine for zero-area mask in first frame after 1 tentatives
WARNING:root:Skip RandomAffine for zero-area mask in first frame after 1 tentatives
INFO 2026-09-28 11:23:30,410 train_utils.py: 271: Train Epoch: [4][ 900/2110] | Batch Time: 0.52 (0.38) | Data Time: 0.41 (0.24) | Mem (GB): 5.00 (7.20/15.00) | Time Elapsed: 00d 01h 01m | Losses/train_all_loss: 2.93e-01 (3.46e+01)
INFO 2026-09-28 11:23:33,037 train_utils.py: 271: Train Epoch: [4][ 910/2110] | Batch Time: 0.25 (0.37) | Data Time: 0.10 (0.24) | Mem (GB): 8.00 (7.20/15.00) | Time Elapsed: 00d 01h 01m | Losses/train_all_loss: 2.57e+01 (3.45e+01)
WARNING:root:Skip RandomAffine for zero-area mask in first frame after 1 tentatives
WARNING:root:Skip RandomAffine for zero-area mask in first frame after 1 tentatives
WARNING:root:Skip RandomAffine for zero-area mask in first frame after 1 tentatives
INFO 2026-09-28 11:23:37,371 train_utils.py: 271: Train Epoch: [4][ 920/2110] | Batch Time: 0.08 (0.37) | Data Time: 0.00 (0.24) | Mem (GB): 3.00 (7.20/15.00) | Time Elapsed: 00d 01h 01m | Losses/train_all_loss: 2.51e-01 (3.46e+01)
WARNING:root:Skip RandomAffine for zero-area mask in first frame after 1 tentatives
WARNING:root:Skip RandomAffine for zero-area mask in first frame after 1 tentatives
INFO 2026-09-28 11:23:39,888 train_utils.py: 271: Train Epoch: [4][ 930/2110] | Batch Time: 0.30 (0.37) | Data Time: 0.12 (0.24) | Mem (GB): 12.00 (7.20/15.00) | Time Elapsed: 00d 01h 01m | Losses/train_all_loss: 2.27e-01 (3.44e+01)
WARNING:root:Skip RandomAffine for zero-area mask in first frame after 1 tentatives
WARNING:root:Skip RandomAffine for zero-area mask in first frame after 1 tentatives
WARNING:root:Skip RandomAffine for zero-area mask in first frame after 1 tentatives
WARNING:root:Skip RandomAffine for zero-area mask in first frame after 1 tentatives
INFO 2026-09-28 11:23:44,722 train_utils.py: 271: Train Epoch: [4][ 940/2110] | Batch Time: 0.29 (0.37) | Data Time: 0.06 (0.24) | Mem (GB): 15.00 (7.22/15.00) | Time Elapsed: 00d 01h 01m | Losses/train_all_loss: 4.05e+00 (3.41e+01)
WARNING:root:Skip RandomAffine for zero-area mask in first frame after 1 tentatives
WARNING:root:Skip RandomAffine for zero-area mask in first frame after 1 tentatives
WARNING:root:Skip RandomAffine for zero-area mask in first frame after 1 tentatives
WARNING:root:Skip RandomAffine for zero-area mask in first frame after 1 tentatives
INFO 2026-09-28 11:23:47,946 train_utils.py: 271: Train Epoch: [4][ 950/2110] | Batch Time: 0.08 (0.37) | Data Time: 0.00 (0.24) | Mem (GB): 2.00 (7.22/15.00) | Time Elapsed: 00d 01h 01m | Losses/train_all_loss: 4.98e-01 (3.42e+01)
WARNING:root:Skip RandomAffine for zero-area mask in first frame after 1 tentatives
WARNING:root:Skip RandomAffine for zero-area mask in first frame after 1 tentatives
WARNING:root:Skip RandomAffine for zero-area mask in first frame after 1 tentatives
INFO 2026-09-28 11:23:52,007 train_utils.py: 271: Train Epoch: [4][ 960/2110] | Batch Time: 0.14 (0.37) | Data Time: 0.00 (0.24) | Mem (GB): 8.00 (7.24/15.00) | Time Elapsed: 00d 01h 01m | Losses/train_all_loss: 8.64e-01 (3.39e+01)
WARNING:root:Skip RandomAffine for zero-area mask in first frame after 1 tentatives
WARNING:root:Skip RandomAffine for zero-area mask in first frame after 1 tentatives
INFO 2026-09-28 11:23:54,137 train_utils.py: 271: Train Epoch: [4][ 970/2110] | Batch Time: 0.14 (0.37) | Data Time: 0.00 (0.24) | Mem (GB): 8.00 (7.22/15.00) | Time Elapsed: 00d 01h 01m | Losses/train_all_loss: 5.88e+01 (3.38e+01)
WARNING:root:Skip RandomAffine for zero-area mask in first frame after 1 tentatives
WARNING:root:Skip RandomAffine for zero-area mask in first frame after 1 tentatives
WARNING:root:Skip RandomAffine for zero-area mask in first frame after 1 tentatives
WARNING:root:Skip RandomAffine for zero-area mask in first frame after 1 tentatives
INFO 2026-09-28 11:23:57,004 train_utils.py: 271: Train Epoch: [4][ 980/2110] | Batch Time: 0.09 (0.37) | Data Time: 0.00 (0.24) | Mem (GB): 2.00 (7.21/15.00) | Time Elapsed: 00d 01h 01m | Losses/train_all_loss: 5.43e+02 (3.51e+01)
WARNING:root:Skip RandomAffine for zero-area mask in first frame after 1 tentatives
WARNING:root:Skip RandomAffine for zero-area mask in first frame after 1 tentatives
INFO 2026-09-28 11:23:59,951 train_utils.py: 271: Train Epoch: [4][ 990/2110] | Batch Time: 0.13 (0.37) | Data Time: 0.00 (0.24) | Mem (GB): 7.00 (7.21/15.00) | Time Elapsed: 00d 01h 02m | Losses/train_all_loss: 1.79e-01 (3.49e+01)
WARNING:root:Skip RandomAffine for zero-area mask in first frame after 1 tentatives
WARNING:root:Skip RandomAffine for zero-area mask in first frame after 1 tentatives
WARNING:root:Skip RandomAffine for zero-area mask in first frame after 1 tentatives
WARNING:root:Skip RandomAffine for zero-area mask in first frame after 1 tentatives
WARNING:root:Skip RandomAffine for zero-area mask in first frame after 1 tentatives
INFO 2026-09-28 11:24:03,770 train_utils.py: 271: Train Epoch: [4][1000/2110] | Batch Time: 0.10 (0.37) | Data Time: 0.00 (0.24) | Mem (GB): 3.00 (7.22/15.00) | Time Elapsed: 00d 01h 02m | Losses/train_all_loss: 4.39e-01 (3.50e+01)
WARNING:root:Skip RandomAffine for zero-area mask in first frame after 1 tentatives
WARNING:root:Skip RandomAffine for zero-area mask in first frame after 1 tentatives
WARNING:root:Skip RandomAffine for zero-area mask in first frame after 1 tentatives
WARNING:root:Skip RandomAffine for zero-area mask in first frame after 1 tentatives
WARNING:root:Skip RandomAffine for zero-area mask in first frame after 1 tentatives
WARNING:root:Skip RandomAffine for zero-area mask in first frame after 1 tentatives
INFO 2026-09-28 11:24:07,921 train_utils.py: 271: Train Epoch: [4][1010/2110] | Batch Time: 0.07 (0.37) | Data Time: 0.00 (0.24) | Mem (GB): 2.00 (7.22/15.00) | Time Elapsed: 00d 01h 02m | Losses/train_all_loss: 2.25e-01 (3.47e+01)
WARNING:root:Skip RandomAffine for zero-area mask in first frame after 1 tentatives
WARNING:root:Skip RandomAffine for zero-area mask in first frame after 1 tentatives
WARNING:root:Skip RandomAffine for zero-area mask in first frame after 1 tentatives
WARNING:root:Skip RandomAffine for zero-area mask in first frame after 1 tentatives
INFO 2026-09-28 11:24:10,627 train_utils.py: 271: Train Epoch: [4][1020/2110] | Batch Time: 0.10 (0.37) | Data Time: 0.00 (0.23) | Mem (GB): 3.00 (7.21/15.00) | Time Elapsed: 00d 01h 02m | Losses/train_all_loss: 2.43e-01 (3.45e+01)
WARNING:root:Skip RandomAffine for zero-area mask in first frame after 1 tentatives
WARNING:root:Skip RandomAffine for zero-area mask in first frame after 1 tentatives
WARNING:root:Skip RandomAffine for zero-area mask in first frame after 1 tentatives
WARNING:root:Skip RandomAffine for zero-area mask in first frame after 1 tentatives
INFO 2026-09-28 11:24:13,547 train_utils.py: 271: Train Epoch: [4][1030/2110] | Batch Time: 0.13 (0.37) | Data Time: 0.00 (0.23) | Mem (GB): 7.00 (7.21/15.00) | Time Elapsed: 00d 01h 02m | Losses/train_all_loss: 4.35e-01 (3.45e+01)
WARNING:root:Skip RandomAffine for zero-area mask in first frame after 1 tentatives
INFO 2026-09-28 11:24:17,544 train_utils.py: 271: Train Epoch: [4][1040/2110] | Batch Time: 0.09 (0.37) | Data Time: 0.00 (0.23) | Mem (GB): 5.00 (7.21/15.00) | Time Elapsed: 00d 01h 02m | Losses/train_all_loss: 3.42e-01 (3.42e+01)
WARNING:root:Skip RandomAffine for zero-area mask in first frame after 1 tentatives
WARNING:root:Skip RandomAffine for zero-area mask in first frame after 1 tentatives
WARNING:root:Skip RandomAffine for zero-area mask in first frame after 1 tentatives
INFO 2026-09-28 11:24:21,209 train_utils.py: 271: Train Epoch: [4][1050/2110] | Batch Time: 0.16 (0.37) | Data Time: 0.00 (0.23) | Mem (GB): 10.00 (7.21/15.00) | Time Elapsed: 00d 01h 02m | Losses/train_all_loss: 5.91e+00 (3.41e+01)
WARNING:root:Skip RandomAffine for zero-area mask in first frame after 1 tentatives
WARNING:root:Skip RandomAffine for zero-area mask in first frame after 1 tentatives
INFO 2026-09-28 11:24:23,657 train_utils.py: 271: Train Epoch: [4][1060/2110] | Batch Time: 0.09 (0.37) | Data Time: 0.00 (0.23) | Mem (GB): 3.00 (7.20/15.00) | Time Elapsed: 00d 01h 02m | Losses/train_all_loss: 2.18e-01 (3.46e+01)
WARNING:root:Skip RandomAffine for zero-area mask in first frame after 1 tentatives
WARNING:root:Skip RandomAffine for zero-area mask in first frame after 1 tentatives
INFO 2026-09-28 11:24:28,347 train_utils.py: 271: Train Epoch: [4][1070/2110] | Batch Time: 0.09 (0.37) | Data Time: 0.00 (0.23) | Mem (GB): 2.00 (7.19/15.00) | Time Elapsed: 00d 01h 02m | Losses/train_all_loss: 8.03e-01 (3.50e+01)
WARNING:root:Skip RandomAffine for zero-area mask in first frame after 1 tentatives
WARNING:root:Skip RandomAffine for zero-area mask in first frame after 1 tentatives
WARNING:root:Skip RandomAffine for zero-area mask in first frame after 1 tentatives
INFO 2026-09-28 11:24:33,621 train_utils.py: 271: Train Epoch: [4][1080/2110] | Batch Time: 0.14 (0.37) | Data Time: 0.00 (0.24) | Mem (GB): 8.00 (7.19/15.00) | Time Elapsed: 00d 01h 02m | Losses/train_all_loss: 8.63e+00 (3.51e+01)
WARNING:root:Skip RandomAffine for zero-area mask in first frame after 1 tentatives
WARNING:root:Skip RandomAffine for zero-area mask in first frame after 1 tentatives
WARNING:root:Skip RandomAffine for zero-area mask in first frame after 1 tentatives
INFO 2026-09-28 11:24:35,845 train_utils.py: 271: Train Epoch: [4][1090/2110] | Batch Time: 0.09 (0.37) | Data Time: 0.00 (0.23) | Mem (GB): 5.00 (7.19/15.00) | Time Elapsed: 00d 01h 02m | Losses/train_all_loss: 1.34e-01 (3.54e+01)
WARNING:root:Skip RandomAffine for zero-area mask in first frame after 1 tentatives
WARNING:root:Skip RandomAffine for zero-area mask in first frame after 1 tentatives
INFO 2026-09-28 11:24:39,660 train_utils.py: 271: Train Epoch: [4][1100/2110] | Batch Time: 0.76 (0.37) | Data Time: 0.60 (0.23) | Mem (GB): 8.00 (7.19/15.00) | Time Elapsed: 00d 01h 02m | Losses/train_all_loss: 9.62e-01 (3.52e+01)
WARNING:root:Skip RandomAffine for zero-area mask in first frame after 1 tentatives
WARNING:root:Skip RandomAffine for zero-area mask in first frame after 1 tentatives
WARNING:root:Skip RandomAffine for zero-area mask in first frame after 1 tentatives
WARNING:root:Skip RandomAffine for zero-area mask in first frame after 1 tentatives
WARNING:root:Skip RandomAffine for zero-area mask in first frame after 1 tentatives
WARNING:root:Skip RandomAffine for zero-area mask in first frame after 1 tentatives
WARNING:root:Skip RandomAffine for zero-area mask in first frame after 1 tentatives
INFO 2026-09-28 11:24:42,484 train_utils.py: 271: Train Epoch: [4][1110/2110] | Batch Time: 0.92 (0.37) | Data Time: 0.72 (0.23) | Mem (GB): 13.00 (7.19/15.00) | Time Elapsed: 00d 01h 02m | Losses/train_all_loss: 1.88e+02 (3.53e+01)
WARNING:root:Skip RandomAffine for zero-area mask in first frame after 1 tentatives
INFO 2026-09-28 11:24:44,856 train_utils.py: 271: Train Epoch: [4][1120/2110] | Batch Time: 0.16 (0.37) | Data Time: 0.00 (0.23) | Mem (GB): 10.00 (7.18/15.00) | Time Elapsed: 00d 01h 02m | Losses/train_all_loss: 3.90e-01 (3.54e+01)
WARNING:root:Skip RandomAffine for zero-area mask in first frame after 1 tentatives
WARNING:root:Skip RandomAffine for zero-area mask in first frame after 1 tentatives
WARNING:root:Skip RandomAffine for zero-area mask in first frame after 1 tentatives
WARNING:root:Skip RandomAffine for zero-area mask in first frame after 1 tentatives
WARNING:root:Skip RandomAffine for zero-area mask in first frame after 1 tentatives
WARNING:root:Skip RandomAffine for zero-area mask in first frame after 1 tentatives
WARNING:root:Skip RandomAffine for zero-area mask in first frame after 1 tentatives
INFO 2026-09-28 11:24:49,422 train_utils.py: 271: Train Epoch: [4][1130/2110] | Batch Time: 1.91 (0.37) | Data Time: 1.71 (0.23) | Mem (GB): 10.00 (7.19/15.00) | Time Elapsed: 00d 01h 02m | Losses/train_all_loss: 1.08e+00 (3.51e+01)
WARNING:root:Skip RandomAffine for zero-area mask in first frame after 1 tentatives
WARNING:root:Skip RandomAffine for zero-area mask in first frame after 1 tentatives
WARNING:root:Skip RandomAffine for zero-area mask in first frame after 1 tentatives
INFO 2026-09-28 11:24:52,956 train_utils.py: 271: Train Epoch: [4][1140/2110] | Batch Time: 0.19 (0.37) | Data Time: 0.00 (0.23) | Mem (GB): 11.00 (7.20/15.00) | Time Elapsed: 00d 01h 02m | Losses/train_all_loss: 5.22e+00 (3.51e+01)
WARNING:root:Skip RandomAffine for zero-area mask in first frame after 1 tentatives
INFO 2026-09-28 11:24:55,435 train_utils.py: 271: Train Epoch: [4][1150/2110] | Batch Time: 0.39 (0.37) | Data Time: 0.21 (0.23) | Mem (GB): 10.00 (7.20/15.00) | Time Elapsed: 00d 01h 02m | Losses/train_all_loss: 3.34e-01 (3.54e+01)
WARNING:root:Skip RandomAffine for zero-area mask in first frame after 1 tentatives
WARNING:root:Skip RandomAffine for zero-area mask in first frame after 1 tentatives
WARNING:root:Skip RandomAffine for zero-area mask in first frame after 1 tentatives
WARNING:root:Skip RandomAffine for zero-area mask in first frame after 1 tentatives
WARNING:root:Skip RandomAffine for zero-area mask in first frame after 1 tentatives
WARNING:root:Skip RandomAffine for zero-area mask in first frame after 1 tentatives
INFO 2026-09-28 11:24:58,911 train_utils.py: 271: Train Epoch: [4][1160/2110] | Batch Time: 0.10 (0.37) | Data Time: 0.00 (0.23) | Mem (GB): 5.00 (7.20/15.00) | Time Elapsed: 00d 01h 02m | Losses/train_all_loss: 1.10e+01 (3.55e+01)
WARNING:root:Skip RandomAffine for zero-area mask in first frame after 1 tentatives
WARNING:root:Skip RandomAffine for zero-area mask in first frame after 1 tentatives
WARNING:root:Skip RandomAffine for zero-area mask in first frame after 1 tentatives
WARNING:root:Skip RandomAffine for zero-area mask in first frame after 1 tentatives
WARNING:root:Skip RandomAffine for zero-area mask in first frame after 1 tentatives
WARNING:root:Skip RandomAffine for zero-area mask in first frame after 1 tentatives
INFO 2026-09-28 11:25:02,546 train_utils.py: 271: Train Epoch: [4][1170/2110] | Batch Time: 0.71 (0.37) | Data Time: 0.57 (0.23) | Mem (GB): 7.00 (7.19/15.00) | Time Elapsed: 00d 01h 03m | Losses/train_all_loss: 4.63e+01 (3.58e+01)
WARNING:root:Skip RandomAffine for zero-area mask in first frame after 1 tentatives
WARNING:root:Skip RandomAffine for zero-area mask in first frame after 1 tentatives
WARNING:root:Skip RandomAffine for zero-area mask in first frame after 1 tentatives
WARNING:root:Skip RandomAffine for zero-area mask in first frame after 1 tentatives
WARNING:root:Skip RandomAffine for zero-area mask in first frame after 1 tentatives
INFO 2026-09-28 11:25:05,878 train_utils.py: 271: Train Epoch: [4][1180/2110] | Batch Time: 0.16 (0.37) | Data Time: 0.00 (0.23) | Mem (GB): 10.00 (7.19/15.00) | Time Elapsed: 00d 01h 03m | Losses/train_all_loss: 1.78e+01 (3.57e+01)
WARNING:root:Skip RandomAffine for zero-area mask in first frame after 1 tentatives
WARNING:root:Skip RandomAffine for zero-area mask in first frame after 1 tentatives
WARNING:root:Skip RandomAffine for zero-area mask in first frame after 1 tentatives
INFO 2026-09-28 11:25:09,663 train_utils.py: 271: Train Epoch: [4][1190/2110] | Batch Time: 0.82 (0.37) | Data Time: 0.61 (0.23) | Mem (GB): 13.00 (7.20/15.00) | Time Elapsed: 00d 01h 03m | Losses/train_all_loss: 3.79e-01 (3.55e+01)
WARNING:root:Skip RandomAffine for zero-area mask in first frame after 1 tentatives
WARNING:root:Skip RandomAffine for zero-area mask in first frame after 1 tentatives
WARNING:root:Skip RandomAffine for zero-area mask in first frame after 1 tentatives
INFO 2026-09-28 11:25:13,107 train_utils.py: 271: Train Epoch: [4][1200/2110] | Batch Time: 0.18 (0.37) | Data Time: 0.00 (0.23) | Mem (GB): 8.00 (7.19/15.00) | Time Elapsed: 00d 01h 03m | Losses/train_all_loss: 7.70e+01 (3.55e+01)
WARNING:root:Skip RandomAffine for zero-area mask in first frame after 1 tentatives
WARNING:root:Skip RandomAffine for zero-area mask in first frame after 1 tentatives
WARNING:root:Skip RandomAffine for zero-area mask in first frame after 1 tentatives
WARNING:root:Skip RandomAffine for zero-area mask in first frame after 1 tentatives
WARNING:root:Skip RandomAffine for zero-area mask in first frame after 1 tentatives
INFO 2026-09-28 11:25:16,169 train_utils.py: 271: Train Epoch: [4][1210/2110] | Batch Time: 0.83 (0.37) | Data Time: 0.65 (0.23) | Mem (GB): 11.00 (7.18/15.00) | Time Elapsed: 00d 01h 03m | Losses/train_all_loss: 1.18e+01 (3.57e+01)
WARNING:root:Skip RandomAffine for zero-area mask in first frame after 1 tentatives
WARNING:root:Skip RandomAffine for zero-area mask in first frame after 1 tentatives
WARNING:root:Skip RandomAffine for zero-area mask in first frame after 1 tentatives
WARNING:root:Skip RandomAffine for zero-area mask in first frame after 1 tentatives
WARNING:root:Skip RandomAffine for zero-area mask in first frame after 1 tentatives
WARNING:root:Skip RandomAffine for zero-area mask in first frame after 1 tentatives
INFO 2026-09-28 11:25:19,849 train_utils.py: 271: Train Epoch: [4][1220/2110] | Batch Time: 0.08 (0.37) | Data Time: 0.00 (0.23) | Mem (GB): 2.00 (7.18/15.00) | Time Elapsed: 00d 01h 03m | Losses/train_all_loss: 6.16e-01 (3.57e+01)
WARNING:root:Skip RandomAffine for zero-area mask in first frame after 1 tentatives
WARNING:root:Skip RandomAffine for zero-area mask in first frame after 1 tentatives
WARNING:root:Skip RandomAffine for zero-area mask in first frame after 1 tentatives
INFO 2026-09-28 11:25:23,252 train_utils.py: 271: Train Epoch: [4][1230/2110] | Batch Time: 0.76 (0.37) | Data Time: 0.57 (0.23) | Mem (GB): 10.00 (7.19/15.00) | Time Elapsed: 00d 01h 03m | Losses/train_all_loss: 7.38e+01 (3.55e+01)
WARNING:root:Skip RandomAffine for zero-area mask in first frame after 1 tentatives
WARNING:root:Skip RandomAffine for zero-area mask in first frame after 1 tentatives
INFO 2026-09-28 11:25:26,517 train_utils.py: 271: Train Epoch: [4][1240/2110] | Batch Time: 0.14 (0.37) | Data Time: 0.00 (0.23) | Mem (GB): 7.00 (7.17/15.00) | Time Elapsed: 00d 01h 03m | Losses/train_all_loss: 1.61e-01 (3.53e+01)
WARNING:root:Skip RandomAffine for zero-area mask in first frame after 1 tentatives
WARNING:root:Skip RandomAffine for zero-area mask in first frame after 1 tentatives
INFO 2026-09-28 11:25:31,068 train_utils.py: 271: Train Epoch: [4][1250/2110] | Batch Time: 0.09 (0.37) | Data Time: 0.00 (0.23) | Mem (GB): 4.00 (7.19/15.00) | Time Elapsed: 00d 01h 03m | Losses/train_all_loss: 4.50e-01 (3.52e+01)
WARNING:root:Skip RandomAffine for zero-area mask in first frame after 1 tentatives
WARNING:root:Skip RandomAffine for zero-area mask in first frame after 1 tentatives
INFO 2026-09-28 11:25:34,061 train_utils.py: 271: Train Epoch: [4][1260/2110] | Batch Time: 0.11 (0.37) | Data Time: 0.00 (0.23) | Mem (GB): 2.00 (7.19/15.00) | Time Elapsed: 00d 01h 03m | Losses/train_all_loss: 1.18e+02 (3.57e+01)
WARNING:root:Skip RandomAffine for zero-area mask in first frame after 1 tentatives
WARNING:root:Skip RandomAffine for zero-area mask in first frame after 1 tentatives
WARNING:root:Skip RandomAffine for zero-area mask in first frame after 1 tentatives
WARNING:root:Skip RandomAffine for zero-area mask in first frame after 1 tentatives
WARNING:root:Skip RandomAffine for zero-area mask in first frame after 1 tentatives
WARNING:root:Skip RandomAffine for zero-area mask in first frame after 1 tentatives
INFO 2026-09-28 11:25:37,752 train_utils.py: 271: Train Epoch: [4][1270/2110] | Batch Time: 0.14 (0.37) | Data Time: 0.00 (0.23) | Mem (GB): 8.00 (7.19/15.00) | Time Elapsed: 00d 01h 03m | Losses/train_all_loss: 8.99e+01 (3.57e+01)
WARNING:root:Skip RandomAffine for zero-area mask in first frame after 1 tentatives
WARNING:root:Skip RandomAffine for zero-area mask in first frame after 1 tentatives
WARNING:root:Skip RandomAffine for zero-area mask in first frame after 1 tentatives
WARNING:root:Skip RandomAffine for zero-area mask in first frame after 1 tentatives
WARNING:root:Skip RandomAffine for zero-area mask in first frame after 1 tentatives
WARNING:root:Skip RandomAffine for zero-area mask in first frame after 1 tentatives
WARNING:root:Skip RandomAffine for zero-area mask in first frame after 1 tentatives
INFO 2026-09-28 11:25:41,540 train_utils.py: 271: Train Epoch: [4][1280/2110] | Batch Time: 0.16 (0.37) | Data Time: 0.00 (0.23) | Mem (GB): 8.00 (7.19/15.00) | Time Elapsed: 00d 01h 03m | Losses/train_all_loss: 1.55e+02 (3.55e+01)
WARNING:root:Skip RandomAffine for zero-area mask in first frame after 1 tentatives
INFO 2026-09-28 11:25:44,088 train_utils.py: 271: Train Epoch: [4][1290/2110] | Batch Time: 0.15 (0.37) | Data Time: 0.00 (0.23) | Mem (GB): 8.00 (7.19/15.00) | Time Elapsed: 00d 01h 03m | Losses/train_all_loss: 5.29e-01 (3.53e+01)
WARNING:root:Skip RandomAffine for zero-area mask in first frame after 1 tentatives
WARNING:root:Skip RandomAffine for zero-area mask in first frame after 1 tentatives
INFO 2026-09-28 11:25:48,339 train_utils.py: 271: Train Epoch: [4][1300/2110] | Batch Time: 0.11 (0.37) | Data Time: 0.00 (0.23) | Mem (GB): 5.00 (7.20/15.00) | Time Elapsed: 00d 01h 03m | Losses/train_all_loss: 6.73e+01 (3.53e+01)
WARNING:root:Skip RandomAffine for zero-area mask in first frame after 1 tentatives
WARNING:root:Skip RandomAffine for zero-area mask in first frame after 1 tentatives
WARNING:root:Skip RandomAffine for zero-area mask in first frame after 1 tentatives
WARNING:root:Skip RandomAffine for zero-area mask in first frame after 1 tentatives
INFO 2026-09-28 11:25:52,982 train_utils.py: 271: Train Epoch: [4][1310/2110] | Batch Time: 1.47 (0.37) | Data Time: 1.28 (0.23) | Mem (GB): 10.00 (7.20/15.00) | Time Elapsed: 00d 01h 03m | Losses/train_all_loss: 1.06e+00 (3.59e+01)
WARNING:root:Skip RandomAffine for zero-area mask in first frame after 1 tentatives
WARNING:root:Skip RandomAffine for zero-area mask in first frame after 1 tentatives
WARNING:root:Skip RandomAffine for zero-area mask in first frame after 1 tentatives
WARNING:root:Skip RandomAffine for zero-area mask in first frame after 1 tentatives
WARNING:root:Skip RandomAffine for zero-area mask in first frame after 1 tentatives
INFO 2026-09-28 11:25:57,404 train_utils.py: 271: Train Epoch: [4][1320/2110] | Batch Time: 0.15 (0.37) | Data Time: 0.00 (0.23) | Mem (GB): 9.00 (7.21/15.00) | Time Elapsed: 00d 01h 03m | Losses/train_all_loss: 2.66e+01 (3.57e+01)
WARNING:root:Skip RandomAffine for zero-area mask in first frame after 1 tentatives
WARNING:root:Skip RandomAffine for zero-area mask in first frame after 1 tentatives
WARNING:root:Skip RandomAffine for zero-area mask in first frame after 1 tentatives
WARNING:root:Skip RandomAffine for zero-area mask in first frame after 1 tentatives
WARNING:root:Skip RandomAffine for zero-area mask in first frame after 1 tentatives
WARNING:root:Skip RandomAffine for zero-area mask in first frame after 1 tentatives
INFO 2026-09-28 11:25:59,772 train_utils.py: 271: Train Epoch: [4][1330/2110] | Batch Time: 0.16 (0.37) | Data Time: 0.00 (0.23) | Mem (GB): 9.00 (7.21/15.00) | Time Elapsed: 00d 01h 04m | Losses/train_all_loss: 5.33e+00 (3.56e+01)
WARNING:root:Skip RandomAffine for zero-area mask in first frame after 1 tentatives
WARNING:root:Skip RandomAffine for zero-area mask in first frame after 1 tentatives
WARNING:root:Skip RandomAffine for zero-area mask in first frame after 1 tentatives
WARNING:root:Skip RandomAffine for zero-area mask in first frame after 1 tentatives
INFO 2026-09-28 11:26:03,259 train_utils.py: 271: Train Epoch: [4][1340/2110] | Batch Time: 0.10 (0.37) | Data Time: 0.00 (0.23) | Mem (GB): 3.00 (7.21/15.00) | Time Elapsed: 00d 01h 04m | Losses/train_all_loss: 1.88e-01 (3.54e+01)
WARNING:root:Skip RandomAffine for zero-area mask in first frame after 1 tentatives
WARNING:root:Skip RandomAffine for zero-area mask in first frame after 1 tentatives
WARNING:root:Skip RandomAffine for zero-area mask in first frame after 1 tentatives
INFO 2026-09-28 11:26:07,172 train_utils.py: 271: Train Epoch: [4][1350/2110] | Batch Time: 0.12 (0.37) | Data Time: 0.00 (0.23) | Mem (GB): 6.00 (7.21/15.00) | Time Elapsed: 00d 01h 04m | Losses/train_all_loss: 3.39e+01 (3.53e+01)
WARNING:root:Skip RandomAffine for zero-area mask in first frame after 1 tentatives
WARNING:root:Skip RandomAffine for zero-area mask in first frame after 1 tentatives
WARNING:root:Skip RandomAffine for zero-area mask in first frame after 1 tentatives
WARNING:root:Skip RandomAffine for zero-area mask in first frame after 1 tentatives
INFO 2026-09-28 11:26:10,816 train_utils.py: 271: Train Epoch: [4][1360/2110] | Batch Time: 0.13 (0.37) | Data Time: 0.00 (0.23) | Mem (GB): 7.00 (7.22/15.00) | Time Elapsed: 00d 01h 04m | Losses/train_all_loss: 1.35e-01 (3.56e+01)
INFO 2026-09-28 11:26:14,724 train_utils.py: 271: Train Epoch: [4][1370/2110] | Batch Time: 0.14 (0.37) | Data Time: 0.00 (0.23) | Mem (GB): 8.00 (7.22/15.00) | Time Elapsed: 00d 01h 04m | Losses/train_all_loss: 1.04e+01 (3.55e+01)
INFO 2026-09-28 11:26:16,894 train_utils.py: 271: Train Epoch: [4][1380/2110] | Batch Time: 0.25 (0.37) | Data Time: 0.16 (0.23) | Mem (GB): 3.00 (7.20/15.00) | Time Elapsed: 00d 01h 04m | Losses/train_all_loss: 3.50e-01 (3.56e+01)
WARNING:root:Skip RandomAffine for zero-area mask in first frame after 1 tentatives
WARNING:root:Skip RandomAffine for zero-area mask in first frame after 1 tentatives
WARNING:root:Skip RandomAffine for zero-area mask in first frame after 1 tentatives
WARNING:root:Skip RandomAffine for zero-area mask in first frame after 1 tentatives
INFO 2026-09-28 11:26:20,573 train_utils.py: 271: Train Epoch: [4][1390/2110] | Batch Time: 0.22 (0.37) | Data Time: 0.00 (0.23) | Mem (GB): 14.00 (7.20/15.00) | Time Elapsed: 00d 01h 04m | Losses/train_all_loss: 4.29e-01 (3.55e+01)
WARNING:root:Skip RandomAffine for zero-area mask in first frame after 1 tentatives
WARNING:root:Skip RandomAffine for zero-area mask in first frame after 1 tentatives
WARNING:root:Skip RandomAffine for zero-area mask in first frame after 1 tentatives
WARNING:root:Skip RandomAffine for zero-area mask in first frame after 1 tentatives
INFO 2026-09-28 11:26:25,437 train_utils.py: 271: Train Epoch: [4][1400/2110] | Batch Time: 1.49 (0.37) | Data Time: 1.33 (0.23) | Mem (GB): 8.00 (7.20/15.00) | Time Elapsed: 00d 01h 04m | Losses/train_all_loss: 5.61e-01 (3.54e+01)
WARNING:root:Skip RandomAffine for zero-area mask in first frame after 1 tentatives
WARNING:root:Skip RandomAffine for zero-area mask in first frame after 1 tentatives
WARNING:root:Skip RandomAffine for zero-area mask in first frame after 1 tentatives
INFO 2026-09-28 11:26:30,033 train_utils.py: 271: Train Epoch: [4][1410/2110] | Batch Time: 0.16 (0.37) | Data Time: 0.00 (0.23) | Mem (GB): 10.00 (7.21/15.00) | Time Elapsed: 00d 01h 04m | Losses/train_all_loss: 1.21e+02 (3.53e+01)
WARNING:root:Skip RandomAffine for zero-area mask in first frame after 1 tentatives
WARNING:root:Skip RandomAffine for zero-area mask in first frame after 1 tentatives
WARNING:root:Skip RandomAffine for zero-area mask in first frame after 1 tentatives
WARNING:root:Skip RandomAffine for zero-area mask in first frame after 1 tentatives
INFO 2026-09-28 11:26:34,889 train_utils.py: 271: Train Epoch: [4][1420/2110] | Batch Time: 1.34 (0.37) | Data Time: 1.20 (0.23) | Mem (GB): 8.00 (7.22/15.00) | Time Elapsed: 00d 01h 04m | Losses/train_all_loss: 3.32e+00 (3.54e+01)
WARNING:root:Skip RandomAffine for zero-area mask in first frame after 1 tentatives
WARNING:root:Skip RandomAffine for zero-area mask in first frame after 1 tentatives
WARNING:root:Skip RandomAffine for zero-area mask in first frame after 1 tentatives
INFO 2026-09-28 11:26:37,431 train_utils.py: 271: Train Epoch: [4][1430/2110] | Batch Time: 0.14 (0.37) | Data Time: 0.04 (0.23) | Mem (GB): 5.00 (7.21/15.00) | Time Elapsed: 00d 01h 04m | Losses/train_all_loss: 7.10e-02 (3.52e+01)
WARNING:root:Skip RandomAffine for zero-area mask in first frame after 1 tentatives
WARNING:root:Skip RandomAffine for zero-area mask in first frame after 1 tentatives
WARNING:root:Skip RandomAffine for zero-area mask in first frame after 1 tentatives
WARNING:root:Skip RandomAffine for zero-area mask in first frame after 1 tentatives
INFO 2026-09-28 11:26:42,104 train_utils.py: 271: Train Epoch: [4][1440/2110] | Batch Time: 0.18 (0.37) | Data Time: 0.00 (0.23) | Mem (GB): 11.00 (7.21/15.00) | Time Elapsed: 00d 01h 04m | Losses/train_all_loss: 1.23e+02 (3.55e+01)
WARNING:root:Skip RandomAffine for zero-area mask in first frame after 1 tentatives
WARNING:root:Skip RandomAffine for zero-area mask in first frame after 1 tentatives
INFO 2026-09-28 11:26:45,877 train_utils.py: 271: Train Epoch: [4][1450/2110] | Batch Time: 0.08 (0.37) | Data Time: 0.00 (0.23) | Mem (GB): 3.00 (7.21/15.00) | Time Elapsed: 00d 01h 04m | Losses/train_all_loss: 1.60e+02 (3.57e+01)
WARNING:root:Skip RandomAffine for zero-area mask in first frame after 1 tentatives
WARNING:root:Skip RandomAffine for zero-area mask in first frame after 1 tentatives
WARNING:root:Skip RandomAffine for zero-area mask in first frame after 1 tentatives
INFO 2026-09-28 11:26:49,841 train_utils.py: 271: Train Epoch: [4][1460/2110] | Batch Time: 0.26 (0.37) | Data Time: 0.12 (0.23) | Mem (GB): 8.00 (7.21/15.00) | Time Elapsed: 00d 01h 04m | Losses/train_all_loss: 2.16e+00 (3.57e+01)
WARNING:root:Skip RandomAffine for zero-area mask in first frame after 1 tentatives
WARNING:root:Skip RandomAffine for zero-area mask in first frame after 1 tentatives
WARNING:root:Skip RandomAffine for zero-area mask in first frame after 1 tentatives
WARNING:root:Skip RandomAffine for zero-area mask in first frame after 1 tentatives
WARNING:root:Skip RandomAffine for zero-area mask in first frame after 1 tentatives
INFO 2026-09-28 11:26:52,813 train_utils.py: 271: Train Epoch: [4][1470/2110] | Batch Time: 0.17 (0.37) | Data Time: 0.00 (0.23) | Mem (GB): 10.00 (7.20/15.00) | Time Elapsed: 00d 01h 04m | Losses/train_all_loss: 3.50e-01 (3.59e+01)
WARNING:root:Skip RandomAffine for zero-area mask in first frame after 1 tentatives
WARNING:root:Skip RandomAffine for zero-area mask in first frame after 1 tentatives
WARNING:root:Skip RandomAffine for zero-area mask in first frame after 1 tentatives
INFO 2026-09-28 11:26:57,022 train_utils.py: 271: Train Epoch: [4][1480/2110] | Batch Time: 0.42 (0.37) | Data Time: 0.26 (0.23) | Mem (GB): 10.00 (7.21/15.00) | Time Elapsed: 00d 01h 04m | Losses/train_all_loss: 7.97e-01 (3.58e+01)
WARNING:root:Skip RandomAffine for zero-area mask in first frame after 1 tentatives
WARNING:root:Skip RandomAffine for zero-area mask in first frame after 1 tentatives
WARNING:root:Skip RandomAffine for zero-area mask in first frame after 1 tentatives
INFO 2026-09-28 11:27:00,202 train_utils.py: 271: Train Epoch: [4][1490/2110] | Batch Time: 1.09 (0.37) | Data Time: 0.94 (0.23) | Mem (GB): 8.00 (7.21/15.00) | Time Elapsed: 00d 01h 05m | Losses/train_all_loss: 3.22e-01 (3.58e+01)
WARNING:root:Skip RandomAffine for zero-area mask in first frame after 1 tentatives
INFO 2026-09-28 11:27:03,672 train_utils.py: 271: Train Epoch: [4][1500/2110] | Batch Time: 0.14 (0.37) | Data Time: 0.00 (0.23) | Mem (GB): 7.00 (7.20/15.00) | Time Elapsed: 00d 01h 05m | Losses/train_all_loss: 5.41e+01 (3.58e+01)
WARNING:root:Skip RandomAffine for zero-area mask in first frame after 1 tentatives
WARNING:root:Skip RandomAffine for zero-area mask in first frame after 1 tentatives
INFO 2026-09-28 11:27:07,388 train_utils.py: 271: Train Epoch: [4][1510/2110] | Batch Time: 0.15 (0.37) | Data Time: 0.00 (0.23) | Mem (GB): 9.00 (7.20/15.00) | Time Elapsed: 00d 01h 05m | Losses/train_all_loss: 2.10e-01 (3.57e+01)
WARNING:root:Skip RandomAffine for zero-area mask in first frame after 1 tentatives
WARNING:root:Skip RandomAffine for zero-area mask in first frame after 1 tentatives
WARNING:root:Skip RandomAffine for zero-area mask in first frame after 1 tentatives
INFO 2026-09-28 11:27:12,319 train_utils.py: 271: Train Epoch: [4][1520/2110] | Batch Time: 0.14 (0.37) | Data Time: 0.00 (0.23) | Mem (GB): 7.00 (7.20/15.00) | Time Elapsed: 00d 01h 05m | Losses/train_all_loss: 1.28e+00 (3.56e+01)
WARNING:root:Skip RandomAffine for zero-area mask in first frame after 1 tentatives
WARNING:root:Skip RandomAffine for zero-area mask in first frame after 1 tentatives
INFO 2026-09-28 11:27:16,027 train_utils.py: 271: Train Epoch: [4][1530/2110] | Batch Time: 0.11 (0.37) | Data Time: 0.00 (0.23) | Mem (GB): 4.00 (7.19/15.00) | Time Elapsed: 00d 01h 05m | Losses/train_all_loss: 9.68e-02 (3.56e+01)
WARNING:root:Skip RandomAffine for zero-area mask in first frame after 1 tentatives
WARNING:root:Skip RandomAffine for zero-area mask in first frame after 1 tentatives
WARNING:root:Skip RandomAffine for zero-area mask in first frame after 1 tentatives
INFO 2026-09-28 11:27:19,904 train_utils.py: 271: Train Epoch: [4][1540/2110] | Batch Time: 0.16 (0.37) | Data Time: 0.00 (0.23) | Mem (GB): 8.00 (7.19/15.00) | Time Elapsed: 00d 01h 05m | Losses/train_all_loss: 3.95e-01 (3.55e+01)
INFO 2026-09-28 11:27:22,499 train_utils.py: 271: Train Epoch: [4][1550/2110] | Batch Time: 0.09 (0.37) | Data Time: 0.00 (0.23) | Mem (GB): 2.00 (7.17/15.00) | Time Elapsed: 00d 01h 05m | Losses/train_all_loss: 3.41e-01 (3.54e+01)
WARNING:root:Skip RandomAffine for zero-area mask in first frame after 1 tentatives
WARNING:root:Skip RandomAffine for zero-area mask in first frame after 1 tentatives
WARNING:root:Skip RandomAffine for zero-area mask in first frame after 1 tentatives
WARNING:root:Skip RandomAffine for zero-area mask in first frame after 1 tentatives
INFO 2026-09-28 11:27:26,484 train_utils.py: 271: Train Epoch: [4][1560/2110] | Batch Time: 0.11 (0.37) | Data Time: 0.00 (0.23) | Mem (GB): 5.00 (7.16/15.00) | Time Elapsed: 00d 01h 05m | Losses/train_all_loss: 1.20e-01 (3.58e+01)
WARNING:root:Skip RandomAffine for zero-area mask in first frame after 1 tentatives
WARNING:root:Skip RandomAffine for zero-area mask in first frame after 1 tentatives
WARNING:root:Skip RandomAffine for zero-area mask in first frame after 1 tentatives
WARNING:root:Skip RandomAffine for zero-area mask in first frame after 1 tentatives
WARNING:root:Skip RandomAffine for zero-area mask in first frame after 1 tentatives
INFO 2026-09-28 11:27:29,405 train_utils.py: 271: Train Epoch: [4][1570/2110] | Batch Time: 0.10 (0.37) | Data Time: 0.02 (0.23) | Mem (GB): 2.00 (7.16/15.00) | Time Elapsed: 00d 01h 05m | Losses/train_all_loss: 2.32e-01 (3.57e+01)
WARNING:root:Skip RandomAffine for zero-area mask in first frame after 1 tentatives
WARNING:root:Skip RandomAffine for zero-area mask in first frame after 1 tentatives
WARNING:root:Skip RandomAffine for zero-area mask in first frame after 1 tentatives
WARNING:root:Skip RandomAffine for zero-area mask in first frame after 1 tentatives
INFO 2026-09-28 11:27:32,761 train_utils.py: 271: Train Epoch: [4][1580/2110] | Batch Time: 0.42 (0.37) | Data Time: 0.30 (0.23) | Mem (GB): 6.00 (7.16/15.00) | Time Elapsed: 00d 01h 05m | Losses/train_all_loss: 5.39e-01 (3.57e+01)
WARNING:root:Skip RandomAffine for zero-area mask in first frame after 1 tentatives
WARNING:root:Skip RandomAffine for zero-area mask in first frame after 1 tentatives
WARNING:root:Skip RandomAffine for zero-area mask in first frame after 1 tentatives
WARNING:root:Skip RandomAffine for zero-area mask in first frame after 1 tentatives
WARNING:root:Skip RandomAffine for zero-area mask in first frame after 1 tentatives
WARNING:root:Skip RandomAffine for zero-area mask in first frame after 1 tentatives
INFO 2026-09-28 11:27:36,215 train_utils.py: 271: Train Epoch: [4][1590/2110] | Batch Time: 0.07 (0.37) | Data Time: 0.00 (0.23) | Mem (GB): 2.00 (7.16/15.00) | Time Elapsed: 00d 01h 05m | Losses/train_all_loss: 7.98e+02 (3.64e+01)
WARNING:root:Skip RandomAffine for zero-area mask in first frame after 1 tentatives
WARNING:root:Skip RandomAffine for zero-area mask in first frame after 1 tentatives
WARNING:root:Skip RandomAffine for zero-area mask in first frame after 1 tentatives
INFO 2026-09-28 11:27:39,729 train_utils.py: 271: Train Epoch: [4][1600/2110] | Batch Time: 0.18 (0.37) | Data Time: 0.00 (0.23) | Mem (GB): 9.00 (7.16/15.00) | Time Elapsed: 00d 01h 05m | Losses/train_all_loss: 8.10e+00 (3.65e+01)
WARNING:root:Skip RandomAffine for zero-area mask in first frame after 1 tentatives
WARNING:root:Skip RandomAffine for zero-area mask in first frame after 1 tentatives
WARNING:root:Skip RandomAffine for zero-area mask in first frame after 1 tentatives
INFO 2026-09-28 11:27:43,281 train_utils.py: 271: Train Epoch: [4][1610/2110] | Batch Time: 0.18 (0.37) | Data Time: 0.00 (0.23) | Mem (GB): 11.00 (7.16/15.00) | Time Elapsed: 00d 01h 05m | Losses/train_all_loss: 4.88e-01 (3.63e+01)
WARNING:root:Skip RandomAffine for zero-area mask in first frame after 1 tentatives
WARNING:root:Skip RandomAffine for zero-area mask in first frame after 1 tentatives
WARNING:root:Skip RandomAffine for zero-area mask in first frame after 1 tentatives
WARNING:root:Skip RandomAffine for zero-area mask in first frame after 1 tentatives
INFO 2026-09-28 11:27:47,813 train_utils.py: 271: Train Epoch: [4][1620/2110] | Batch Time: 0.14 (0.37) | Data Time: 0.00 (0.23) | Mem (GB): 8.00 (7.15/15.00) | Time Elapsed: 00d 01h 05m | Losses/train_all_loss: 5.79e-01 (3.63e+01)
WARNING:root:Skip RandomAffine for zero-area mask in first frame after 1 tentatives
WARNING:root:Skip RandomAffine for zero-area mask in first frame after 1 tentatives
WARNING:root:Skip RandomAffine for zero-area mask in first frame after 1 tentatives
WARNING:root:Skip RandomAffine for zero-area mask in first frame after 1 tentatives
WARNING:root:Skip RandomAffine for zero-area mask in first frame after 1 tentatives
INFO 2026-09-28 11:27:51,390 train_utils.py: 271: Train Epoch: [4][1630/2110] | Batch Time: 0.99 (0.37) | Data Time: 0.85 (0.23) | Mem (GB): 7.00 (7.15/15.00) | Time Elapsed: 00d 01h 05m | Losses/train_all_loss: 1.19e-01 (3.62e+01)
WARNING:root:Skip RandomAffine for zero-area mask in first frame after 1 tentatives
WARNING:root:Skip RandomAffine for zero-area mask in first frame after 1 tentatives
WARNING:root:Skip RandomAffine for zero-area mask in first frame after 1 tentatives
WARNING:root:Skip RandomAffine for zero-area mask in first frame after 1 tentatives
WARNING:root:Skip RandomAffine for zero-area mask in first frame after 1 tentatives
INFO 2026-09-28 11:27:56,430 train_utils.py: 271: Train Epoch: [4][1640/2110] | Batch Time: 1.81 (0.37) | Data Time: 1.57 (0.23) | Mem (GB): 15.00 (7.16/15.00) | Time Elapsed: 00d 01h 05m | Losses/train_all_loss: 2.36e+01 (3.60e+01)
WARNING:root:Skip RandomAffine for zero-area mask in first frame after 1 tentatives
WARNING:root:Skip RandomAffine for zero-area mask in first frame after 1 tentatives
INFO 2026-09-28 11:27:59,360 train_utils.py: 271: Train Epoch: [4][1650/2110] | Batch Time: 0.09 (0.37) | Data Time: 0.00 (0.23) | Mem (GB): 3.00 (7.15/15.00) | Time Elapsed: 00d 01h 06m | Losses/train_all_loss: 2.93e-01 (3.62e+01)
WARNING:root:Skip RandomAffine for zero-area mask in first frame after 1 tentatives
WARNING:root:Skip RandomAffine for zero-area mask in first frame after 1 tentatives
WARNING:root:Skip RandomAffine for zero-area mask in first frame after 1 tentatives
WARNING:root:Skip RandomAffine for zero-area mask in first frame after 1 tentatives
WARNING:root:Skip RandomAffine for zero-area mask in first frame after 1 tentatives
WARNING:root:Skip RandomAffine for zero-area mask in first frame after 1 tentatives
INFO 2026-09-28 11:28:04,711 train_utils.py: 271: Train Epoch: [4][1660/2110] | Batch Time: 0.64 (0.37) | Data Time: 0.51 (0.23) | Mem (GB): 6.00 (7.16/15.00) | Time Elapsed: 00d 01h 06m | Losses/train_all_loss: 6.50e-01 (3.62e+01)
WARNING:root:Skip RandomAffine for zero-area mask in first frame after 1 tentatives
WARNING:root:Skip RandomAffine for zero-area mask in first frame after 1 tentatives
INFO 2026-09-28 11:28:07,245 train_utils.py: 271: Train Epoch: [4][1670/2110] | Batch Time: 0.11 (0.37) | Data Time: 0.00 (0.23) | Mem (GB): 5.00 (7.16/15.00) | Time Elapsed: 00d 01h 06m | Losses/train_all_loss: 1.77e+02 (3.66e+01)
WARNING:root:Skip RandomAffine for zero-area mask in first frame after 1 tentatives
WARNING:root:Skip RandomAffine for zero-area mask in first frame after 1 tentatives
WARNING:root:Skip RandomAffine for zero-area mask in first frame after 1 tentatives
WARNING:root:Skip RandomAffine for zero-area mask in first frame after 1 tentatives
INFO 2026-09-28 11:28:11,908 train_utils.py: 271: Train Epoch: [4][1680/2110] | Batch Time: 0.20 (0.37) | Data Time: 0.00 (0.23) | Mem (GB): 12.00 (7.17/15.00) | Time Elapsed: 00d 01h 06m | Losses/train_all_loss: 3.72e-01 (3.67e+01)
WARNING:root:Skip RandomAffine for zero-area mask in first frame after 1 tentatives
WARNING:root:Skip RandomAffine for zero-area mask in first frame after 1 tentatives
WARNING:root:Skip RandomAffine for zero-area mask in first frame after 1 tentatives
INFO 2026-09-28 11:28:15,850 train_utils.py: 271: Train Epoch: [4][1690/2110] | Batch Time: 0.13 (0.37) | Data Time: 0.00 (0.23) | Mem (GB): 5.00 (7.18/15.00) | Time Elapsed: 00d 01h 06m | Losses/train_all_loss: 7.10e+01 (3.66e+01)
WARNING:root:Skip RandomAffine for zero-area mask in first frame after 1 tentatives
WARNING:root:Skip RandomAffine for zero-area mask in first frame after 1 tentatives
WARNING:root:Skip RandomAffine for zero-area mask in first frame after 1 tentatives
INFO 2026-09-28 11:28:18,806 train_utils.py: 271: Train Epoch: [4][1700/2110] | Batch Time: 0.16 (0.37) | Data Time: 0.00 (0.23) | Mem (GB): 8.00 (7.17/15.00) | Time Elapsed: 00d 01h 06m | Losses/train_all_loss: 4.44e+01 (3.66e+01)
WARNING:root:Skip RandomAffine for zero-area mask in first frame after 1 tentatives
WARNING:root:Skip RandomAffine for zero-area mask in first frame after 1 tentatives
WARNING:root:Skip RandomAffine for zero-area mask in first frame after 1 tentatives
WARNING:root:Skip RandomAffine for zero-area mask in first frame after 1 tentatives
WARNING:root:Skip RandomAffine for zero-area mask in first frame after 1 tentatives
INFO 2026-09-28 11:28:23,021 train_utils.py: 271: Train Epoch: [4][1710/2110] | Batch Time: 1.10 (0.37) | Data Time: 0.94 (0.23) | Mem (GB): 8.00 (7.17/15.00) | Time Elapsed: 00d 01h 06m | Losses/train_all_loss: 3.98e+01 (3.65e+01)
WARNING:root:Skip RandomAffine for zero-area mask in first frame after 1 tentatives
WARNING:root:Skip RandomAffine for zero-area mask in first frame after 1 tentatives
WARNING:root:Skip RandomAffine for zero-area mask in first frame after 1 tentatives
WARNING:root:Skip RandomAffine for zero-area mask in first frame after 1 tentatives
INFO 2026-09-28 11:28:25,979 train_utils.py: 271: Train Epoch: [4][1720/2110] | Batch Time: 0.13 (0.37) | Data Time: 0.00 (0.23) | Mem (GB): 6.00 (7.17/15.00) | Time Elapsed: 00d 01h 06m | Losses/train_all_loss: 1.46e-01 (3.64e+01)
WARNING:root:Skip RandomAffine for zero-area mask in first frame after 1 tentatives
WARNING:root:Skip RandomAffine for zero-area mask in first frame after 1 tentatives
WARNING:root:Skip RandomAffine for zero-area mask in first frame after 1 tentatives
WARNING:root:Skip RandomAffine for zero-area mask in first frame after 1 tentatives
INFO 2026-09-28 11:28:31,489 train_utils.py: 271: Train Epoch: [4][1730/2110] | Batch Time: 1.31 (0.37) | Data Time: 1.14 (0.23) | Mem (GB): 10.00 (7.18/15.00) | Time Elapsed: 00d 01h 06m | Losses/train_all_loss: 8.54e-01 (3.63e+01)
WARNING:root:Skip RandomAffine for zero-area mask in first frame after 1 tentatives
WARNING:root:Skip RandomAffine for zero-area mask in first frame after 1 tentatives
INFO 2026-09-28 11:28:34,849 train_utils.py: 271: Train Epoch: [4][1740/2110] | Batch Time: 0.88 (0.37) | Data Time: 0.65 (0.23) | Mem (GB): 12.00 (7.19/15.00) | Time Elapsed: 00d 01h 06m | Losses/train_all_loss: 9.54e+00 (3.61e+01)
INFO 2026-09-28 11:28:36,972 train_utils.py: 271: Train Epoch: [4][1750/2110] | Batch Time: 0.84 (0.37) | Data Time: 0.67 (0.23) | Mem (GB): 10.00 (7.17/15.00) | Time Elapsed: 00d 01h 06m | Losses/train_all_loss: 1.90e+00 (3.60e+01)
WARNING:root:Skip RandomAffine for zero-area mask in first frame after 1 tentatives
WARNING:root:Skip RandomAffine for zero-area mask in first frame after 1 tentatives
WARNING:root:Skip RandomAffine for zero-area mask in first frame after 1 tentatives
WARNING:root:Skip RandomAffine for zero-area mask in first frame after 1 tentatives
INFO 2026-09-28 11:28:40,300 train_utils.py: 271: Train Epoch: [4][1760/2110] | Batch Time: 0.26 (0.37) | Data Time: 0.12 (0.23) | Mem (GB): 7.00 (7.18/15.00) | Time Elapsed: 00d 01h 06m | Losses/train_all_loss: 3.45e+01 (3.60e+01)
WARNING:root:Skip RandomAffine for zero-area mask in first frame after 1 tentatives
INFO 2026-09-28 11:28:43,463 train_utils.py: 271: Train Epoch: [4][1770/2110] | Batch Time: 0.11 (0.37) | Data Time: 0.00 (0.23) | Mem (GB): 6.00 (7.17/15.00) | Time Elapsed: 00d 01h 06m | Losses/train_all_loss: 4.86e-01 (3.59e+01)
WARNING:root:Skip RandomAffine for zero-area mask in first frame after 1 tentatives
WARNING:root:Skip RandomAffine for zero-area mask in first frame after 1 tentatives
WARNING:root:Skip RandomAffine for zero-area mask in first frame after 1 tentatives
INFO 2026-09-28 11:28:47,290 train_utils.py: 271: Train Epoch: [4][1780/2110] | Batch Time: 0.15 (0.37) | Data Time: 0.00 (0.23) | Mem (GB): 9.00 (7.18/15.00) | Time Elapsed: 00d 01h 06m | Losses/train_all_loss: 3.66e-01 (3.58e+01)
INFO 2026-09-28 11:28:50,784 train_utils.py: 271: Train Epoch: [4][1790/2110] | Batch Time: 0.22 (0.37) | Data Time: 0.12 (0.23) | Mem (GB): 4.00 (7.18/15.00) | Time Elapsed: 00d 01h 06m | Losses/train_all_loss: 3.06e+02 (3.59e+01)
WARNING:root:Skip RandomAffine for zero-area mask in first frame after 1 tentatives
WARNING:root:Skip RandomAffine for zero-area mask in first frame after 1 tentatives
WARNING:root:Skip RandomAffine for zero-area mask in first frame after 1 tentatives
WARNING:root:Skip RandomAffine for zero-area mask in first frame after 1 tentatives
INFO 2026-09-28 11:28:53,911 train_utils.py: 271: Train Epoch: [4][1800/2110] | Batch Time: 0.26 (0.37) | Data Time: 0.15 (0.23) | Mem (GB): 4.00 (7.18/15.00) | Time Elapsed: 00d 01h 06m | Losses/train_all_loss: 7.72e-02 (3.58e+01)
WARNING:root:Skip RandomAffine for zero-area mask in first frame after 1 tentatives
WARNING:root:Skip RandomAffine for zero-area mask in first frame after 1 tentatives
WARNING:root:Skip RandomAffine for zero-area mask in first frame after 1 tentatives
INFO 2026-09-28 11:28:57,571 train_utils.py: 271: Train Epoch: [4][1810/2110] | Batch Time: 0.08 (0.37) | Data Time: 0.00 (0.23) | Mem (GB): 2.00 (7.18/15.00) | Time Elapsed: 00d 01h 06m | Losses/train_all_loss: 1.06e+00 (3.57e+01)
WARNING:root:Skip RandomAffine for zero-area mask in first frame after 1 tentatives
WARNING:root:Skip RandomAffine for zero-area mask in first frame after 1 tentatives
WARNING:root:Skip RandomAffine for zero-area mask in first frame after 1 tentatives
INFO 2026-09-28 11:29:01,517 train_utils.py: 271: Train Epoch: [4][1820/2110] | Batch Time: 0.38 (0.37) | Data Time: 0.29 (0.23) | Mem (GB): 3.00 (7.18/15.00) | Time Elapsed: 00d 01h 07m | Losses/train_all_loss: 2.20e-01 (3.55e+01)
WARNING:root:Skip RandomAffine for zero-area mask in first frame after 1 tentatives
WARNING:root:Skip RandomAffine for zero-area mask in first frame after 1 tentatives
WARNING:root:Skip RandomAffine for zero-area mask in first frame after 1 tentatives
INFO 2026-09-28 11:29:05,311 train_utils.py: 271: Train Epoch: [4][1830/2110] | Batch Time: 0.08 (0.37) | Data Time: 0.00 (0.23) | Mem (GB): 2.00 (7.18/15.00) | Time Elapsed: 00d 01h 07m | Losses/train_all_loss: 1.42e-01 (3.55e+01)
WARNING:root:Skip RandomAffine for zero-area mask in first frame after 1 tentatives
WARNING:root:Skip RandomAffine for zero-area mask in first frame after 1 tentatives
WARNING:root:Skip RandomAffine for zero-area mask in first frame after 1 tentatives
WARNING:root:Skip RandomAffine for zero-area mask in first frame after 1 tentatives
WARNING:root:Skip RandomAffine for zero-area mask in first frame after 1 tentatives
INFO 2026-09-28 11:29:09,928 train_utils.py: 271: Train Epoch: [4][1840/2110] | Batch Time: 0.66 (0.37) | Data Time: 0.45 (0.23) | Mem (GB): 13.00 (7.19/15.00) | Time Elapsed: 00d 01h 07m | Losses/train_all_loss: 3.41e+01 (3.53e+01)
WARNING:root:Skip RandomAffine for zero-area mask in first frame after 1 tentatives
WARNING:root:Skip RandomAffine for zero-area mask in first frame after 1 tentatives
WARNING:root:Skip RandomAffine for zero-area mask in first frame after 1 tentatives
INFO 2026-09-28 11:29:13,278 train_utils.py: 271: Train Epoch: [4][1850/2110] | Batch Time: 0.09 (0.37) | Data Time: 0.00 (0.23) | Mem (GB): 4.00 (7.19/15.00) | Time Elapsed: 00d 01h 07m | Losses/train_all_loss: 2.49e-01 (3.53e+01)
WARNING:root:Skip RandomAffine for zero-area mask in first frame after 1 tentatives
WARNING:root:Skip RandomAffine for zero-area mask in first frame after 1 tentatives
INFO 2026-09-28 11:29:16,990 train_utils.py: 271: Train Epoch: [4][1860/2110] | Batch Time: 0.66 (0.37) | Data Time: 0.50 (0.23) | Mem (GB): 10.00 (7.19/15.00) | Time Elapsed: 00d 01h 07m | Losses/train_all_loss: 2.90e-01 (3.52e+01)
WARNING:root:Skip RandomAffine for zero-area mask in first frame after 1 tentatives
WARNING:root:Skip RandomAffine for zero-area mask in first frame after 1 tentatives
WARNING:root:Skip RandomAffine for zero-area mask in first frame after 1 tentatives
INFO 2026-09-28 11:29:21,039 train_utils.py: 271: Train Epoch: [4][1870/2110] | Batch Time: 0.16 (0.37) | Data Time: 0.00 (0.23) | Mem (GB): 9.00 (7.19/15.00) | Time Elapsed: 00d 01h 07m | Losses/train_all_loss: 2.07e+00 (3.51e+01)
WARNING:root:Skip RandomAffine for zero-area mask in first frame after 1 tentatives
WARNING:root:Skip RandomAffine for zero-area mask in first frame after 1 tentatives
WARNING:root:Skip RandomAffine for zero-area mask in first frame after 1 tentatives
WARNING:root:Skip RandomAffine for zero-area mask in first frame after 1 tentatives
WARNING:root:Skip RandomAffine for zero-area mask in first frame after 1 tentatives
INFO 2026-09-28 11:29:25,152 train_utils.py: 271: Train Epoch: [4][1880/2110] | Batch Time: 0.15 (0.37) | Data Time: 0.00 (0.23) | Mem (GB): 9.00 (7.20/15.00) | Time Elapsed: 00d 01h 07m | Losses/train_all_loss: 4.87e+01 (3.51e+01)
WARNING:root:Skip RandomAffine for zero-area mask in first frame after 1 tentatives
INFO 2026-09-28 11:29:28,845 train_utils.py: 271: Train Epoch: [4][1890/2110] | Batch Time: 1.06 (0.37) | Data Time: 0.87 (0.23) | Mem (GB): 12.00 (7.19/15.00) | Time Elapsed: 00d 01h 07m | Losses/train_all_loss: 2.36e+01 (3.51e+01)
WARNING:root:Skip RandomAffine for zero-area mask in first frame after 1 tentatives
WARNING:root:Skip RandomAffine for zero-area mask in first frame after 1 tentatives
WARNING:root:Skip RandomAffine for zero-area mask in first frame after 1 tentatives
WARNING:root:Skip RandomAffine for zero-area mask in first frame after 1 tentatives
INFO 2026-09-28 11:29:32,295 train_utils.py: 271: Train Epoch: [4][1900/2110] | Batch Time: 0.16 (0.37) | Data Time: 0.00 (0.23) | Mem (GB): 8.00 (7.19/15.00) | Time Elapsed: 00d 01h 07m | Losses/train_all_loss: 2.60e+01 (3.53e+01)
WARNING:root:Skip RandomAffine for zero-area mask in first frame after 1 tentatives
WARNING:root:Skip RandomAffine for zero-area mask in first frame after 1 tentatives
WARNING:root:Skip RandomAffine for zero-area mask in first frame after 1 tentatives
INFO 2026-09-28 11:29:35,798 train_utils.py: 271: Train Epoch: [4][1910/2110] | Batch Time: 0.22 (0.37) | Data Time: 0.11 (0.23) | Mem (GB): 3.00 (7.19/15.00) | Time Elapsed: 00d 01h 07m | Losses/train_all_loss: 2.54e-01 (3.54e+01)
WARNING:root:Skip RandomAffine for zero-area mask in first frame after 1 tentatives
WARNING:root:Skip RandomAffine for zero-area mask in first frame after 1 tentatives
WARNING:root:Skip RandomAffine for zero-area mask in first frame after 1 tentatives
INFO 2026-09-28 11:29:39,760 train_utils.py: 271: Train Epoch: [4][1920/2110] | Batch Time: 0.11 (0.37) | Data Time: 0.00 (0.23) | Mem (GB): 5.00 (7.18/15.00) | Time Elapsed: 00d 01h 07m | Losses/train_all_loss: 8.12e+01 (3.54e+01)
WARNING:root:Skip RandomAffine for zero-area mask in first frame after 1 tentatives
WARNING:root:Skip RandomAffine for zero-area mask in first frame after 1 tentatives
WARNING:root:Skip RandomAffine for zero-area mask in first frame after 1 tentatives
WARNING:root:Skip RandomAffine for zero-area mask in first frame after 1 tentatives
WARNING:root:Skip RandomAffine for zero-area mask in first frame after 1 tentatives
INFO 2026-09-28 11:29:43,886 train_utils.py: 271: Train Epoch: [4][1930/2110] | Batch Time: 0.09 (0.37) | Data Time: 0.00 (0.23) | Mem (GB): 4.00 (7.19/15.00) | Time Elapsed: 00d 01h 07m | Losses/train_all_loss: 3.15e-01 (3.52e+01)
WARNING:root:Skip RandomAffine for zero-area mask in first frame after 1 tentatives
WARNING:root:Skip RandomAffine for zero-area mask in first frame after 1 tentatives
WARNING:root:Skip RandomAffine for zero-area mask in first frame after 1 tentatives
WARNING:root:Skip RandomAffine for zero-area mask in first frame after 1 tentatives
INFO 2026-09-28 11:29:47,850 train_utils.py: 271: Train Epoch: [4][1940/2110] | Batch Time: 0.08 (0.37) | Data Time: 0.00 (0.23) | Mem (GB): 2.00 (7.20/15.00) | Time Elapsed: 00d 01h 07m | Losses/train_all_loss: 1.05e+00 (3.54e+01)
WARNING:root:Skip RandomAffine for zero-area mask in first frame after 1 tentatives
WARNING:root:Skip RandomAffine for zero-area mask in first frame after 1 tentatives
WARNING:root:Skip RandomAffine for zero-area mask in first frame after 1 tentatives
INFO 2026-09-28 11:29:50,995 train_utils.py: 271: Train Epoch: [4][1950/2110] | Batch Time: 0.18 (0.37) | Data Time: 0.00 (0.23) | Mem (GB): 10.00 (7.20/15.00) | Time Elapsed: 00d 01h 07m | Losses/train_all_loss: 1.17e+00 (3.53e+01)
WARNING:root:Skip RandomAffine for zero-area mask in first frame after 1 tentatives
WARNING:root:Skip RandomAffine for zero-area mask in first frame after 1 tentatives
INFO 2026-09-28 11:29:56,196 train_utils.py: 271: Train Epoch: [4][1960/2110] | Batch Time: 0.15 (0.37) | Data Time: 0.00 (0.23) | Mem (GB): 9.00 (7.20/15.00) | Time Elapsed: 00d 01h 07m | Losses/train_all_loss: 3.80e-01 (3.51e+01)
WARNING:root:Skip RandomAffine for zero-area mask in first frame after 1 tentatives
WARNING:root:Skip RandomAffine for zero-area mask in first frame after 1 tentatives
WARNING:root:Skip RandomAffine for zero-area mask in first frame after 1 tentatives
WARNING:root:Skip RandomAffine for zero-area mask in first frame after 1 tentatives
INFO 2026-09-28 11:30:00,213 train_utils.py: 271: Train Epoch: [4][1970/2110] | Batch Time: 0.15 (0.37) | Data Time: 0.00 (0.23) | Mem (GB): 9.00 (7.22/15.00) | Time Elapsed: 00d 01h 08m | Losses/train_all_loss: 9.39e+00 (3.50e+01)
WARNING:root:Skip RandomAffine for zero-area mask in first frame after 1 tentatives
INFO 2026-09-28 11:30:03,702 train_utils.py: 271: Train Epoch: [4][1980/2110] | Batch Time: 1.47 (0.37) | Data Time: 1.27 (0.23) | Mem (GB): 8.00 (7.21/15.00) | Time Elapsed: 00d 01h 08m | Losses/train_all_loss: 8.99e-01 (3.50e+01)
WARNING:root:Skip RandomAffine for zero-area mask in first frame after 1 tentatives
INFO 2026-09-28 11:30:07,132 train_utils.py: 271: Train Epoch: [4][1990/2110] | Batch Time: 0.19 (0.37) | Data Time: 0.00 (0.23) | Mem (GB): 12.00 (7.21/15.00) | Time Elapsed: 00d 01h 08m | Losses/train_all_loss: 6.31e+00 (3.49e+01)
WARNING:root:Skip RandomAffine for zero-area mask in first frame after 1 tentatives
WARNING:root:Skip RandomAffine for zero-area mask in first frame after 1 tentatives
WARNING:root:Skip RandomAffine for zero-area mask in first frame after 1 tentatives
WARNING:root:Skip RandomAffine for zero-area mask in first frame after 1 tentatives
WARNING:root:Skip RandomAffine for zero-area mask in first frame after 1 tentatives
INFO 2026-09-28 11:30:11,470 train_utils.py: 271: Train Epoch: [4][2000/2110] | Batch Time: 2.27 (0.37) | Data Time: 2.02 (0.23) | Mem (GB): 15.00 (7.20/15.00) | Time Elapsed: 00d 01h 08m | Losses/train_all_loss: 2.06e+01 (3.48e+01)
WARNING:root:Skip RandomAffine for zero-area mask in first frame after 1 tentatives
WARNING:root:Skip RandomAffine for zero-area mask in first frame after 1 tentatives
INFO 2026-09-28 11:30:13,227 train_utils.py: 271: Train Epoch: [4][2010/2110] | Batch Time: 0.14 (0.37) | Data Time: 0.00 (0.23) | Mem (GB): 7.00 (7.19/15.00) | Time Elapsed: 00d 01h 08m | Losses/train_all_loss: 2.06e+01 (3.52e+01)
WARNING:root:Skip RandomAffine for zero-area mask in first frame after 1 tentatives
WARNING:root:Skip RandomAffine for zero-area mask in first frame after 1 tentatives
WARNING:root:Skip RandomAffine for zero-area mask in first frame after 1 tentatives
WARNING:root:Skip RandomAffine for zero-area mask in first frame after 1 tentatives
WARNING:root:Skip RandomAffine for zero-area mask in first frame after 1 tentatives
WARNING:root:Skip RandomAffine for zero-area mask in first frame after 1 tentatives
INFO 2026-09-28 11:30:18,213 train_utils.py: 271: Train Epoch: [4][2020/2110] | Batch Time: 0.22 (0.37) | Data Time: 0.00 (0.23) | Mem (GB): 14.00 (7.20/15.00) | Time Elapsed: 00d 01h 08m | Losses/train_all_loss: 3.54e-01 (3.53e+01)
WARNING:root:Skip RandomAffine for zero-area mask in first frame after 1 tentatives
WARNING:root:Skip RandomAffine for zero-area mask in first frame after 1 tentatives
INFO 2026-09-28 11:30:20,196 train_utils.py: 271: Train Epoch: [4][2030/2110] | Batch Time: 0.13 (0.37) | Data Time: 0.00 (0.23) | Mem (GB): 7.00 (7.20/15.00) | Time Elapsed: 00d 01h 08m | Losses/train_all_loss: 1.22e+02 (3.54e+01)
WARNING:root:Skip RandomAffine for zero-area mask in first frame after 1 tentatives
WARNING:root:Skip RandomAffine for zero-area mask in first frame after 1 tentatives
WARNING:root:Skip RandomAffine for zero-area mask in first frame after 1 tentatives
WARNING:root:Skip RandomAffine for zero-area mask in first frame after 1 tentatives
INFO 2026-09-28 11:30:25,076 train_utils.py: 271: Train Epoch: [4][2040/2110] | Batch Time: 1.67 (0.37) | Data Time: 1.49 (0.23) | Mem (GB): 8.00 (7.20/15.00) | Time Elapsed: 00d 01h 08m | Losses/train_all_loss: 7.92e-01 (3.55e+01)
WARNING:root:Skip RandomAffine for zero-area mask in first frame after 1 tentatives
INFO 2026-09-28 11:30:27,960 train_utils.py: 271: Train Epoch: [4][2050/2110] | Batch Time: 1.02 (0.37) | Data Time: 0.83 (0.23) | Mem (GB): 10.00 (7.19/15.00) | Time Elapsed: 00d 01h 08m | Losses/train_all_loss: 8.52e+01 (3.56e+01)
WARNING:root:Skip RandomAffine for zero-area mask in first frame after 1 tentatives
WARNING:root:Skip RandomAffine for zero-area mask in first frame after 1 tentatives
WARNING:root:Skip RandomAffine for zero-area mask in first frame after 1 tentatives
WARNING:root:Skip RandomAffine for zero-area mask in first frame after 1 tentatives
WARNING:root:Skip RandomAffine for zero-area mask in first frame after 1 tentatives
WARNING:root:Skip RandomAffine for zero-area mask in first frame after 1 tentatives
INFO 2026-09-28 11:30:31,627 train_utils.py: 271: Train Epoch: [4][2060/2110] | Batch Time: 0.10 (0.37) | Data Time: 0.00 (0.23) | Mem (GB): 3.00 (7.20/15.00) | Time Elapsed: 00d 01h 08m | Losses/train_all_loss: 1.43e+02 (3.55e+01)
WARNING:root:Skip RandomAffine for zero-area mask in first frame after 1 tentatives
WARNING:root:Skip RandomAffine for zero-area mask in first frame after 1 tentatives
INFO 2026-09-28 11:30:35,169 train_utils.py: 271: Train Epoch: [4][2070/2110] | Batch Time: 0.10 (0.37) | Data Time: 0.00 (0.23) | Mem (GB): 3.00 (7.20/15.00) | Time Elapsed: 00d 01h 08m | Losses/train_all_loss: 5.06e-01 (3.55e+01)
WARNING:root:Skip RandomAffine for zero-area mask in first frame after 1 tentatives
WARNING:root:Skip RandomAffine for zero-area mask in first frame after 1 tentatives
WARNING:root:Skip RandomAffine for zero-area mask in first frame after 1 tentatives
WARNING:root:Skip RandomAffine for zero-area mask in first frame after 1 tentatives
WARNING:root:Skip RandomAffine for zero-area mask in first frame after 1 tentatives
INFO 2026-09-28 11:30:40,987 train_utils.py: 271: Train Epoch: [4][2080/2110] | Batch Time: 1.15 (0.37) | Data Time: 1.00 (0.23) | Mem (GB): 8.00 (7.19/15.00) | Time Elapsed: 00d 01h 08m | Losses/train_all_loss: 5.42e-01 (3.54e+01)
WARNING:root:Skip RandomAffine for zero-area mask in first frame after 1 tentatives
WARNING:root:Skip RandomAffine for zero-area mask in first frame after 1 tentatives
INFO 2026-09-28 11:30:43,896 train_utils.py: 271: Train Epoch: [4][2090/2110] | Batch Time: 0.98 (0.37) | Data Time: 0.84 (0.23) | Mem (GB): 8.00 (7.19/15.00) | Time Elapsed: 00d 01h 08m | Losses/train_all_loss: 1.18e+01 (3.54e+01)
WARNING:root:Skip RandomAffine for zero-area mask in first frame after 1 tentatives
INFO 2026-09-28 11:30:48,306 train_utils.py: 271: Train Epoch: [4][2100/2110] | Batch Time: 0.17 (0.37) | Data Time: 0.00 (0.23) | Mem (GB): 9.00 (7.18/15.00) | Time Elapsed: 00d 01h 08m | Losses/train_all_loss: 5.16e+00 (3.53e+01)
WARNING:root:Skip RandomAffine for zero-area mask in first frame after 1 tentatives
INFO 2026-09-28 11:30:52,806 trainer.py: 950: Estimated time remaining: 00d 20h 33m
INFO 2026-09-28 11:30:52,811 trainer.py: 892: Synchronizing meters
INFO 2026-09-28 11:30:52,811 trainer.py: 830: Losses and meters: {'Losses/train_all_loss': 35.37976838034617, 'Losses/train_all_loss_mask': 1.7432922401302025, 'Losses/train_all_loss_dice': 0.12787175553528618, 'Losses/train_all_loss_iou': 0.07510587014467565, 'Losses/train_all_loss_class': 0.3109460626398897, 'Losses/train_all_core_loss': 35.37976838034617, 'Trainer/where': 0.04999526066350711, 'Trainer/epoch': 4, 'Trainer/steps_train': 10550}
INFO 2026-09-28 11:30:52,923 sam2_image_predictor.py: 102: For numpy array image, we assume (HxWxC) format
INFO 2026-09-28 11:30:52,947 sam2_image_predictor.py: 116: Computing image embeddings for the provided image...
INFO 2026-09-28 11:30:52,960 sam2_image_predictor.py: 129: Image embeddings computed.
INFO 2026-09-28 11:30:53,678 sam2_image_predictor.py: 102: For numpy array image, we assume (HxWxC) format
INFO 2026-09-28 11:30:53,696 sam2_image_predictor.py: 116: Computing image embeddings for the provided image...
INFO 2026-09-28 11:30:53,707 sam2_image_predictor.py: 129: Image embeddings computed.
INFO 2026-09-28 11:30:54,408 sam2_image_predictor.py: 102: For numpy array image, we assume (HxWxC) format
INFO 2026-09-28 11:30:54,439 sam2_image_predictor.py: 116: Computing image embeddings for the provided image...
INFO 2026-09-28 11:30:54,450 sam2_image_predictor.py: 129: Image embeddings computed.
INFO 2026-09-28 11:30:55,188 sam2_image_predictor.py: 102: For numpy array image, we assume (HxWxC) format
INFO 2026-09-28 11:30:55,207 sam2_image_predictor.py: 116: Computing image embeddings for the provided image...
INFO 2026-09-28 11:30:55,218 sam2_image_predictor.py: 129: Image embeddings computed.
INFO 2026-09-28 11:30:56,058 sam2_image_predictor.py: 102: For numpy array image, we assume (HxWxC) format
INFO 2026-09-28 11:30:56,145 sam2_image_predictor.py: 116: Computing image embeddings for the provided image...
INFO 2026-09-28 11:30:56,159 sam2_image_predictor.py: 129: Image embeddings computed.
INFO 2026-09-28 11:30:57,129 sam2_image_predictor.py: 102: For numpy array image, we assume (HxWxC) format
INFO 2026-09-28 11:30:57,145 sam2_image_predictor.py: 116: Computing image embeddings for the provided image...
INFO 2026-09-28 11:30:57,156 sam2_image_predictor.py: 129: Image embeddings computed.
INFO 2026-09-28 11:30:57,906 sam2_image_predictor.py: 102: For numpy array image, we assume (HxWxC) format
INFO 2026-09-28 11:30:57,922 sam2_image_predictor.py: 116: Computing image embeddings for the provided image...
INFO 2026-09-28 11:30:57,934 sam2_image_predictor.py: 129: Image embeddings computed.
INFO 2026-09-28 11:30:58,711 sam2_image_predictor.py: 102: For numpy array image, we assume (HxWxC) format
INFO 2026-09-28 11:30:58,740 sam2_image_predictor.py: 116: Computing image embeddings for the provided image...
INFO 2026-09-28 11:30:58,752 sam2_image_predictor.py: 129: Image embeddings computed.
INFO 2026-09-28 11:30:59,503 sam2_image_predictor.py: 102: For numpy array image, we assume (HxWxC) format
INFO 2026-09-28 11:30:59,551 sam2_image_predictor.py: 116: Computing image embeddings for the provided image...
INFO 2026-09-28 11:30:59,562 sam2_image_predictor.py: 129: Image embeddings computed.
INFO 2026-09-28 11:31:00,186 sam2_image_predictor.py: 102: For numpy array image, we assume (HxWxC) format
INFO 2026-09-28 11:31:00,191 sam2_image_predictor.py: 116: Computing image embeddings for the provided image...
INFO 2026-09-28 11:31:00,199 sam2_image_predictor.py: 129: Image embeddings computed.
INFO 2026-09-28 11:31:00,756 sam2_image_predictor.py: 102: For numpy array image, we assume (HxWxC) format
INFO 2026-09-28 11:31:00,761 sam2_image_predictor.py: 116: Computing image embeddings for the provided image...
INFO 2026-09-28 11:31:00,770 sam2_image_predictor.py: 129: Image embeddings computed.
INFO 2026-09-28 11:31:01,337 sam2_image_predictor.py: 102: For numpy array image, we assume (HxWxC) format
INFO 2026-09-28 11:31:01,364 sam2_image_predictor.py: 116: Computing image embeddings for the provided image...
INFO 2026-09-28 11:31:01,372 sam2_image_predictor.py: 129: Image embeddings computed.
INFO 2026-09-28 11:31:01,977 sam2_image_predictor.py: 102: For numpy array image, we assume (HxWxC) format
INFO 2026-09-28 11:31:02,006 sam2_image_predictor.py: 116: Computing image embeddings for the provided image...
INFO 2026-09-28 11:31:02,047 sam2_image_predictor.py: 129: Image embeddings computed.
INFO 2026-09-28 11:31:02,630 sam2_image_predictor.py: 102: For numpy array image, we assume (HxWxC) format
INFO 2026-09-28 11:31:02,635 sam2_image_predictor.py: 116: Computing image embeddings for the provided image...
INFO 2026-09-28 11:31:02,643 sam2_image_predictor.py: 129: Image embeddings computed.
INFO 2026-09-28 11:31:03,191 sam2_image_predictor.py: 102: For numpy array image, we assume (HxWxC) format
INFO 2026-09-28 11:31:03,212 sam2_image_predictor.py: 116: Computing image embeddings for the provided image...
INFO 2026-09-28 11:31:03,220 sam2_image_predictor.py: 129: Image embeddings computed.
INFO 2026-09-28 11:31:03,831 sam2_image_predictor.py: 102: For numpy array image, we assume (HxWxC) format
INFO 2026-09-28 11:31:03,862 sam2_image_predictor.py: 116: Computing image embeddings for the provided image...
INFO 2026-09-28 11:31:03,870 sam2_image_predictor.py: 129: Image embeddings computed.
INFO 2026-09-28 11:31:04,481 sam2_image_predictor.py: 102: For numpy array image, we assume (HxWxC) format
INFO 2026-09-28 11:31:04,510 sam2_image_predictor.py: 116: Computing image embeddings for the provided image...
INFO 2026-09-28 11:31:04,541 sam2_image_predictor.py: 129: Image embeddings computed.
INFO 2026-09-28 11:31:05,124 sam2_image_predictor.py: 102: For numpy array image, we assume (HxWxC) format
INFO 2026-09-28 11:31:05,143 sam2_image_predictor.py: 116: Computing image embeddings for the provided image...
INFO 2026-09-28 11:31:05,151 sam2_image_predictor.py: 129: Image embeddings computed.
INFO 2026-09-28 11:31:05,748 sam2_image_predictor.py: 102: For numpy array image, we assume (HxWxC) format
INFO 2026-09-28 11:31:05,779 sam2_image_predictor.py: 116: Computing image embeddings for the provided image...
INFO 2026-09-28 11:31:05,852 sam2_image_predictor.py: 129: Image embeddings computed.
INFO 2026-09-28 11:31:06,467 sam2_image_predictor.py: 102: For numpy array image, we assume (HxWxC) format
INFO 2026-09-28 11:31:06,543 sam2_image_predictor.py: 116: Computing image embeddings for the provided image...
INFO 2026-09-28 11:31:06,552 sam2_image_predictor.py: 129: Image embeddings computed.
INFO 2026-09-28 11:31:07,157 best_coco_trainer.py: 114: COCO eval rank 0: 20/100 images
INFO 2026-09-28 11:31:07,175 sam2_image_predictor.py: 102: For numpy array image, we assume (HxWxC) format
INFO 2026-09-28 11:31:07,200 sam2_image_predictor.py: 116: Computing image embeddings for the provided image...
INFO 2026-09-28 11:31:07,207 sam2_image_predictor.py: 129: Image embeddings computed.
INFO 2026-09-28 11:31:07,830 sam2_image_predictor.py: 102: For numpy array image, we assume (HxWxC) format
INFO 2026-09-28 11:31:07,854 sam2_image_predictor.py: 116: Computing image embeddings for the provided image...
INFO 2026-09-28 11:31:07,862 sam2_image_predictor.py: 129: Image embeddings computed.
INFO 2026-09-28 11:31:08,548 sam2_image_predictor.py: 102: For numpy array image, we assume (HxWxC) format
INFO 2026-09-28 11:31:08,574 sam2_image_predictor.py: 116: Computing image embeddings for the provided image...
INFO 2026-09-28 11:31:08,582 sam2_image_predictor.py: 129: Image embeddings computed.
INFO 2026-09-28 11:31:09,216 sam2_image_predictor.py: 102: For numpy array image, we assume (HxWxC) format
INFO 2026-09-28 11:31:09,234 sam2_image_predictor.py: 116: Computing image embeddings for the provided image...
INFO 2026-09-28 11:31:09,242 sam2_image_predictor.py: 129: Image embeddings computed.
INFO 2026-09-28 11:31:09,884 sam2_image_predictor.py: 102: For numpy array image, we assume (HxWxC) format
INFO 2026-09-28 11:31:09,889 sam2_image_predictor.py: 116: Computing image embeddings for the provided image...
INFO 2026-09-28 11:31:09,897 sam2_image_predictor.py: 129: Image embeddings computed.
INFO 2026-09-28 11:31:10,440 sam2_image_predictor.py: 102: For numpy array image, we assume (HxWxC) format
INFO 2026-09-28 11:31:10,460 sam2_image_predictor.py: 116: Computing image embeddings for the provided image...
INFO 2026-09-28 11:31:10,468 sam2_image_predictor.py: 129: Image embeddings computed.
INFO 2026-09-28 11:31:11,105 sam2_image_predictor.py: 102: For numpy array image, we assume (HxWxC) format
INFO 2026-09-28 11:31:11,111 sam2_image_predictor.py: 116: Computing image embeddings for the provided image...
INFO 2026-09-28 11:31:11,119 sam2_image_predictor.py: 129: Image embeddings computed.
INFO 2026-09-28 11:31:11,662 sam2_image_predictor.py: 102: For numpy array image, we assume (HxWxC) format
INFO 2026-09-28 11:31:11,667 sam2_image_predictor.py: 116: Computing image embeddings for the provided image...
INFO 2026-09-28 11:31:11,676 sam2_image_predictor.py: 129: Image embeddings computed.
INFO 2026-09-28 11:31:12,195 sam2_image_predictor.py: 102: For numpy array image, we assume (HxWxC) format
INFO 2026-09-28 11:31:12,219 sam2_image_predictor.py: 116: Computing image embeddings for the provided image...
INFO 2026-09-28 11:31:12,227 sam2_image_predictor.py: 129: Image embeddings computed.
INFO 2026-09-28 11:31:12,856 sam2_image_predictor.py: 102: For numpy array image, we assume (HxWxC) format
INFO 2026-09-28 11:31:12,879 sam2_image_predictor.py: 116: Computing image embeddings for the provided image...
INFO 2026-09-28 11:31:12,890 sam2_image_predictor.py: 129: Image embeddings computed.
INFO 2026-09-28 11:31:13,711 sam2_image_predictor.py: 102: For numpy array image, we assume (HxWxC) format
INFO 2026-09-28 11:31:13,748 sam2_image_predictor.py: 116: Computing image embeddings for the provided image...
INFO 2026-09-28 11:31:13,762 sam2_image_predictor.py: 129: Image embeddings computed.
INFO 2026-09-28 11:31:14,554 sam2_image_predictor.py: 102: For numpy array image, we assume (HxWxC) format
INFO 2026-09-28 11:31:14,582 sam2_image_predictor.py: 116: Computing image embeddings for the provided image...
INFO 2026-09-28 11:31:14,651 sam2_image_predictor.py: 129: Image embeddings computed.
INFO 2026-09-28 11:31:15,454 sam2_image_predictor.py: 102: For numpy array image, we assume (HxWxC) format
INFO 2026-09-28 11:31:15,483 sam2_image_predictor.py: 116: Computing image embeddings for the provided image...
INFO 2026-09-28 11:31:15,549 sam2_image_predictor.py: 129: Image embeddings computed.
INFO 2026-09-28 11:31:16,310 sam2_image_predictor.py: 102: For numpy array image, we assume (HxWxC) format
INFO 2026-09-28 11:31:16,316 sam2_image_predictor.py: 116: Computing image embeddings for the provided image...
INFO 2026-09-28 11:31:16,327 sam2_image_predictor.py: 129: Image embeddings computed.
INFO 2026-09-28 11:31:17,315 sam2_image_predictor.py: 102: For numpy array image, we assume (HxWxC) format
INFO 2026-09-28 11:31:17,336 sam2_image_predictor.py: 116: Computing image embeddings for the provided image...
INFO 2026-09-28 11:31:17,347 sam2_image_predictor.py: 129: Image embeddings computed.
INFO 2026-09-28 11:31:18,019 sam2_image_predictor.py: 102: For numpy array image, we assume (HxWxC) format
INFO 2026-09-28 11:31:18,041 sam2_image_predictor.py: 116: Computing image embeddings for the provided image...
INFO 2026-09-28 11:31:18,052 sam2_image_predictor.py: 129: Image embeddings computed.
INFO 2026-09-28 11:31:18,669 sam2_image_predictor.py: 102: For numpy array image, we assume (HxWxC) format
INFO 2026-09-28 11:31:18,703 sam2_image_predictor.py: 116: Computing image embeddings for the provided image...
INFO 2026-09-28 11:31:18,747 sam2_image_predictor.py: 129: Image embeddings computed.
INFO 2026-09-28 11:31:19,457 sam2_image_predictor.py: 102: For numpy array image, we assume (HxWxC) format
INFO 2026-09-28 11:31:19,478 sam2_image_predictor.py: 116: Computing image embeddings for the provided image...
INFO 2026-09-28 11:31:19,486 sam2_image_predictor.py: 129: Image embeddings computed.
INFO 2026-09-28 11:31:20,145 sam2_image_predictor.py: 102: For numpy array image, we assume (HxWxC) format
INFO 2026-09-28 11:31:20,151 sam2_image_predictor.py: 116: Computing image embeddings for the provided image...
INFO 2026-09-28 11:31:20,159 sam2_image_predictor.py: 129: Image embeddings computed.
INFO 2026-09-28 11:31:21,075 sam2_image_predictor.py: 102: For numpy array image, we assume (HxWxC) format
INFO 2026-09-28 11:31:21,081 sam2_image_predictor.py: 116: Computing image embeddings for the provided image...
INFO 2026-09-28 11:31:21,089 sam2_image_predictor.py: 129: Image embeddings computed.
INFO 2026-09-28 11:31:21,707 best_coco_trainer.py: 114: COCO eval rank 0: 40/100 images
INFO 2026-09-28 11:31:21,725 sam2_image_predictor.py: 102: For numpy array image, we assume (HxWxC) format
INFO 2026-09-28 11:31:21,760 sam2_image_predictor.py: 116: Computing image embeddings for the provided image...
INFO 2026-09-28 11:31:21,768 sam2_image_predictor.py: 129: Image embeddings computed.
INFO 2026-09-28 11:31:22,445 sam2_image_predictor.py: 102: For numpy array image, we assume (HxWxC) format
INFO 2026-09-28 11:31:22,459 sam2_image_predictor.py: 116: Computing image embeddings for the provided image...
INFO 2026-09-28 11:31:22,467 sam2_image_predictor.py: 129: Image embeddings computed.
INFO 2026-09-28 11:31:23,091 sam2_image_predictor.py: 102: For numpy array image, we assume (HxWxC) format
INFO 2026-09-28 11:31:23,097 sam2_image_predictor.py: 116: Computing image embeddings for the provided image...
INFO 2026-09-28 11:31:23,106 sam2_image_predictor.py: 129: Image embeddings computed.
INFO 2026-09-28 11:31:23,646 sam2_image_predictor.py: 102: For numpy array image, we assume (HxWxC) format
INFO 2026-09-28 11:31:23,652 sam2_image_predictor.py: 116: Computing image embeddings for the provided image...
INFO 2026-09-28 11:31:23,661 sam2_image_predictor.py: 129: Image embeddings computed.
INFO 2026-09-28 11:31:24,202 sam2_image_predictor.py: 102: For numpy array image, we assume (HxWxC) format
INFO 2026-09-28 11:31:24,209 sam2_image_predictor.py: 116: Computing image embeddings for the provided image...
INFO 2026-09-28 11:31:24,218 sam2_image_predictor.py: 129: Image embeddings computed.
INFO 2026-09-28 11:31:24,805 sam2_image_predictor.py: 102: For numpy array image, we assume (HxWxC) format
INFO 2026-09-28 11:31:24,810 sam2_image_predictor.py: 116: Computing image embeddings for the provided image...
INFO 2026-09-28 11:31:24,819 sam2_image_predictor.py: 129: Image embeddings computed.
INFO 2026-09-28 11:31:25,364 sam2_image_predictor.py: 102: For numpy array image, we assume (HxWxC) format
INFO 2026-09-28 11:31:25,383 sam2_image_predictor.py: 116: Computing image embeddings for the provided image...
INFO 2026-09-28 11:31:25,391 sam2_image_predictor.py: 129: Image embeddings computed.
INFO 2026-09-28 11:31:25,966 sam2_image_predictor.py: 102: For numpy array image, we assume (HxWxC) format
INFO 2026-09-28 11:31:25,984 sam2_image_predictor.py: 116: Computing image embeddings for the provided image...
INFO 2026-09-28 11:31:25,992 sam2_image_predictor.py: 129: Image embeddings computed.
INFO 2026-09-28 11:31:26,565 sam2_image_predictor.py: 102: For numpy array image, we assume (HxWxC) format
INFO 2026-09-28 11:31:26,575 sam2_image_predictor.py: 116: Computing image embeddings for the provided image...
INFO 2026-09-28 11:31:26,583 sam2_image_predictor.py: 129: Image embeddings computed.
INFO 2026-09-28 11:31:27,163 sam2_image_predictor.py: 102: For numpy array image, we assume (HxWxC) format
INFO 2026-09-28 11:31:27,183 sam2_image_predictor.py: 116: Computing image embeddings for the provided image...
INFO 2026-09-28 11:31:27,191 sam2_image_predictor.py: 129: Image embeddings computed.
INFO 2026-09-28 11:31:27,814 sam2_image_predictor.py: 102: For numpy array image, we assume (HxWxC) format
INFO 2026-09-28 11:31:27,849 sam2_image_predictor.py: 116: Computing image embeddings for the provided image...
INFO 2026-09-28 11:31:27,857 sam2_image_predictor.py: 129: Image embeddings computed.
INFO 2026-09-28 11:31:28,528 sam2_image_predictor.py: 102: For numpy array image, we assume (HxWxC) format
INFO 2026-09-28 11:31:28,556 sam2_image_predictor.py: 116: Computing image embeddings for the provided image...
INFO 2026-09-28 11:31:28,565 sam2_image_predictor.py: 129: Image embeddings computed.
INFO 2026-09-28 11:31:29,153 sam2_image_predictor.py: 102: For numpy array image, we assume (HxWxC) format
INFO 2026-09-28 11:31:29,182 sam2_image_predictor.py: 116: Computing image embeddings for the provided image...
INFO 2026-09-28 11:31:29,242 sam2_image_predictor.py: 129: Image embeddings computed.
INFO 2026-09-28 11:31:29,842 sam2_image_predictor.py: 102: For numpy array image, we assume (HxWxC) format
INFO 2026-09-28 11:31:29,847 sam2_image_predictor.py: 116: Computing image embeddings for the provided image...
INFO 2026-09-28 11:31:29,855 sam2_image_predictor.py: 129: Image embeddings computed.
INFO 2026-09-28 11:31:30,394 sam2_image_predictor.py: 102: For numpy array image, we assume (HxWxC) format
INFO 2026-09-28 11:31:30,399 sam2_image_predictor.py: 116: Computing image embeddings for the provided image...
INFO 2026-09-28 11:31:30,407 sam2_image_predictor.py: 129: Image embeddings computed.
INFO 2026-09-28 11:31:30,938 sam2_image_predictor.py: 102: For numpy array image, we assume (HxWxC) format
INFO 2026-09-28 11:31:30,957 sam2_image_predictor.py: 116: Computing image embeddings for the provided image...
INFO 2026-09-28 11:31:30,964 sam2_image_predictor.py: 129: Image embeddings computed.
INFO 2026-09-28 11:31:31,628 sam2_image_predictor.py: 102: For numpy array image, we assume (HxWxC) format
INFO 2026-09-28 11:31:31,635 sam2_image_predictor.py: 116: Computing image embeddings for the provided image...
INFO 2026-09-28 11:31:31,642 sam2_image_predictor.py: 129: Image embeddings computed.
INFO 2026-09-28 11:31:32,192 sam2_image_predictor.py: 102: For numpy array image, we assume (HxWxC) format
INFO 2026-09-28 11:31:32,228 sam2_image_predictor.py: 116: Computing image embeddings for the provided image...
INFO 2026-09-28 11:31:32,248 sam2_image_predictor.py: 129: Image embeddings computed.
INFO 2026-09-28 11:31:32,890 sam2_image_predictor.py: 102: For numpy array image, we assume (HxWxC) format
INFO 2026-09-28 11:31:32,919 sam2_image_predictor.py: 116: Computing image embeddings for the provided image...
INFO 2026-09-28 11:31:32,942 sam2_image_predictor.py: 129: Image embeddings computed.
INFO 2026-09-28 11:31:33,598 sam2_image_predictor.py: 102: For numpy array image, we assume (HxWxC) format
INFO 2026-09-28 11:31:33,616 sam2_image_predictor.py: 116: Computing image embeddings for the provided image...
INFO 2026-09-28 11:31:33,624 sam2_image_predictor.py: 129: Image embeddings computed.
INFO 2026-09-28 11:31:34,280 best_coco_trainer.py: 114: COCO eval rank 0: 60/100 images
INFO 2026-09-28 11:31:34,302 sam2_image_predictor.py: 102: For numpy array image, we assume (HxWxC) format
INFO 2026-09-28 11:31:34,332 sam2_image_predictor.py: 116: Computing image embeddings for the provided image...
INFO 2026-09-28 11:31:34,348 sam2_image_predictor.py: 129: Image embeddings computed.
INFO 2026-09-28 11:31:35,007 sam2_image_predictor.py: 102: For numpy array image, we assume (HxWxC) format
INFO 2026-09-28 11:31:35,025 sam2_image_predictor.py: 116: Computing image embeddings for the provided image...
INFO 2026-09-28 11:31:35,033 sam2_image_predictor.py: 129: Image embeddings computed.
INFO 2026-09-28 11:31:35,649 sam2_image_predictor.py: 102: For numpy array image, we assume (HxWxC) format
INFO 2026-09-28 11:31:35,655 sam2_image_predictor.py: 116: Computing image embeddings for the provided image...
INFO 2026-09-28 11:31:35,663 sam2_image_predictor.py: 129: Image embeddings computed.
INFO 2026-09-28 11:31:36,226 sam2_image_predictor.py: 102: For numpy array image, we assume (HxWxC) format
INFO 2026-09-28 11:31:36,233 sam2_image_predictor.py: 116: Computing image embeddings for the provided image...
INFO 2026-09-28 11:31:36,241 sam2_image_predictor.py: 129: Image embeddings computed.
INFO 2026-09-28 11:31:36,798 sam2_image_predictor.py: 102: For numpy array image, we assume (HxWxC) format
INFO 2026-09-28 11:31:36,803 sam2_image_predictor.py: 116: Computing image embeddings for the provided image...
INFO 2026-09-28 11:31:36,810 sam2_image_predictor.py: 129: Image embeddings computed.
INFO 2026-09-28 11:31:37,318 sam2_image_predictor.py: 102: For numpy array image, we assume (HxWxC) format
INFO 2026-09-28 11:31:37,324 sam2_image_predictor.py: 116: Computing image embeddings for the provided image...
INFO 2026-09-28 11:31:37,331 sam2_image_predictor.py: 129: Image embeddings computed.
INFO 2026-09-28 11:31:37,876 sam2_image_predictor.py: 102: For numpy array image, we assume (HxWxC) format
INFO 2026-09-28 11:31:37,944 sam2_image_predictor.py: 116: Computing image embeddings for the provided image...
INFO 2026-09-28 11:31:37,952 sam2_image_predictor.py: 129: Image embeddings computed.
INFO 2026-09-28 11:31:38,496 sam2_image_predictor.py: 102: For numpy array image, we assume (HxWxC) format
INFO 2026-09-28 11:31:38,501 sam2_image_predictor.py: 116: Computing image embeddings for the provided image...
INFO 2026-09-28 11:31:38,509 sam2_image_predictor.py: 129: Image embeddings computed.
INFO 2026-09-28 11:31:39,062 sam2_image_predictor.py: 102: For numpy array image, we assume (HxWxC) format
INFO 2026-09-28 11:31:39,081 sam2_image_predictor.py: 116: Computing image embeddings for the provided image...
INFO 2026-09-28 11:31:39,089 sam2_image_predictor.py: 129: Image embeddings computed.
INFO 2026-09-28 11:31:39,724 sam2_image_predictor.py: 102: For numpy array image, we assume (HxWxC) format
INFO 2026-09-28 11:31:39,745 sam2_image_predictor.py: 116: Computing image embeddings for the provided image...
INFO 2026-09-28 11:31:39,753 sam2_image_predictor.py: 129: Image embeddings computed.
INFO 2026-09-28 11:31:40,373 sam2_image_predictor.py: 102: For numpy array image, we assume (HxWxC) format
INFO 2026-09-28 11:31:40,408 sam2_image_predictor.py: 116: Computing image embeddings for the provided image...
INFO 2026-09-28 11:31:40,447 sam2_image_predictor.py: 129: Image embeddings computed.
INFO 2026-09-28 11:31:41,114 sam2_image_predictor.py: 102: For numpy array image, we assume (HxWxC) format
INFO 2026-09-28 11:31:41,142 sam2_image_predictor.py: 116: Computing image embeddings for the provided image...
INFO 2026-09-28 11:31:41,150 sam2_image_predictor.py: 129: Image embeddings computed.
INFO 2026-09-28 11:31:41,840 sam2_image_predictor.py: 102: For numpy array image, we assume (HxWxC) format
INFO 2026-09-28 11:31:41,856 sam2_image_predictor.py: 116: Computing image embeddings for the provided image...
INFO 2026-09-28 11:31:41,864 sam2_image_predictor.py: 129: Image embeddings computed.
INFO 2026-09-28 11:31:42,625 sam2_image_predictor.py: 102: For numpy array image, we assume (HxWxC) format
INFO 2026-09-28 11:31:42,653 sam2_image_predictor.py: 116: Computing image embeddings for the provided image...
INFO 2026-09-28 11:31:42,661 sam2_image_predictor.py: 129: Image embeddings computed.
INFO 2026-09-28 11:31:43,271 sam2_image_predictor.py: 102: For numpy array image, we assume (HxWxC) format
INFO 2026-09-28 11:31:43,374 sam2_image_predictor.py: 116: Computing image embeddings for the provided image...
INFO 2026-09-28 11:31:43,447 sam2_image_predictor.py: 129: Image embeddings computed.
INFO 2026-09-28 11:31:44,088 sam2_image_predictor.py: 102: For numpy array image, we assume (HxWxC) format
INFO 2026-09-28 11:31:44,110 sam2_image_predictor.py: 116: Computing image embeddings for the provided image...
INFO 2026-09-28 11:31:44,117 sam2_image_predictor.py: 129: Image embeddings computed.
INFO 2026-09-28 11:31:44,732 sam2_image_predictor.py: 102: For numpy array image, we assume (HxWxC) format
INFO 2026-09-28 11:31:44,754 sam2_image_predictor.py: 116: Computing image embeddings for the provided image...
INFO 2026-09-28 11:31:44,761 sam2_image_predictor.py: 129: Image embeddings computed.
INFO 2026-09-28 11:31:45,443 sam2_image_predictor.py: 102: For numpy array image, we assume (HxWxC) format
INFO 2026-09-28 11:31:45,465 sam2_image_predictor.py: 116: Computing image embeddings for the provided image...
INFO 2026-09-28 11:31:45,473 sam2_image_predictor.py: 129: Image embeddings computed.
INFO 2026-09-28 11:31:46,072 sam2_image_predictor.py: 102: For numpy array image, we assume (HxWxC) format
INFO 2026-09-28 11:31:46,077 sam2_image_predictor.py: 116: Computing image embeddings for the provided image...
INFO 2026-09-28 11:31:46,085 sam2_image_predictor.py: 129: Image embeddings computed.
INFO 2026-09-28 11:31:46,635 sam2_image_predictor.py: 102: For numpy array image, we assume (HxWxC) format
INFO 2026-09-28 11:31:46,652 sam2_image_predictor.py: 116: Computing image embeddings for the provided image...
INFO 2026-09-28 11:31:46,660 sam2_image_predictor.py: 129: Image embeddings computed.
INFO 2026-09-28 11:31:47,344 best_coco_trainer.py: 114: COCO eval rank 0: 80/100 images
INFO 2026-09-28 11:31:47,376 sam2_image_predictor.py: 102: For numpy array image, we assume (HxWxC) format
INFO 2026-09-28 11:31:47,399 sam2_image_predictor.py: 116: Computing image embeddings for the provided image...
INFO 2026-09-28 11:31:47,407 sam2_image_predictor.py: 129: Image embeddings computed.
INFO 2026-09-28 11:31:48,101 sam2_image_predictor.py: 102: For numpy array image, we assume (HxWxC) format
INFO 2026-09-28 11:31:48,112 sam2_image_predictor.py: 116: Computing image embeddings for the provided image...
INFO 2026-09-28 11:31:48,120 sam2_image_predictor.py: 129: Image embeddings computed.
INFO 2026-09-28 11:31:48,673 sam2_image_predictor.py: 102: For numpy array image, we assume (HxWxC) format
INFO 2026-09-28 11:31:48,688 sam2_image_predictor.py: 116: Computing image embeddings for the provided image...
INFO 2026-09-28 11:31:48,699 sam2_image_predictor.py: 129: Image embeddings computed.
INFO 2026-09-28 11:31:49,263 sam2_image_predictor.py: 102: For numpy array image, we assume (HxWxC) format
INFO 2026-09-28 11:31:49,294 sam2_image_predictor.py: 116: Computing image embeddings for the provided image...
INFO 2026-09-28 11:31:49,348 sam2_image_predictor.py: 129: Image embeddings computed.
INFO 2026-09-28 11:31:50,285 sam2_image_predictor.py: 102: For numpy array image, we assume (HxWxC) format
INFO 2026-09-28 11:31:50,303 sam2_image_predictor.py: 116: Computing image embeddings for the provided image...
INFO 2026-09-28 11:31:50,311 sam2_image_predictor.py: 129: Image embeddings computed.
INFO 2026-09-28 11:31:51,103 sam2_image_predictor.py: 102: For numpy array image, we assume (HxWxC) format
INFO 2026-09-28 11:31:51,134 sam2_image_predictor.py: 116: Computing image embeddings for the provided image...
INFO 2026-09-28 11:31:51,147 sam2_image_predictor.py: 129: Image embeddings computed.
INFO 2026-09-28 11:31:51,959 sam2_image_predictor.py: 102: For numpy array image, we assume (HxWxC) format
INFO 2026-09-28 11:31:51,977 sam2_image_predictor.py: 116: Computing image embeddings for the provided image...
INFO 2026-09-28 11:31:51,985 sam2_image_predictor.py: 129: Image embeddings computed.
INFO 2026-09-28 11:31:52,610 sam2_image_predictor.py: 102: For numpy array image, we assume (HxWxC) format
INFO 2026-09-28 11:31:52,642 sam2_image_predictor.py: 116: Computing image embeddings for the provided image...
INFO 2026-09-28 11:31:52,654 sam2_image_predictor.py: 129: Image embeddings computed.
INFO 2026-09-28 11:31:53,306 sam2_image_predictor.py: 102: For numpy array image, we assume (HxWxC) format
INFO 2026-09-28 11:31:53,334 sam2_image_predictor.py: 116: Computing image embeddings for the provided image...
INFO 2026-09-28 11:31:53,342 sam2_image_predictor.py: 129: Image embeddings computed.
INFO 2026-09-28 11:31:54,048 sam2_image_predictor.py: 102: For numpy array image, we assume (HxWxC) format
INFO 2026-09-28 11:31:54,076 sam2_image_predictor.py: 116: Computing image embeddings for the provided image...
INFO 2026-09-28 11:31:54,084 sam2_image_predictor.py: 129: Image embeddings computed.
INFO 2026-09-28 11:31:54,813 sam2_image_predictor.py: 102: For numpy array image, we assume (HxWxC) format
INFO 2026-09-28 11:31:54,831 sam2_image_predictor.py: 116: Computing image embeddings for the provided image...
INFO 2026-09-28 11:31:54,839 sam2_image_predictor.py: 129: Image embeddings computed.
INFO 2026-09-28 11:31:55,481 sam2_image_predictor.py: 102: For numpy array image, we assume (HxWxC) format
INFO 2026-09-28 11:31:55,512 sam2_image_predictor.py: 116: Computing image embeddings for the provided image...
INFO 2026-09-28 11:31:55,545 sam2_image_predictor.py: 129: Image embeddings computed.
INFO 2026-09-28 11:31:56,172 sam2_image_predictor.py: 102: For numpy array image, we assume (HxWxC) format
INFO 2026-09-28 11:31:56,190 sam2_image_predictor.py: 116: Computing image embeddings for the provided image...
INFO 2026-09-28 11:31:56,198 sam2_image_predictor.py: 129: Image embeddings computed.
INFO 2026-09-28 11:31:56,823 sam2_image_predictor.py: 102: For numpy array image, we assume (HxWxC) format
INFO 2026-09-28 11:31:56,853 sam2_image_predictor.py: 116: Computing image embeddings for the provided image...
INFO 2026-09-28 11:31:56,863 sam2_image_predictor.py: 129: Image embeddings computed.
INFO 2026-09-28 11:31:57,510 sam2_image_predictor.py: 102: For numpy array image, we assume (HxWxC) format
INFO 2026-09-28 11:31:57,529 sam2_image_predictor.py: 116: Computing image embeddings for the provided image...
INFO 2026-09-28 11:31:57,537 sam2_image_predictor.py: 129: Image embeddings computed.
INFO 2026-09-28 11:31:58,185 sam2_image_predictor.py: 102: For numpy array image, we assume (HxWxC) format
INFO 2026-09-28 11:31:58,216 sam2_image_predictor.py: 116: Computing image embeddings for the provided image...
INFO 2026-09-28 11:31:58,250 sam2_image_predictor.py: 129: Image embeddings computed.
INFO 2026-09-28 11:31:58,939 sam2_image_predictor.py: 102: For numpy array image, we assume (HxWxC) format
INFO 2026-09-28 11:31:58,957 sam2_image_predictor.py: 116: Computing image embeddings for the provided image...
INFO 2026-09-28 11:31:58,964 sam2_image_predictor.py: 129: Image embeddings computed.
INFO 2026-09-28 11:31:59,642 sam2_image_predictor.py: 102: For numpy array image, we assume (HxWxC) format
INFO 2026-09-28 11:31:59,672 sam2_image_predictor.py: 116: Computing image embeddings for the provided image...
INFO 2026-09-28 11:31:59,745 sam2_image_predictor.py: 129: Image embeddings computed.
INFO 2026-09-28 11:32:00,384 sam2_image_predictor.py: 102: For numpy array image, we assume (HxWxC) format
INFO 2026-09-28 11:32:00,406 sam2_image_predictor.py: 116: Computing image embeddings for the provided image...
INFO 2026-09-28 11:32:00,414 sam2_image_predictor.py: 129: Image embeddings computed.
INFO 2026-09-28 11:32:01,181 sam2_image_predictor.py: 102: For numpy array image, we assume (HxWxC) format
INFO 2026-09-28 11:32:01,211 sam2_image_predictor.py: 116: Computing image embeddings for the provided image...
INFO 2026-09-28 11:32:01,245 sam2_image_predictor.py: 129: Image embeddings computed.
INFO 2026-09-28 11:32:01,893 best_coco_trainer.py: 114: COCO eval rank 0: 100/100 images
INFO 2026-09-28 11:32:02,757 best_coco_trainer.py: 181: Epoch 5: AP=20.2890; best=20.2890; saved=True
INFO 2026-09-28 11:32:07,097 train_utils.py: 271: Train Epoch: [5][   0/2110] | Batch Time: 4.17 (4.17) | Data Time: 4.09 (4.09) | Mem (GB): 5.00 (5.00/5.00) | Time Elapsed: 00d 01h 10m | Losses/train_all_loss: 4.07e-01 (4.07e-01)
WARNING:root:Skip RandomAffine for zero-area mask in first frame after 1 tentatives
WARNING:root:Skip RandomAffine for zero-area mask in first frame after 1 tentatives
WARNING:root:Skip RandomAffine for zero-area mask in first frame after 1 tentatives
WARNING:root:Skip RandomAffine for zero-area mask in first frame after 1 tentatives
INFO 2026-09-28 11:32:12,077 train_utils.py: 271: Train Epoch: [5][  10/2110] | Batch Time: 0.12 (0.83) | Data Time: 0.00 (0.72) | Mem (GB): 4.00 (5.36/11.00) | Time Elapsed: 00d 01h 10m | Losses/train_all_loss: 4.54e-01 (9.85e-01)
WARNING:root:Skip RandomAffine for zero-area mask in first frame after 1 tentatives
WARNING:root:Skip RandomAffine for zero-area mask in first frame after 1 tentatives
WARNING:root:Skip RandomAffine for zero-area mask in first frame after 1 tentatives
WARNING:root:Skip RandomAffine for zero-area mask in first frame after 1 tentatives
INFO 2026-09-28 11:32:16,205 train_utils.py: 271: Train Epoch: [5][  20/2110] | Batch Time: 0.28 (0.63) | Data Time: 0.17 (0.51) | Mem (GB): 6.00 (6.52/12.00) | Time Elapsed: 00d 01h 10m | Losses/train_all_loss: 1.14e+01 (1.67e+01)
WARNING:root:Skip RandomAffine for zero-area mask in first frame after 1 tentatives
WARNING:root:Skip RandomAffine for zero-area mask in first frame after 1 tentatives
WARNING:root:Skip RandomAffine for zero-area mask in first frame after 1 tentatives
INFO 2026-09-28 11:32:21,953 train_utils.py: 271: Train Epoch: [5][  30/2110] | Batch Time: 0.26 (0.61) | Data Time: 0.13 (0.48) | Mem (GB): 7.00 (6.94/12.00) | Time Elapsed: 00d 01h 10m | Losses/train_all_loss: 1.63e+02 (3.69e+01)
WARNING:root:Skip RandomAffine for zero-area mask in first frame after 1 tentatives
WARNING:root:Skip RandomAffine for zero-area mask in first frame after 1 tentatives
INFO 2026-09-28 11:32:25,534 train_utils.py: 271: Train Epoch: [5][  40/2110] | Batch Time: 0.19 (0.55) | Data Time: 0.00 (0.41) | Mem (GB): 12.00 (7.41/13.00) | Time Elapsed: 00d 01h 10m | Losses/train_all_loss: 1.11e+01 (2.95e+01)
WARNING:root:Skip RandomAffine for zero-area mask in first frame after 1 tentatives
WARNING:root:Skip RandomAffine for zero-area mask in first frame after 1 tentatives
WARNING:root:Skip RandomAffine for zero-area mask in first frame after 1 tentatives
WARNING:root:Skip RandomAffine for zero-area mask in first frame after 1 tentatives
WARNING:root:Skip RandomAffine for zero-area mask in first frame after 1 tentatives
INFO 2026-09-28 11:32:29,494 train_utils.py: 271: Train Epoch: [5][  50/2110] | Batch Time: 0.15 (0.52) | Data Time: 0.00 (0.38) | Mem (GB): 9.00 (7.57/15.00) | Time Elapsed: 00d 01h 10m | Losses/train_all_loss: 1.13e+02 (2.77e+01)
WARNING:root:Skip RandomAffine for zero-area mask in first frame after 1 tentatives
INFO 2026-09-28 11:32:31,619 train_utils.py: 271: Train Epoch: [5][  60/2110] | Batch Time: 0.10 (0.47) | Data Time: 0.00 (0.34) | Mem (GB): 2.00 (7.07/15.00) | Time Elapsed: 00d 01h 10m | Losses/train_all_loss: 1.66e+02 (3.24e+01)
WARNING:root:Skip RandomAffine for zero-area mask in first frame after 1 tentatives
INFO 2026-09-28 11:32:36,088 train_utils.py: 271: Train Epoch: [5][  70/2110] | Batch Time: 0.09 (0.47) | Data Time: 0.00 (0.33) | Mem (GB): 5.00 (7.07/15.00) | Time Elapsed: 00d 01h 10m | Losses/train_all_loss: 2.17e-01 (3.06e+01)
WARNING:root:Skip RandomAffine for zero-area mask in first frame after 1 tentatives
WARNING:root:Skip RandomAffine for zero-area mask in first frame after 1 tentatives
WARNING:root:Skip RandomAffine for zero-area mask in first frame after 1 tentatives
INFO 2026-09-28 11:32:38,452 train_utils.py: 271: Train Epoch: [5][  80/2110] | Batch Time: 0.09 (0.44) | Data Time: 0.00 (0.31) | Mem (GB): 4.00 (6.99/15.00) | Time Elapsed: 00d 01h 10m | Losses/train_all_loss: 3.60e-01 (3.05e+01)
WARNING:root:Skip RandomAffine for zero-area mask in first frame after 1 tentatives
WARNING:root:Skip RandomAffine for zero-area mask in first frame after 1 tentatives
WARNING:root:Skip RandomAffine for zero-area mask in first frame after 1 tentatives
WARNING:root:Skip RandomAffine for zero-area mask in first frame after 1 tentatives
WARNING:root:Skip RandomAffine for zero-area mask in first frame after 1 tentatives
INFO 2026-09-28 11:32:41,960 train_utils.py: 271: Train Epoch: [5][  90/2110] | Batch Time: 0.15 (0.43) | Data Time: 0.00 (0.29) | Mem (GB): 8.00 (7.05/15.00) | Time Elapsed: 00d 01h 10m | Losses/train_all_loss: 3.56e-01 (3.16e+01)
WARNING:root:Skip RandomAffine for zero-area mask in first frame after 1 tentatives
WARNING:root:Skip RandomAffine for zero-area mask in first frame after 1 tentatives
INFO 2026-09-28 11:32:48,704 train_utils.py: 271: Train Epoch: [5][ 100/2110] | Batch Time: 1.54 (0.45) | Data Time: 1.31 (0.31) | Mem (GB): 8.00 (7.19/15.00) | Time Elapsed: 00d 01h 10m | Losses/train_all_loss: 5.21e-01 (2.89e+01)
WARNING:root:Skip RandomAffine for zero-area mask in first frame after 1 tentatives
INFO 2026-09-28 11:32:50,924 train_utils.py: 271: Train Epoch: [5][ 110/2110] | Batch Time: 0.15 (0.43) | Data Time: 0.00 (0.29) | Mem (GB): 7.00 (6.99/15.00) | Time Elapsed: 00d 01h 10m | Losses/train_all_loss: 3.94e-01 (3.28e+01)
WARNING:root:Skip RandomAffine for zero-area mask in first frame after 1 tentatives
WARNING:root:Skip RandomAffine for zero-area mask in first frame after 1 tentatives
WARNING:root:Skip RandomAffine for zero-area mask in first frame after 1 tentatives
WARNING:root:Skip RandomAffine for zero-area mask in first frame after 1 tentatives
INFO 2026-09-28 11:32:54,562 train_utils.py: 271: Train Epoch: [5][ 120/2110] | Batch Time: 0.12 (0.43) | Data Time: 0.00 (0.29) | Mem (GB): 6.00 (7.00/15.00) | Time Elapsed: 00d 01h 10m | Losses/train_all_loss: 4.23e-01 (3.58e+01)
WARNING:root:Skip RandomAffine for zero-area mask in first frame after 1 tentatives
INFO 2026-09-28 11:32:57,299 train_utils.py: 271: Train Epoch: [5][ 130/2110] | Batch Time: 0.10 (0.42) | Data Time: 0.00 (0.28) | Mem (GB): 2.00 (6.89/15.00) | Time Elapsed: 00d 01h 10m | Losses/train_all_loss: 4.61e-01 (3.39e+01)
WARNING:root:Skip RandomAffine for zero-area mask in first frame after 1 tentatives
INFO 2026-09-28 11:33:02,557 train_utils.py: 271: Train Epoch: [5][ 140/2110] | Batch Time: 0.07 (0.42) | Data Time: 0.00 (0.28) | Mem (GB): 2.00 (6.82/15.00) | Time Elapsed: 00d 01h 11m | Losses/train_all_loss: 3.35e-01 (3.37e+01)
WARNING:root:Skip RandomAffine for zero-area mask in first frame after 1 tentatives
WARNING:root:Skip RandomAffine for zero-area mask in first frame after 1 tentatives
WARNING:root:Skip RandomAffine for zero-area mask in first frame after 1 tentatives
INFO 2026-09-28 11:33:05,658 train_utils.py: 271: Train Epoch: [5][ 150/2110] | Batch Time: 0.10 (0.42) | Data Time: 0.00 (0.28) | Mem (GB): 4.00 (6.71/15.00) | Time Elapsed: 00d 01h 11m | Losses/train_all_loss: 1.44e+02 (3.59e+01)
WARNING:root:Skip RandomAffine for zero-area mask in first frame after 1 tentatives
WARNING:root:Skip RandomAffine for zero-area mask in first frame after 1 tentatives
INFO 2026-09-28 11:33:08,314 train_utils.py: 271: Train Epoch: [5][ 160/2110] | Batch Time: 0.40 (0.41) | Data Time: 0.28 (0.27) | Mem (GB): 6.00 (6.68/15.00) | Time Elapsed: 00d 01h 11m | Losses/train_all_loss: 3.03e-01 (3.52e+01)
WARNING:root:Skip RandomAffine for zero-area mask in first frame after 1 tentatives
WARNING:root:Skip RandomAffine for zero-area mask in first frame after 1 tentatives
WARNING:root:Skip RandomAffine for zero-area mask in first frame after 1 tentatives
INFO 2026-09-28 11:33:11,234 train_utils.py: 271: Train Epoch: [5][ 170/2110] | Batch Time: 0.51 (0.40) | Data Time: 0.40 (0.26) | Mem (GB): 5.00 (6.67/15.00) | Time Elapsed: 00d 01h 11m | Losses/train_all_loss: 1.87e-01 (3.35e+01)
WARNING:root:Skip RandomAffine for zero-area mask in first frame after 1 tentatives
WARNING:root:Skip RandomAffine for zero-area mask in first frame after 1 tentatives
INFO 2026-09-28 11:33:15,104 train_utils.py: 271: Train Epoch: [5][ 180/2110] | Batch Time: 0.10 (0.40) | Data Time: 0.00 (0.26) | Mem (GB): 5.00 (6.66/15.00) | Time Elapsed: 00d 01h 11m | Losses/train_all_loss: 8.65e+00 (3.17e+01)
WARNING:root:Skip RandomAffine for zero-area mask in first frame after 1 tentatives
WARNING:root:Skip RandomAffine for zero-area mask in first frame after 1 tentatives
WARNING:root:Skip RandomAffine for zero-area mask in first frame after 1 tentatives
WARNING:root:Skip RandomAffine for zero-area mask in first frame after 1 tentatives
INFO 2026-09-28 11:33:18,596 train_utils.py: 271: Train Epoch: [5][ 190/2110] | Batch Time: 0.30 (0.40) | Data Time: 0.18 (0.26) | Mem (GB): 7.00 (6.74/15.00) | Time Elapsed: 00d 01h 11m | Losses/train_all_loss: 6.90e-01 (3.09e+01)
WARNING:root:Skip RandomAffine for zero-area mask in first frame after 1 tentatives
WARNING:root:Skip RandomAffine for zero-area mask in first frame after 1 tentatives
WARNING:root:Skip RandomAffine for zero-area mask in first frame after 1 tentatives
INFO 2026-09-28 11:33:22,005 train_utils.py: 271: Train Epoch: [5][ 200/2110] | Batch Time: 0.18 (0.39) | Data Time: 0.00 (0.26) | Mem (GB): 7.00 (6.66/15.00) | Time Elapsed: 00d 01h 11m | Losses/train_all_loss: 3.91e-01 (3.53e+01)
WARNING:root:Skip RandomAffine for zero-area mask in first frame after 1 tentatives
INFO 2026-09-28 11:33:27,855 train_utils.py: 271: Train Epoch: [5][ 210/2110] | Batch Time: 0.80 (0.40) | Data Time: 0.61 (0.27) | Mem (GB): 12.00 (6.68/15.00) | Time Elapsed: 00d 01h 11m | Losses/train_all_loss: 1.13e+00 (3.61e+01)
WARNING:root:Skip RandomAffine for zero-area mask in first frame after 1 tentatives
WARNING:root:Skip RandomAffine for zero-area mask in first frame after 1 tentatives
WARNING:root:Skip RandomAffine for zero-area mask in first frame after 1 tentatives
INFO 2026-09-28 11:33:31,072 train_utils.py: 271: Train Epoch: [5][ 220/2110] | Batch Time: 0.21 (0.40) | Data Time: 0.00 (0.26) | Mem (GB): 4.00 (6.74/15.00) | Time Elapsed: 00d 01h 11m | Losses/train_all_loss: 3.09e-01 (3.59e+01)
WARNING:root:Skip RandomAffine for zero-area mask in first frame after 1 tentatives
INFO 2026-09-28 11:33:34,392 train_utils.py: 271: Train Epoch: [5][ 230/2110] | Batch Time: 0.14 (0.40) | Data Time: 0.00 (0.26) | Mem (GB): 7.00 (6.75/15.00) | Time Elapsed: 00d 01h 11m | Losses/train_all_loss: 3.47e-01 (3.62e+01)
WARNING:root:Skip RandomAffine for zero-area mask in first frame after 1 tentatives
WARNING:root:Skip RandomAffine for zero-area mask in first frame after 1 tentatives
WARNING:root:Skip RandomAffine for zero-area mask in first frame after 1 tentatives
WARNING:root:Skip RandomAffine for zero-area mask in first frame after 1 tentatives
WARNING:root:Skip RandomAffine for zero-area mask in first frame after 1 tentatives
WARNING:root:Skip RandomAffine for zero-area mask in first frame after 1 tentatives
INFO 2026-09-28 11:33:38,361 train_utils.py: 271: Train Epoch: [5][ 240/2110] | Batch Time: 0.21 (0.40) | Data Time: 0.00 (0.26) | Mem (GB): 8.00 (6.75/15.00) | Time Elapsed: 00d 01h 11m | Losses/train_all_loss: 3.21e+01 (3.67e+01)
WARNING:root:Skip RandomAffine for zero-area mask in first frame after 1 tentatives
WARNING:root:Skip RandomAffine for zero-area mask in first frame after 1 tentatives
INFO 2026-09-28 11:33:39,953 train_utils.py: 271: Train Epoch: [5][ 250/2110] | Batch Time: 0.12 (0.39) | Data Time: 0.00 (0.25) | Mem (GB): 6.00 (6.71/15.00) | Time Elapsed: 00d 01h 11m | Losses/train_all_loss: 1.89e-01 (3.61e+01)
WARNING:root:Skip RandomAffine for zero-area mask in first frame after 1 tentatives
WARNING:root:Skip RandomAffine for zero-area mask in first frame after 1 tentatives
INFO 2026-09-28 11:33:45,007 train_utils.py: 271: Train Epoch: [5][ 260/2110] | Batch Time: 0.22 (0.39) | Data Time: 0.11 (0.25) | Mem (GB): 5.00 (6.74/15.00) | Time Elapsed: 00d 01h 11m | Losses/train_all_loss: 3.98e-01 (3.60e+01)
WARNING:root:Skip RandomAffine for zero-area mask in first frame after 1 tentatives
WARNING:root:Skip RandomAffine for zero-area mask in first frame after 1 tentatives
WARNING:root:Skip RandomAffine for zero-area mask in first frame after 1 tentatives
WARNING:root:Skip RandomAffine for zero-area mask in first frame after 1 tentatives
INFO 2026-09-28 11:33:48,876 train_utils.py: 271: Train Epoch: [5][ 270/2110] | Batch Time: 0.09 (0.39) | Data Time: 0.00 (0.25) | Mem (GB): 5.00 (6.80/15.00) | Time Elapsed: 00d 01h 11m | Losses/train_all_loss: 1.04e-01 (3.61e+01)
WARNING:root:Skip RandomAffine for zero-area mask in first frame after 1 tentatives
WARNING:root:Skip RandomAffine for zero-area mask in first frame after 1 tentatives
WARNING:root:Skip RandomAffine for zero-area mask in first frame after 1 tentatives
WARNING:root:Skip RandomAffine for zero-area mask in first frame after 1 tentatives
WARNING:root:Skip RandomAffine for zero-area mask in first frame after 1 tentatives
INFO 2026-09-28 11:33:52,521 train_utils.py: 271: Train Epoch: [5][ 280/2110] | Batch Time: 0.17 (0.39) | Data Time: 0.00 (0.25) | Mem (GB): 11.00 (6.84/15.00) | Time Elapsed: 00d 01h 11m | Losses/train_all_loss: 2.43e+00 (3.60e+01)
WARNING:root:Skip RandomAffine for zero-area mask in first frame after 1 tentatives
WARNING:root:Skip RandomAffine for zero-area mask in first frame after 1 tentatives
WARNING:root:Skip RandomAffine for zero-area mask in first frame after 1 tentatives
WARNING:root:Skip RandomAffine for zero-area mask in first frame after 1 tentatives
INFO 2026-09-28 11:33:57,814 train_utils.py: 271: Train Epoch: [5][ 290/2110] | Batch Time: 0.07 (0.39) | Data Time: 0.00 (0.26) | Mem (GB): 2.00 (6.86/15.00) | Time Elapsed: 00d 01h 11m | Losses/train_all_loss: 7.34e+02 (3.84e+01)
WARNING:root:Skip RandomAffine for zero-area mask in first frame after 1 tentatives
WARNING:root:Skip RandomAffine for zero-area mask in first frame after 1 tentatives
INFO 2026-09-28 11:34:01,140 train_utils.py: 271: Train Epoch: [5][ 300/2110] | Batch Time: 0.12 (0.39) | Data Time: 0.00 (0.26) | Mem (GB): 5.00 (6.87/15.00) | Time Elapsed: 00d 01h 12m | Losses/train_all_loss: 6.20e-01 (3.91e+01)
WARNING:root:Skip RandomAffine for zero-area mask in first frame after 1 tentatives
WARNING:root:Skip RandomAffine for zero-area mask in first frame after 1 tentatives
INFO 2026-09-28 11:34:05,016 train_utils.py: 271: Train Epoch: [5][ 310/2110] | Batch Time: 0.74 (0.39) | Data Time: 0.64 (0.26) | Mem (GB): 4.00 (6.83/15.00) | Time Elapsed: 00d 01h 12m | Losses/train_all_loss: 6.60e-01 (3.84e+01)
WARNING:root:Skip RandomAffine for zero-area mask in first frame after 1 tentatives
WARNING:root:Skip RandomAffine for zero-area mask in first frame after 1 tentatives
INFO 2026-09-28 11:34:07,633 train_utils.py: 271: Train Epoch: [5][ 320/2110] | Batch Time: 0.07 (0.39) | Data Time: 0.00 (0.25) | Mem (GB): 2.00 (6.84/15.00) | Time Elapsed: 00d 01h 12m | Losses/train_all_loss: 8.20e+02 (4.01e+01)
WARNING:root:Skip RandomAffine for zero-area mask in first frame after 1 tentatives
WARNING:root:Skip RandomAffine for zero-area mask in first frame after 1 tentatives
WARNING:root:Skip RandomAffine for zero-area mask in first frame after 1 tentatives
INFO 2026-09-28 11:34:10,352 train_utils.py: 271: Train Epoch: [5][ 330/2110] | Batch Time: 0.20 (0.38) | Data Time: 0.11 (0.25) | Mem (GB): 3.00 (6.82/15.00) | Time Elapsed: 00d 01h 12m | Losses/train_all_loss: 1.78e-01 (4.14e+01)
WARNING:root:Skip RandomAffine for zero-area mask in first frame after 1 tentatives
WARNING:root:Skip RandomAffine for zero-area mask in first frame after 1 tentatives
WARNING:root:Skip RandomAffine for zero-area mask in first frame after 1 tentatives
WARNING:root:Skip RandomAffine for zero-area mask in first frame after 1 tentatives
WARNING:root:Skip RandomAffine for zero-area mask in first frame after 1 tentatives
INFO 2026-09-28 11:34:15,245 train_utils.py: 271: Train Epoch: [5][ 340/2110] | Batch Time: 0.94 (0.39) | Data Time: 0.83 (0.25) | Mem (GB): 6.00 (6.88/15.00) | Time Elapsed: 00d 01h 12m | Losses/train_all_loss: 6.93e-01 (4.09e+01)
WARNING:root:Skip RandomAffine for zero-area mask in first frame after 1 tentatives
WARNING:root:Skip RandomAffine for zero-area mask in first frame after 1 tentatives
INFO 2026-09-28 11:34:18,188 train_utils.py: 271: Train Epoch: [5][ 350/2110] | Batch Time: 0.13 (0.39) | Data Time: 0.00 (0.25) | Mem (GB): 7.00 (6.92/15.00) | Time Elapsed: 00d 01h 12m | Losses/train_all_loss: 3.57e-01 (4.00e+01)
WARNING:root:Skip RandomAffine for zero-area mask in first frame after 1 tentatives
WARNING:root:Skip RandomAffine for zero-area mask in first frame after 1 tentatives
WARNING:root:Skip RandomAffine for zero-area mask in first frame after 1 tentatives
INFO 2026-09-28 11:34:21,722 train_utils.py: 271: Train Epoch: [5][ 360/2110] | Batch Time: 0.22 (0.38) | Data Time: 0.08 (0.25) | Mem (GB): 8.00 (6.91/15.00) | Time Elapsed: 00d 01h 12m | Losses/train_all_loss: 2.75e-01 (3.91e+01)
WARNING:root:Skip RandomAffine for zero-area mask in first frame after 1 tentatives
INFO 2026-09-28 11:34:24,791 train_utils.py: 271: Train Epoch: [5][ 370/2110] | Batch Time: 0.15 (0.38) | Data Time: 0.00 (0.25) | Mem (GB): 9.00 (6.88/15.00) | Time Elapsed: 00d 01h 12m | Losses/train_all_loss: 4.13e-01 (3.90e+01)
WARNING:root:Skip RandomAffine for zero-area mask in first frame after 1 tentatives
WARNING:root:Skip RandomAffine for zero-area mask in first frame after 1 tentatives
WARNING:root:Skip RandomAffine for zero-area mask in first frame after 1 tentatives
WARNING:root:Skip RandomAffine for zero-area mask in first frame after 1 tentatives
WARNING:root:Skip RandomAffine for zero-area mask in first frame after 1 tentatives
INFO 2026-09-28 11:34:28,143 train_utils.py: 271: Train Epoch: [5][ 380/2110] | Batch Time: 0.08 (0.38) | Data Time: 0.00 (0.25) | Mem (GB): 2.00 (6.88/15.00) | Time Elapsed: 00d 01h 12m | Losses/train_all_loss: 6.51e-02 (3.84e+01)
WARNING:root:Skip RandomAffine for zero-area mask in first frame after 1 tentatives
WARNING:root:Skip RandomAffine for zero-area mask in first frame after 1 tentatives
WARNING:root:Skip RandomAffine for zero-area mask in first frame after 1 tentatives
WARNING:root:Skip RandomAffine for zero-area mask in first frame after 1 tentatives
WARNING:root:Skip RandomAffine for zero-area mask in first frame after 1 tentatives
INFO 2026-09-28 11:34:31,116 train_utils.py: 271: Train Epoch: [5][ 390/2110] | Batch Time: 0.08 (0.38) | Data Time: 0.00 (0.24) | Mem (GB): 2.00 (6.88/15.00) | Time Elapsed: 00d 01h 12m | Losses/train_all_loss: 3.44e-01 (3.80e+01)
WARNING:root:Skip RandomAffine for zero-area mask in first frame after 1 tentatives
WARNING:root:Skip RandomAffine for zero-area mask in first frame after 1 tentatives
WARNING:root:Skip RandomAffine for zero-area mask in first frame after 1 tentatives
INFO 2026-09-28 11:34:34,552 train_utils.py: 271: Train Epoch: [5][ 400/2110] | Batch Time: 0.17 (0.38) | Data Time: 0.00 (0.24) | Mem (GB): 9.00 (6.90/15.00) | Time Elapsed: 00d 01h 12m | Losses/train_all_loss: 5.13e+00 (3.75e+01)
WARNING:root:Skip RandomAffine for zero-area mask in first frame after 1 tentatives
WARNING:root:Skip RandomAffine for zero-area mask in first frame after 1 tentatives
WARNING:root:Skip RandomAffine for zero-area mask in first frame after 1 tentatives
WARNING:root:Skip RandomAffine for zero-area mask in first frame after 1 tentatives
WARNING:root:Skip RandomAffine for zero-area mask in first frame after 1 tentatives
WARNING:root:Skip RandomAffine for zero-area mask in first frame after 1 tentatives
INFO 2026-09-28 11:34:39,000 train_utils.py: 271: Train Epoch: [5][ 410/2110] | Batch Time: 0.09 (0.38) | Data Time: 0.00 (0.24) | Mem (GB): 5.00 (6.93/15.00) | Time Elapsed: 00d 01h 12m | Losses/train_all_loss: 2.98e-01 (3.68e+01)
WARNING:root:Skip RandomAffine for zero-area mask in first frame after 1 tentatives
INFO 2026-09-28 11:34:43,228 train_utils.py: 271: Train Epoch: [5][ 420/2110] | Batch Time: 0.14 (0.38) | Data Time: 0.00 (0.24) | Mem (GB): 8.00 (6.93/15.00) | Time Elapsed: 00d 01h 12m | Losses/train_all_loss: 5.48e+00 (3.69e+01)
WARNING:root:Skip RandomAffine for zero-area mask in first frame after 1 tentatives
WARNING:root:Skip RandomAffine for zero-area mask in first frame after 1 tentatives
WARNING:root:Skip RandomAffine for zero-area mask in first frame after 1 tentatives
WARNING:root:Skip RandomAffine for zero-area mask in first frame after 1 tentatives
WARNING:root:Skip RandomAffine for zero-area mask in first frame after 1 tentatives
INFO 2026-09-28 11:34:46,624 train_utils.py: 271: Train Epoch: [5][ 430/2110] | Batch Time: 0.13 (0.38) | Data Time: 0.00 (0.24) | Mem (GB): 7.00 (6.92/15.00) | Time Elapsed: 00d 01h 12m | Losses/train_all_loss: 8.45e+00 (3.67e+01)
INFO 2026-09-28 11:34:49,712 train_utils.py: 271: Train Epoch: [5][ 440/2110] | Batch Time: 0.16 (0.38) | Data Time: 0.00 (0.24) | Mem (GB): 10.00 (6.91/15.00) | Time Elapsed: 00d 01h 12m | Losses/train_all_loss: 4.75e+01 (3.61e+01)
WARNING:root:Skip RandomAffine for zero-area mask in first frame after 1 tentatives
WARNING:root:Skip RandomAffine for zero-area mask in first frame after 1 tentatives
WARNING:root:Skip RandomAffine for zero-area mask in first frame after 1 tentatives
WARNING:root:Skip RandomAffine for zero-area mask in first frame after 1 tentatives
INFO 2026-09-28 11:34:54,951 train_utils.py: 271: Train Epoch: [5][ 450/2110] | Batch Time: 0.17 (0.38) | Data Time: 0.00 (0.25) | Mem (GB): 10.00 (6.92/15.00) | Time Elapsed: 00d 01h 12m | Losses/train_all_loss: 1.03e+02 (3.64e+01)
INFO 2026-09-28 11:34:58,185 train_utils.py: 271: Train Epoch: [5][ 460/2110] | Batch Time: 0.13 (0.38) | Data Time: 0.00 (0.24) | Mem (GB): 7.00 (6.94/15.00) | Time Elapsed: 00d 01h 12m | Losses/train_all_loss: 9.39e-01 (3.59e+01)
WARNING:root:Skip RandomAffine for zero-area mask in first frame after 1 tentatives
WARNING:root:Skip RandomAffine for zero-area mask in first frame after 1 tentatives
WARNING:root:Skip RandomAffine for zero-area mask in first frame after 1 tentatives
WARNING:root:Skip RandomAffine for zero-area mask in first frame after 1 tentatives
WARNING:root:Skip RandomAffine for zero-area mask in first frame after 1 tentatives
INFO 2026-09-28 11:35:01,624 train_utils.py: 271: Train Epoch: [5][ 470/2110] | Batch Time: 0.67 (0.38) | Data Time: 0.47 (0.24) | Mem (GB): 11.00 (6.94/15.00) | Time Elapsed: 00d 01h 13m | Losses/train_all_loss: 2.02e+00 (3.58e+01)
WARNING:root:Skip RandomAffine for zero-area mask in first frame after 1 tentatives
WARNING:root:Skip RandomAffine for zero-area mask in first frame after 1 tentatives
WARNING:root:Skip RandomAffine for zero-area mask in first frame after 1 tentatives
WARNING:root:Skip RandomAffine for zero-area mask in first frame after 1 tentatives
WARNING:root:Skip RandomAffine for zero-area mask in first frame after 1 tentatives
INFO 2026-09-28 11:35:06,677 train_utils.py: 271: Train Epoch: [5][ 480/2110] | Batch Time: 1.60 (0.38) | Data Time: 1.39 (0.25) | Mem (GB): 13.00 (6.99/15.00) | Time Elapsed: 00d 01h 13m | Losses/train_all_loss: 1.61e+01 (3.59e+01)
WARNING:root:Skip RandomAffine for zero-area mask in first frame after 1 tentatives
INFO 2026-09-28 11:35:09,504 train_utils.py: 271: Train Epoch: [5][ 490/2110] | Batch Time: 0.12 (0.38) | Data Time: 0.00 (0.24) | Mem (GB): 5.00 (6.99/15.00) | Time Elapsed: 00d 01h 13m | Losses/train_all_loss: 1.63e+02 (3.59e+01)
WARNING:root:Skip RandomAffine for zero-area mask in first frame after 1 tentatives
INFO 2026-09-28 11:35:13,030 train_utils.py: 271: Train Epoch: [5][ 500/2110] | Batch Time: 0.49 (0.38) | Data Time: 0.33 (0.24) | Mem (GB): 8.00 (6.96/15.00) | Time Elapsed: 00d 01h 13m | Losses/train_all_loss: 1.43e+02 (3.66e+01)
WARNING:root:Skip RandomAffine for zero-area mask in first frame after 1 tentatives
INFO 2026-09-28 11:35:18,059 train_utils.py: 271: Train Epoch: [5][ 510/2110] | Batch Time: 0.13 (0.38) | Data Time: 0.00 (0.25) | Mem (GB): 7.00 (6.98/15.00) | Time Elapsed: 00d 01h 13m | Losses/train_all_loss: 5.35e-01 (3.62e+01)
WARNING:root:Skip RandomAffine for zero-area mask in first frame after 1 tentatives
WARNING:root:Skip RandomAffine for zero-area mask in first frame after 1 tentatives
INFO 2026-09-28 11:35:19,725 train_utils.py: 271: Train Epoch: [5][ 520/2110] | Batch Time: 0.10 (0.38) | Data Time: 0.00 (0.24) | Mem (GB): 4.00 (6.94/15.00) | Time Elapsed: 00d 01h 13m | Losses/train_all_loss: 1.06e+02 (3.58e+01)
WARNING:root:Skip RandomAffine for zero-area mask in first frame after 1 tentatives
WARNING:root:Skip RandomAffine for zero-area mask in first frame after 1 tentatives
WARNING:root:Skip RandomAffine for zero-area mask in first frame after 1 tentatives
WARNING:root:Skip RandomAffine for zero-area mask in first frame after 1 tentatives
WARNING:root:Skip RandomAffine for zero-area mask in first frame after 1 tentatives
WARNING:root:Skip RandomAffine for zero-area mask in first frame after 1 tentatives
WARNING:root:Skip RandomAffine for zero-area mask in first frame after 1 tentatives
WARNING:root:Skip RandomAffine for zero-area mask in first frame after 1 tentatives
WARNING:root:Skip RandomAffine for zero-area mask in first frame after 1 tentatives
WARNING:root:Skip RandomAffine for zero-area mask in first frame after 1 tentatives
INFO 2026-09-28 11:35:22,872 train_utils.py: 271: Train Epoch: [5][ 530/2110] | Batch Time: 0.12 (0.38) | Data Time: 0.00 (0.24) | Mem (GB): 3.00 (6.95/15.00) | Time Elapsed: 00d 01h 13m | Losses/train_all_loss: 2.49e-01 (3.63e+01)
WARNING:root:Skip RandomAffine for zero-area mask in first frame after 1 tentatives
WARNING:root:Skip RandomAffine for zero-area mask in first frame after 1 tentatives
WARNING:root:Skip RandomAffine for zero-area mask in first frame after 1 tentatives
INFO 2026-09-28 11:35:26,317 train_utils.py: 271: Train Epoch: [5][ 540/2110] | Batch Time: 0.12 (0.38) | Data Time: 0.00 (0.24) | Mem (GB): 5.00 (6.99/15.00) | Time Elapsed: 00d 01h 13m | Losses/train_all_loss: 4.42e+00 (3.62e+01)
WARNING:root:Skip RandomAffine for zero-area mask in first frame after 1 tentatives
WARNING:root:Skip RandomAffine for zero-area mask in first frame after 1 tentatives
WARNING:root:Skip RandomAffine for zero-area mask in first frame after 1 tentatives
WARNING:root:Skip RandomAffine for zero-area mask in first frame after 1 tentatives
WARNING:root:Skip RandomAffine for zero-area mask in first frame after 1 tentatives
INFO 2026-09-28 11:35:30,578 train_utils.py: 271: Train Epoch: [5][ 550/2110] | Batch Time: 0.95 (0.38) | Data Time: 0.75 (0.24) | Mem (GB): 13.00 (7.01/15.00) | Time Elapsed: 00d 01h 13m | Losses/train_all_loss: 1.07e+01 (3.66e+01)
WARNING:root:Skip RandomAffine for zero-area mask in first frame after 1 tentatives
WARNING:root:Skip RandomAffine for zero-area mask in first frame after 1 tentatives
WARNING:root:Skip RandomAffine for zero-area mask in first frame after 1 tentatives
WARNING:root:Skip RandomAffine for zero-area mask in first frame after 1 tentatives
WARNING:root:Skip RandomAffine for zero-area mask in first frame after 1 tentatives
WARNING:root:Skip RandomAffine for zero-area mask in first frame after 1 tentatives
INFO 2026-09-28 11:35:32,545 train_utils.py: 271: Train Epoch: [5][ 560/2110] | Batch Time: 0.15 (0.37) | Data Time: 0.06 (0.24) | Mem (GB): 4.00 (6.99/15.00) | Time Elapsed: 00d 01h 13m | Losses/train_all_loss: 3.15e-01 (3.60e+01)
WARNING:root:Skip RandomAffine for zero-area mask in first frame after 1 tentatives
WARNING:root:Skip RandomAffine for zero-area mask in first frame after 1 tentatives
INFO 2026-09-28 11:35:35,183 train_utils.py: 271: Train Epoch: [5][ 570/2110] | Batch Time: 0.08 (0.37) | Data Time: 0.00 (0.24) | Mem (GB): 3.00 (6.97/15.00) | Time Elapsed: 00d 01h 13m | Losses/train_all_loss: 4.67e-01 (3.56e+01)
WARNING:root:Skip RandomAffine for zero-area mask in first frame after 1 tentatives
WARNING:root:Skip RandomAffine for zero-area mask in first frame after 1 tentatives
INFO 2026-09-28 11:35:39,253 train_utils.py: 271: Train Epoch: [5][ 580/2110] | Batch Time: 0.08 (0.37) | Data Time: 0.00 (0.24) | Mem (GB): 2.00 (6.98/15.00) | Time Elapsed: 00d 01h 13m | Losses/train_all_loss: 2.71e+02 (3.72e+01)
WARNING:root:Skip RandomAffine for zero-area mask in first frame after 1 tentatives
WARNING:root:Skip RandomAffine for zero-area mask in first frame after 1 tentatives
WARNING:root:Skip RandomAffine for zero-area mask in first frame after 1 tentatives
INFO 2026-09-28 11:35:42,516 train_utils.py: 271: Train Epoch: [5][ 590/2110] | Batch Time: 0.31 (0.37) | Data Time: 0.14 (0.24) | Mem (GB): 10.00 (7.01/15.00) | Time Elapsed: 00d 01h 13m | Losses/train_all_loss: 1.81e-01 (3.67e+01)
WARNING:root:Skip RandomAffine for zero-area mask in first frame after 1 tentatives
WARNING:root:Skip RandomAffine for zero-area mask in first frame after 1 tentatives
WARNING:root:Skip RandomAffine for zero-area mask in first frame after 1 tentatives
INFO 2026-09-28 11:35:46,823 train_utils.py: 271: Train Epoch: [5][ 600/2110] | Batch Time: 0.74 (0.37) | Data Time: 0.51 (0.24) | Mem (GB): 12.00 (7.02/15.00) | Time Elapsed: 00d 01h 13m | Losses/train_all_loss: 2.73e+01 (3.66e+01)
WARNING:root:Skip RandomAffine for zero-area mask in first frame after 1 tentatives
INFO 2026-09-28 11:35:50,934 train_utils.py: 271: Train Epoch: [5][ 610/2110] | Batch Time: 0.68 (0.37) | Data Time: 0.54 (0.24) | Mem (GB): 7.00 (7.05/15.00) | Time Elapsed: 00d 01h 13m | Losses/train_all_loss: 3.63e-01 (3.66e+01)
WARNING:root:Skip RandomAffine for zero-area mask in first frame after 1 tentatives
WARNING:root:Skip RandomAffine for zero-area mask in first frame after 1 tentatives
WARNING:root:Skip RandomAffine for zero-area mask in first frame after 1 tentatives
WARNING:root:Skip RandomAffine for zero-area mask in first frame after 1 tentatives
INFO 2026-09-28 11:35:54,309 train_utils.py: 271: Train Epoch: [5][ 620/2110] | Batch Time: 0.16 (0.37) | Data Time: 0.00 (0.24) | Mem (GB): 8.00 (7.06/15.00) | Time Elapsed: 00d 01h 13m | Losses/train_all_loss: 9.73e-01 (3.78e+01)
WARNING:root:Skip RandomAffine for zero-area mask in first frame after 1 tentatives
WARNING:root:Skip RandomAffine for zero-area mask in first frame after 1 tentatives
WARNING:root:Skip RandomAffine for zero-area mask in first frame after 1 tentatives
INFO 2026-09-28 11:35:58,259 train_utils.py: 271: Train Epoch: [5][ 630/2110] | Batch Time: 0.13 (0.37) | Data Time: 0.00 (0.24) | Mem (GB): 7.00 (7.06/15.00) | Time Elapsed: 00d 01h 13m | Losses/train_all_loss: 5.90e-01 (3.73e+01)
WARNING:root:Skip RandomAffine for zero-area mask in first frame after 1 tentatives
WARNING:root:Skip RandomAffine for zero-area mask in first frame after 1 tentatives
INFO 2026-09-28 11:36:02,406 train_utils.py: 271: Train Epoch: [5][ 640/2110] | Batch Time: 0.08 (0.37) | Data Time: 0.00 (0.24) | Mem (GB): 3.00 (7.06/15.00) | Time Elapsed: 00d 01h 14m | Losses/train_all_loss: 2.62e-01 (3.81e+01)
WARNING:root:Skip RandomAffine for zero-area mask in first frame after 1 tentatives
WARNING:root:Skip RandomAffine for zero-area mask in first frame after 1 tentatives
INFO 2026-09-28 11:36:05,543 train_utils.py: 271: Train Epoch: [5][ 650/2110] | Batch Time: 0.15 (0.37) | Data Time: 0.00 (0.24) | Mem (GB): 9.00 (7.06/15.00) | Time Elapsed: 00d 01h 14m | Losses/train_all_loss: 1.36e+00 (3.80e+01)
WARNING:root:Skip RandomAffine for zero-area mask in first frame after 1 tentatives
WARNING:root:Skip RandomAffine for zero-area mask in first frame after 1 tentatives
INFO 2026-09-28 11:36:08,156 train_utils.py: 271: Train Epoch: [5][ 660/2110] | Batch Time: 0.09 (0.37) | Data Time: 0.00 (0.23) | Mem (GB): 3.00 (7.04/15.00) | Time Elapsed: 00d 01h 14m | Losses/train_all_loss: 3.07e-01 (3.77e+01)
WARNING:root:Skip RandomAffine for zero-area mask in first frame after 1 tentatives
WARNING:root:Skip RandomAffine for zero-area mask in first frame after 1 tentatives
WARNING:root:Skip RandomAffine for zero-area mask in first frame after 1 tentatives
INFO 2026-09-28 11:36:10,929 train_utils.py: 271: Train Epoch: [5][ 670/2110] | Batch Time: 0.14 (0.37) | Data Time: 0.00 (0.23) | Mem (GB): 8.00 (7.03/15.00) | Time Elapsed: 00d 01h 14m | Losses/train_all_loss: 1.20e+01 (3.75e+01)
WARNING:root:Skip RandomAffine for zero-area mask in first frame after 1 tentatives
WARNING:root:Skip RandomAffine for zero-area mask in first frame after 1 tentatives
WARNING:root:Skip RandomAffine for zero-area mask in first frame after 1 tentatives
WARNING:root:Skip RandomAffine for zero-area mask in first frame after 1 tentatives
WARNING:root:Skip RandomAffine for zero-area mask in first frame after 1 tentatives
INFO 2026-09-28 11:36:14,034 train_utils.py: 271: Train Epoch: [5][ 680/2110] | Batch Time: 0.13 (0.37) | Data Time: 0.00 (0.23) | Mem (GB): 7.00 (7.05/15.00) | Time Elapsed: 00d 01h 14m | Losses/train_all_loss: 3.68e-01 (3.72e+01)
WARNING:root:Skip RandomAffine for zero-area mask in first frame after 1 tentatives
WARNING:root:Skip RandomAffine for zero-area mask in first frame after 1 tentatives
INFO 2026-09-28 11:36:16,962 train_utils.py: 271: Train Epoch: [5][ 690/2110] | Batch Time: 0.09 (0.37) | Data Time: 0.00 (0.23) | Mem (GB): 3.00 (7.02/15.00) | Time Elapsed: 00d 01h 14m | Losses/train_all_loss: 3.27e+02 (3.76e+01)
WARNING:root:Skip RandomAffine for zero-area mask in first frame after 1 tentatives
INFO 2026-09-28 11:36:21,676 train_utils.py: 271: Train Epoch: [5][ 700/2110] | Batch Time: 0.10 (0.37) | Data Time: 0.00 (0.23) | Mem (GB): 3.00 (7.00/15.00) | Time Elapsed: 00d 01h 14m | Losses/train_all_loss: 1.83e-01 (3.82e+01)
WARNING:root:Skip RandomAffine for zero-area mask in first frame after 1 tentatives
WARNING:root:Skip RandomAffine for zero-area mask in first frame after 1 tentatives
WARNING:root:Skip RandomAffine for zero-area mask in first frame after 1 tentatives
WARNING:root:Skip RandomAffine for zero-area mask in first frame after 1 tentatives
WARNING:root:Skip RandomAffine for zero-area mask in first frame after 1 tentatives
INFO 2026-09-28 11:36:25,460 train_utils.py: 271: Train Epoch: [5][ 710/2110] | Batch Time: 0.17 (0.37) | Data Time: 0.00 (0.23) | Mem (GB): 10.00 (7.03/15.00) | Time Elapsed: 00d 01h 14m | Losses/train_all_loss: 1.31e+01 (3.77e+01)
INFO 2026-09-28 11:36:28,289 train_utils.py: 271: Train Epoch: [5][ 720/2110] | Batch Time: 0.12 (0.37) | Data Time: 0.00 (0.23) | Mem (GB): 6.00 (7.01/15.00) | Time Elapsed: 00d 01h 14m | Losses/train_all_loss: 2.01e-01 (3.83e+01)
WARNING:root:Skip RandomAffine for zero-area mask in first frame after 1 tentatives
INFO 2026-09-28 11:36:33,240 train_utils.py: 271: Train Epoch: [5][ 730/2110] | Batch Time: 1.12 (0.37) | Data Time: 0.95 (0.23) | Mem (GB): 7.00 (7.02/15.00) | Time Elapsed: 00d 01h 14m | Losses/train_all_loss: 4.22e-01 (3.82e+01)
WARNING:root:Skip RandomAffine for zero-area mask in first frame after 1 tentatives
WARNING:root:Skip RandomAffine for zero-area mask in first frame after 1 tentatives
INFO 2026-09-28 11:36:35,499 train_utils.py: 271: Train Epoch: [5][ 740/2110] | Batch Time: 0.08 (0.37) | Data Time: 0.00 (0.23) | Mem (GB): 3.00 (7.01/15.00) | Time Elapsed: 00d 01h 14m | Losses/train_all_loss: 2.49e-01 (3.81e+01)
WARNING:root:Skip RandomAffine for zero-area mask in first frame after 1 tentatives
WARNING:root:Skip RandomAffine for zero-area mask in first frame after 1 tentatives
WARNING:root:Skip RandomAffine for zero-area mask in first frame after 1 tentatives
INFO 2026-09-28 11:36:40,221 train_utils.py: 271: Train Epoch: [5][ 750/2110] | Batch Time: 0.14 (0.37) | Data Time: 0.00 (0.23) | Mem (GB): 8.00 (7.02/15.00) | Time Elapsed: 00d 01h 14m | Losses/train_all_loss: 8.42e-01 (3.81e+01)
WARNING:root:Skip RandomAffine for zero-area mask in first frame after 1 tentatives
WARNING:root:Skip RandomAffine for zero-area mask in first frame after 1 tentatives
WARNING:root:Skip RandomAffine for zero-area mask in first frame after 1 tentatives
WARNING:root:Skip RandomAffine for zero-area mask in first frame after 1 tentatives
WARNING:root:Skip RandomAffine for zero-area mask in first frame after 1 tentatives
WARNING:root:Skip RandomAffine for zero-area mask in first frame after 1 tentatives
WARNING:root:Skip RandomAffine for zero-area mask in first frame after 1 tentatives
WARNING:root:Skip RandomAffine for zero-area mask in first frame after 1 tentatives
INFO 2026-09-28 11:36:46,038 train_utils.py: 271: Train Epoch: [5][ 760/2110] | Batch Time: 0.12 (0.37) | Data Time: 0.00 (0.24) | Mem (GB): 7.00 (7.05/15.00) | Time Elapsed: 00d 01h 14m | Losses/train_all_loss: 1.01e+02 (3.79e+01)
WARNING:root:Skip RandomAffine for zero-area mask in first frame after 1 tentatives
WARNING:root:Skip RandomAffine for zero-area mask in first frame after 1 tentatives
WARNING:root:Skip RandomAffine for zero-area mask in first frame after 1 tentatives
INFO 2026-09-28 11:36:49,144 train_utils.py: 271: Train Epoch: [5][ 770/2110] | Batch Time: 0.10 (0.37) | Data Time: 0.00 (0.24) | Mem (GB): 5.00 (7.05/15.00) | Time Elapsed: 00d 01h 14m | Losses/train_all_loss: 2.52e+01 (3.74e+01)
WARNING:root:Skip RandomAffine for zero-area mask in first frame after 1 tentatives
WARNING:root:Skip RandomAffine for zero-area mask in first frame after 1 tentatives
WARNING:root:Skip RandomAffine for zero-area mask in first frame after 1 tentatives
WARNING:root:Skip RandomAffine for zero-area mask in first frame after 1 tentatives
WARNING:root:Skip RandomAffine for zero-area mask in first frame after 1 tentatives
WARNING:root:Skip RandomAffine for zero-area mask in first frame after 1 tentatives
WARNING:root:Skip RandomAffine for zero-area mask in first frame after 1 tentatives
WARNING:root:Skip RandomAffine for zero-area mask in first frame after 1 tentatives
INFO 2026-09-28 11:36:53,633 train_utils.py: 271: Train Epoch: [5][ 780/2110] | Batch Time: 1.58 (0.37) | Data Time: 1.38 (0.24) | Mem (GB): 12.00 (7.06/15.00) | Time Elapsed: 00d 01h 14m | Losses/train_all_loss: 1.55e+01 (3.75e+01)
WARNING:root:Skip RandomAffine for zero-area mask in first frame after 1 tentatives
WARNING:root:Skip RandomAffine for zero-area mask in first frame after 1 tentatives
WARNING:root:Skip RandomAffine for zero-area mask in first frame after 1 tentatives
INFO 2026-09-28 11:36:57,286 train_utils.py: 271: Train Epoch: [5][ 790/2110] | Batch Time: 0.19 (0.37) | Data Time: 0.00 (0.24) | Mem (GB): 12.00 (7.09/15.00) | Time Elapsed: 00d 01h 14m | Losses/train_all_loss: 9.27e+01 (3.74e+01)
INFO 2026-09-28 11:37:01,767 train_utils.py: 271: Train Epoch: [5][ 800/2110] | Batch Time: 1.08 (0.37) | Data Time: 0.88 (0.24) | Mem (GB): 8.00 (7.10/15.00) | Time Elapsed: 00d 01h 15m | Losses/train_all_loss: 4.81e-01 (3.71e+01)
WARNING:root:Skip RandomAffine for zero-area mask in first frame after 1 tentatives
WARNING:root:Skip RandomAffine for zero-area mask in first frame after 1 tentatives
INFO 2026-09-28 11:37:04,513 train_utils.py: 271: Train Epoch: [5][ 810/2110] | Batch Time: 0.08 (0.37) | Data Time: 0.00 (0.24) | Mem (GB): 2.00 (7.09/15.00) | Time Elapsed: 00d 01h 15m | Losses/train_all_loss: 1.21e-01 (3.70e+01)
WARNING:root:Skip RandomAffine for zero-area mask in first frame after 1 tentatives
WARNING:root:Skip RandomAffine for zero-area mask in first frame after 1 tentatives
INFO 2026-09-28 11:37:09,811 train_utils.py: 271: Train Epoch: [5][ 820/2110] | Batch Time: 1.28 (0.37) | Data Time: 1.11 (0.24) | Mem (GB): 10.00 (7.11/15.00) | Time Elapsed: 00d 01h 15m | Losses/train_all_loss: 3.54e-01 (3.67e+01)
WARNING:root:Skip RandomAffine for zero-area mask in first frame after 1 tentatives
INFO 2026-09-28 11:37:12,292 train_utils.py: 271: Train Epoch: [5][ 830/2110] | Batch Time: 0.08 (0.37) | Data Time: 0.00 (0.24) | Mem (GB): 2.00 (7.11/15.00) | Time Elapsed: 00d 01h 15m | Losses/train_all_loss: 5.09e+02 (3.72e+01)
WARNING:root:Skip RandomAffine for zero-area mask in first frame after 1 tentatives
WARNING:root:Skip RandomAffine for zero-area mask in first frame after 1 tentatives
WARNING:root:Skip RandomAffine for zero-area mask in first frame after 1 tentatives
WARNING:root:Skip RandomAffine for zero-area mask in first frame after 1 tentatives
INFO 2026-09-28 11:37:16,856 train_utils.py: 271: Train Epoch: [5][ 840/2110] | Batch Time: 1.16 (0.37) | Data Time: 1.01 (0.24) | Mem (GB): 9.00 (7.11/15.00) | Time Elapsed: 00d 01h 15m | Losses/train_all_loss: 6.70e-01 (3.71e+01)
WARNING:root:Skip RandomAffine for zero-area mask in first frame after 1 tentatives
WARNING:root:Skip RandomAffine for zero-area mask in first frame after 1 tentatives
INFO 2026-09-28 11:37:19,488 train_utils.py: 271: Train Epoch: [5][ 850/2110] | Batch Time: 0.11 (0.37) | Data Time: 0.00 (0.24) | Mem (GB): 5.00 (7.11/15.00) | Time Elapsed: 00d 01h 15m | Losses/train_all_loss: 7.49e-01 (3.69e+01)
WARNING:root:Skip RandomAffine for zero-area mask in first frame after 1 tentatives
WARNING:root:Skip RandomAffine for zero-area mask in first frame after 1 tentatives
WARNING:root:Skip RandomAffine for zero-area mask in first frame after 1 tentatives
WARNING:root:Skip RandomAffine for zero-area mask in first frame after 1 tentatives
INFO 2026-09-28 11:37:24,625 train_utils.py: 271: Train Epoch: [5][ 860/2110] | Batch Time: 1.14 (0.37) | Data Time: 0.99 (0.24) | Mem (GB): 8.00 (7.10/15.00) | Time Elapsed: 00d 01h 15m | Losses/train_all_loss: 2.69e-01 (3.67e+01)
WARNING:root:Skip RandomAffine for zero-area mask in first frame after 1 tentatives
INFO 2026-09-28 11:37:27,761 train_utils.py: 271: Train Epoch: [5][ 870/2110] | Batch Time: 0.16 (0.37) | Data Time: 0.00 (0.24) | Mem (GB): 8.00 (7.09/15.00) | Time Elapsed: 00d 01h 15m | Losses/train_all_loss: 7.18e-01 (3.70e+01)
WARNING:root:Skip RandomAffine for zero-area mask in first frame after 1 tentatives
WARNING:root:Skip RandomAffine for zero-area mask in first frame after 1 tentatives
WARNING:root:Skip RandomAffine for zero-area mask in first frame after 1 tentatives
WARNING:root:Skip RandomAffine for zero-area mask in first frame after 1 tentatives
WARNING:root:Skip RandomAffine for zero-area mask in first frame after 1 tentatives
INFO 2026-09-28 11:37:30,268 train_utils.py: 271: Train Epoch: [5][ 880/2110] | Batch Time: 0.73 (0.37) | Data Time: 0.59 (0.24) | Mem (GB): 8.00 (7.08/15.00) | Time Elapsed: 00d 01h 15m | Losses/train_all_loss: 2.68e-01 (3.67e+01)
WARNING:root:Skip RandomAffine for zero-area mask in first frame after 1 tentatives
WARNING:root:Skip RandomAffine for zero-area mask in first frame after 1 tentatives
WARNING:root:Skip RandomAffine for zero-area mask in first frame after 1 tentatives
WARNING:root:Skip RandomAffine for zero-area mask in first frame after 1 tentatives
WARNING:root:Skip RandomAffine for zero-area mask in first frame after 1 tentatives
INFO 2026-09-28 11:37:33,105 train_utils.py: 271: Train Epoch: [5][ 890/2110] | Batch Time: 0.28 (0.37) | Data Time: 0.09 (0.23) | Mem (GB): 11.00 (7.07/15.00) | Time Elapsed: 00d 01h 15m | Losses/train_all_loss: 7.45e+01 (3.66e+01)
WARNING:root:Skip RandomAffine for zero-area mask in first frame after 1 tentatives
INFO 2026-09-28 11:37:35,748 train_utils.py: 271: Train Epoch: [5][ 900/2110] | Batch Time: 0.33 (0.37) | Data Time: 0.20 (0.23) | Mem (GB): 6.00 (7.07/15.00) | Time Elapsed: 00d 01h 15m | Losses/train_all_loss: 3.57e-01 (3.62e+01)
WARNING:root:Skip RandomAffine for zero-area mask in first frame after 1 tentatives
WARNING:root:Skip RandomAffine for zero-area mask in first frame after 1 tentatives
WARNING:root:Skip RandomAffine for zero-area mask in first frame after 1 tentatives
INFO 2026-09-28 11:37:39,241 train_utils.py: 271: Train Epoch: [5][ 910/2110] | Batch Time: 0.15 (0.37) | Data Time: 0.00 (0.23) | Mem (GB): 9.00 (7.09/15.00) | Time Elapsed: 00d 01h 15m | Losses/train_all_loss: 8.25e+00 (3.62e+01)
WARNING:root:Skip RandomAffine for zero-area mask in first frame after 1 tentatives
WARNING:root:Skip RandomAffine for zero-area mask in first frame after 1 tentatives
INFO 2026-09-28 11:37:41,853 train_utils.py: 271: Train Epoch: [5][ 920/2110] | Batch Time: 0.09 (0.37) | Data Time: 0.00 (0.23) | Mem (GB): 2.00 (7.06/15.00) | Time Elapsed: 00d 01h 15m | Losses/train_all_loss: 3.18e+02 (3.66e+01)
WARNING:root:Skip RandomAffine for zero-area mask in first frame after 1 tentatives
INFO 2026-09-28 11:37:45,267 train_utils.py: 271: Train Epoch: [5][ 930/2110] | Batch Time: 0.21 (0.37) | Data Time: 0.00 (0.23) | Mem (GB): 13.00 (7.06/15.00) | Time Elapsed: 00d 01h 15m | Losses/train_all_loss: 2.31e+01 (3.64e+01)
WARNING:root:Skip RandomAffine for zero-area mask in first frame after 1 tentatives
WARNING:root:Skip RandomAffine for zero-area mask in first frame after 1 tentatives
WARNING:root:Skip RandomAffine for zero-area mask in first frame after 1 tentatives
WARNING:root:Skip RandomAffine for zero-area mask in first frame after 1 tentatives
WARNING:root:Skip RandomAffine for zero-area mask in first frame after 1 tentatives
WARNING:root:Skip RandomAffine for zero-area mask in first frame after 1 tentatives
WARNING:root:Skip RandomAffine for zero-area mask in first frame after 1 tentatives
WARNING:root:Skip RandomAffine for zero-area mask in first frame after 1 tentatives
INFO 2026-09-28 11:37:49,609 train_utils.py: 271: Train Epoch: [5][ 940/2110] | Batch Time: 0.17 (0.37) | Data Time: 0.00 (0.23) | Mem (GB): 9.00 (7.08/15.00) | Time Elapsed: 00d 01h 15m | Losses/train_all_loss: 7.71e+01 (3.62e+01)
WARNING:root:Skip RandomAffine for zero-area mask in first frame after 1 tentatives
INFO 2026-09-28 11:37:51,233 train_utils.py: 271: Train Epoch: [5][ 950/2110] | Batch Time: 0.22 (0.37) | Data Time: 0.12 (0.23) | Mem (GB): 3.00 (7.07/15.00) | Time Elapsed: 00d 01h 15m | Losses/train_all_loss: 5.32e-01 (3.61e+01)
WARNING:root:Skip RandomAffine for zero-area mask in first frame after 1 tentatives
WARNING:root:Skip RandomAffine for zero-area mask in first frame after 1 tentatives
WARNING:root:Skip RandomAffine for zero-area mask in first frame after 1 tentatives
WARNING:root:Skip RandomAffine for zero-area mask in first frame after 1 tentatives
WARNING:root:Skip RandomAffine for zero-area mask in first frame after 1 tentatives
WARNING:root:Skip RandomAffine for zero-area mask in first frame after 1 tentatives
WARNING:root:Skip RandomAffine for zero-area mask in first frame after 1 tentatives
WARNING:root:Skip RandomAffine for zero-area mask in first frame after 1 tentatives
WARNING:root:Skip RandomAffine for zero-area mask in first frame after 1 tentatives
WARNING:root:Skip RandomAffine for zero-area mask in first frame after 1 tentatives
INFO 2026-09-28 11:37:54,297 train_utils.py: 271: Train Epoch: [5][ 960/2110] | Batch Time: 0.13 (0.37) | Data Time: 0.00 (0.23) | Mem (GB): 7.00 (7.05/15.00) | Time Elapsed: 00d 01h 15m | Losses/train_all_loss: 1.91e+01 (3.68e+01)
WARNING:root:Skip RandomAffine for zero-area mask in first frame after 1 tentatives
WARNING:root:Skip RandomAffine for zero-area mask in first frame after 1 tentatives
INFO 2026-09-28 11:37:57,792 train_utils.py: 271: Train Epoch: [5][ 970/2110] | Batch Time: 1.49 (0.37) | Data Time: 1.29 (0.23) | Mem (GB): 12.00 (7.06/15.00) | Time Elapsed: 00d 01h 15m | Losses/train_all_loss: 2.80e-01 (3.66e+01)
WARNING:root:Skip RandomAffine for zero-area mask in first frame after 1 tentatives
WARNING:root:Skip RandomAffine for zero-area mask in first frame after 1 tentatives
INFO 2026-09-28 11:38:00,961 train_utils.py: 271: Train Epoch: [5][ 980/2110] | Batch Time: 0.15 (0.36) | Data Time: 0.00 (0.23) | Mem (GB): 9.00 (7.07/15.00) | Time Elapsed: 00d 01h 16m | Losses/train_all_loss: 2.63e+01 (3.64e+01)
WARNING:root:Skip RandomAffine for zero-area mask in first frame after 1 tentatives
WARNING:root:Skip RandomAffine for zero-area mask in first frame after 1 tentatives
INFO 2026-09-28 11:38:03,831 train_utils.py: 271: Train Epoch: [5][ 990/2110] | Batch Time: 0.82 (0.36) | Data Time: 0.69 (0.23) | Mem (GB): 7.00 (7.06/15.00) | Time Elapsed: 00d 01h 16m | Losses/train_all_loss: 2.02e+00 (3.61e+01)
WARNING:root:Skip RandomAffine for zero-area mask in first frame after 1 tentatives
INFO 2026-09-28 11:38:06,248 train_utils.py: 271: Train Epoch: [5][1000/2110] | Batch Time: 0.65 (0.36) | Data Time: 0.48 (0.23) | Mem (GB): 8.00 (7.04/15.00) | Time Elapsed: 00d 01h 16m | Losses/train_all_loss: 1.34e+01 (3.58e+01)
WARNING:root:Skip RandomAffine for zero-area mask in first frame after 1 tentatives
WARNING:root:Skip RandomAffine for zero-area mask in first frame after 1 tentatives
INFO 2026-09-28 11:38:08,978 train_utils.py: 271: Train Epoch: [5][1010/2110] | Batch Time: 0.40 (0.36) | Data Time: 0.31 (0.23) | Mem (GB): 4.00 (7.03/15.00) | Time Elapsed: 00d 01h 16m | Losses/train_all_loss: 4.88e-01 (3.59e+01)
WARNING:root:Skip RandomAffine for zero-area mask in first frame after 1 tentatives
INFO 2026-09-28 11:38:11,627 train_utils.py: 271: Train Epoch: [5][1020/2110] | Batch Time: 0.11 (0.36) | Data Time: 0.00 (0.23) | Mem (GB): 2.00 (7.00/15.00) | Time Elapsed: 00d 01h 16m | Losses/train_all_loss: 2.32e-01 (3.65e+01)
WARNING:root:Skip RandomAffine for zero-area mask in first frame after 1 tentatives
WARNING:root:Skip RandomAffine for zero-area mask in first frame after 1 tentatives
WARNING:root:Skip RandomAffine for zero-area mask in first frame after 1 tentatives
INFO 2026-09-28 11:38:15,387 train_utils.py: 271: Train Epoch: [5][1030/2110] | Batch Time: 0.10 (0.36) | Data Time: 0.00 (0.23) | Mem (GB): 2.00 (7.00/15.00) | Time Elapsed: 00d 01h 16m | Losses/train_all_loss: 4.81e-01 (3.63e+01)
WARNING:root:Skip RandomAffine for zero-area mask in first frame after 1 tentatives
WARNING:root:Skip RandomAffine for zero-area mask in first frame after 1 tentatives
INFO 2026-09-28 11:38:19,132 train_utils.py: 271: Train Epoch: [5][1040/2110] | Batch Time: 0.41 (0.36) | Data Time: 0.26 (0.23) | Mem (GB): 8.00 (7.03/15.00) | Time Elapsed: 00d 01h 16m | Losses/train_all_loss: 2.05e+02 (3.64e+01)
INFO 2026-09-28 11:38:21,979 train_utils.py: 271: Train Epoch: [5][1050/2110] | Batch Time: 0.63 (0.36) | Data Time: 0.47 (0.22) | Mem (GB): 9.00 (7.02/15.00) | Time Elapsed: 00d 01h 16m | Losses/train_all_loss: 8.36e+00 (3.61e+01)
WARNING:root:Skip RandomAffine for zero-area mask in first frame after 1 tentatives
WARNING:root:Skip RandomAffine for zero-area mask in first frame after 1 tentatives
WARNING:root:Skip RandomAffine for zero-area mask in first frame after 1 tentatives
INFO 2026-09-28 11:38:25,121 train_utils.py: 271: Train Epoch: [5][1060/2110] | Batch Time: 0.08 (0.36) | Data Time: 0.00 (0.22) | Mem (GB): 3.00 (7.02/15.00) | Time Elapsed: 00d 01h 16m | Losses/train_all_loss: 2.86e-01 (3.60e+01)
WARNING:root:Skip RandomAffine for zero-area mask in first frame after 1 tentatives
WARNING:root:Skip RandomAffine for zero-area mask in first frame after 1 tentatives
WARNING:root:Skip RandomAffine for zero-area mask in first frame after 1 tentatives
WARNING:root:Skip RandomAffine for zero-area mask in first frame after 1 tentatives
INFO 2026-09-28 11:38:28,841 train_utils.py: 271: Train Epoch: [5][1070/2110] | Batch Time: 0.14 (0.36) | Data Time: 0.00 (0.22) | Mem (GB): 8.00 (7.02/15.00) | Time Elapsed: 00d 01h 16m | Losses/train_all_loss: 1.48e+02 (3.61e+01)
WARNING:root:Skip RandomAffine for zero-area mask in first frame after 1 tentatives
WARNING:root:Skip RandomAffine for zero-area mask in first frame after 1 tentatives
WARNING:root:Skip RandomAffine for zero-area mask in first frame after 1 tentatives
WARNING:root:Skip RandomAffine for zero-area mask in first frame after 1 tentatives
INFO 2026-09-28 11:38:32,523 train_utils.py: 271: Train Epoch: [5][1080/2110] | Batch Time: 0.17 (0.36) | Data Time: 0.00 (0.22) | Mem (GB): 10.00 (7.02/15.00) | Time Elapsed: 00d 01h 16m | Losses/train_all_loss: 6.62e+01 (3.60e+01)
WARNING:root:Skip RandomAffine for zero-area mask in first frame after 1 tentatives
INFO 2026-09-28 11:38:35,160 train_utils.py: 271: Train Epoch: [5][1090/2110] | Batch Time: 0.17 (0.36) | Data Time: 0.00 (0.22) | Mem (GB): 10.00 (7.02/15.00) | Time Elapsed: 00d 01h 16m | Losses/train_all_loss: 2.48e+01 (3.61e+01)
WARNING:root:Skip RandomAffine for zero-area mask in first frame after 1 tentatives
WARNING:root:Skip RandomAffine for zero-area mask in first frame after 1 tentatives
WARNING:root:Skip RandomAffine for zero-area mask in first frame after 1 tentatives
WARNING:root:Skip RandomAffine for zero-area mask in first frame after 1 tentatives
WARNING:root:Skip RandomAffine for zero-area mask in first frame after 1 tentatives
INFO 2026-09-28 11:38:39,284 train_utils.py: 271: Train Epoch: [5][1100/2110] | Batch Time: 0.16 (0.36) | Data Time: 0.00 (0.22) | Mem (GB): 8.00 (7.03/15.00) | Time Elapsed: 00d 01h 16m | Losses/train_all_loss: 2.60e+01 (3.63e+01)
WARNING:root:Skip RandomAffine for zero-area mask in first frame after 1 tentatives
WARNING:root:Skip RandomAffine for zero-area mask in first frame after 1 tentatives
INFO 2026-09-28 11:38:42,611 train_utils.py: 271: Train Epoch: [5][1110/2110] | Batch Time: 0.11 (0.36) | Data Time: 0.00 (0.22) | Mem (GB): 5.00 (7.04/15.00) | Time Elapsed: 00d 01h 16m | Losses/train_all_loss: 2.29e-01 (3.65e+01)
WARNING:root:Skip RandomAffine for zero-area mask in first frame after 1 tentatives
WARNING:root:Skip RandomAffine for zero-area mask in first frame after 1 tentatives
WARNING:root:Skip RandomAffine for zero-area mask in first frame after 1 tentatives
WARNING:root:Skip RandomAffine for zero-area mask in first frame after 1 tentatives
INFO 2026-09-28 11:38:46,356 train_utils.py: 271: Train Epoch: [5][1120/2110] | Batch Time: 1.15 (0.36) | Data Time: 0.91 (0.22) | Mem (GB): 15.00 (7.05/15.00) | Time Elapsed: 00d 01h 16m | Losses/train_all_loss: 9.02e+00 (3.62e+01)
WARNING:root:Skip RandomAffine for zero-area mask in first frame after 1 tentatives
WARNING:root:Skip RandomAffine for zero-area mask in first frame after 1 tentatives
WARNING:root:Skip RandomAffine for zero-area mask in first frame after 1 tentatives
WARNING:root:Skip RandomAffine for zero-area mask in first frame after 1 tentatives
INFO 2026-09-28 11:38:49,129 train_utils.py: 271: Train Epoch: [5][1130/2110] | Batch Time: 0.10 (0.36) | Data Time: 0.00 (0.22) | Mem (GB): 4.00 (7.06/15.00) | Time Elapsed: 00d 01h 16m | Losses/train_all_loss: 2.74e-01 (3.63e+01)
WARNING:root:Skip RandomAffine for zero-area mask in first frame after 1 tentatives
WARNING:root:Skip RandomAffine for zero-area mask in first frame after 1 tentatives
WARNING:root:Skip RandomAffine for zero-area mask in first frame after 1 tentatives
WARNING:root:Skip RandomAffine for zero-area mask in first frame after 1 tentatives
WARNING:root:Skip RandomAffine for zero-area mask in first frame after 1 tentatives
WARNING:root:Skip RandomAffine for zero-area mask in first frame after 1 tentatives
INFO 2026-09-28 11:38:53,021 train_utils.py: 271: Train Epoch: [5][1140/2110] | Batch Time: 0.57 (0.36) | Data Time: 0.41 (0.22) | Mem (GB): 5.00 (7.06/15.00) | Time Elapsed: 00d 01h 16m | Losses/train_all_loss: 2.01e+01 (3.62e+01)
WARNING:root:Skip RandomAffine for zero-area mask in first frame after 1 tentatives
WARNING:root:Skip RandomAffine for zero-area mask in first frame after 1 tentatives
WARNING:root:Skip RandomAffine for zero-area mask in first frame after 1 tentatives
WARNING:root:Skip RandomAffine for zero-area mask in first frame after 1 tentatives
WARNING:root:Skip RandomAffine for zero-area mask in first frame after 1 tentatives
INFO 2026-09-28 11:38:56,008 train_utils.py: 271: Train Epoch: [5][1150/2110] | Batch Time: 0.23 (0.36) | Data Time: 0.00 (0.22) | Mem (GB): 15.00 (7.07/15.00) | Time Elapsed: 00d 01h 16m | Losses/train_all_loss: 4.21e+01 (3.60e+01)
WARNING:root:Skip RandomAffine for zero-area mask in first frame after 1 tentatives
WARNING:root:Skip RandomAffine for zero-area mask in first frame after 1 tentatives
WARNING:root:Skip RandomAffine for zero-area mask in first frame after 1 tentatives
WARNING:root:Skip RandomAffine for zero-area mask in first frame after 1 tentatives
INFO 2026-09-28 11:38:59,174 train_utils.py: 271: Train Epoch: [5][1160/2110] | Batch Time: 0.12 (0.36) | Data Time: 0.00 (0.22) | Mem (GB): 6.00 (7.07/15.00) | Time Elapsed: 00d 01h 16m | Losses/train_all_loss: 1.83e+00 (3.60e+01)
WARNING:root:Skip RandomAffine for zero-area mask in first frame after 1 tentatives
WARNING:root:Skip RandomAffine for zero-area mask in first frame after 1 tentatives
WARNING:root:Skip RandomAffine for zero-area mask in first frame after 1 tentatives
WARNING:root:Skip RandomAffine for zero-area mask in first frame after 1 tentatives
WARNING:root:Skip RandomAffine for zero-area mask in first frame after 1 tentatives
INFO 2026-09-28 11:39:02,755 train_utils.py: 271: Train Epoch: [5][1170/2110] | Batch Time: 0.16 (0.36) | Data Time: 0.00 (0.22) | Mem (GB): 8.00 (7.07/15.00) | Time Elapsed: 00d 01h 17m | Losses/train_all_loss: 1.78e-01 (3.59e+01)
WARNING:root:Skip RandomAffine for zero-area mask in first frame after 1 tentatives
WARNING:root:Skip RandomAffine for zero-area mask in first frame after 1 tentatives
WARNING:root:Skip RandomAffine for zero-area mask in first frame after 1 tentatives
INFO 2026-09-28 11:39:06,762 train_utils.py: 271: Train Epoch: [5][1180/2110] | Batch Time: 0.90 (0.36) | Data Time: 0.75 (0.22) | Mem (GB): 9.00 (7.09/15.00) | Time Elapsed: 00d 01h 17m | Losses/train_all_loss: 1.70e-01 (3.57e+01)
WARNING:root:Skip RandomAffine for zero-area mask in first frame after 1 tentatives
WARNING:root:Skip RandomAffine for zero-area mask in first frame after 1 tentatives
WARNING:root:Skip RandomAffine for zero-area mask in first frame after 1 tentatives
INFO 2026-09-28 11:39:09,322 train_utils.py: 271: Train Epoch: [5][1190/2110] | Batch Time: 0.08 (0.36) | Data Time: 0.00 (0.22) | Mem (GB): 3.00 (7.09/15.00) | Time Elapsed: 00d 01h 17m | Losses/train_all_loss: 2.72e-01 (3.56e+01)
WARNING:root:Skip RandomAffine for zero-area mask in first frame after 1 tentatives
WARNING:root:Skip RandomAffine for zero-area mask in first frame after 1 tentatives
WARNING:root:Skip RandomAffine for zero-area mask in first frame after 1 tentatives
INFO 2026-09-28 11:39:12,177 train_utils.py: 271: Train Epoch: [5][1200/2110] | Batch Time: 0.11 (0.36) | Data Time: 0.00 (0.22) | Mem (GB): 5.00 (7.09/15.00) | Time Elapsed: 00d 01h 17m | Losses/train_all_loss: 1.66e-01 (3.56e+01)
WARNING:root:Skip RandomAffine for zero-area mask in first frame after 1 tentatives
WARNING:root:Skip RandomAffine for zero-area mask in first frame after 1 tentatives
INFO 2026-09-28 11:39:15,292 train_utils.py: 271: Train Epoch: [5][1210/2110] | Batch Time: 0.09 (0.36) | Data Time: 0.00 (0.22) | Mem (GB): 2.00 (7.08/15.00) | Time Elapsed: 00d 01h 17m | Losses/train_all_loss: 1.06e+00 (3.59e+01)
WARNING:root:Skip RandomAffine for zero-area mask in first frame after 1 tentatives
WARNING:root:Skip RandomAffine for zero-area mask in first frame after 1 tentatives
WARNING:root:Skip RandomAffine for zero-area mask in first frame after 1 tentatives
WARNING:root:Skip RandomAffine for zero-area mask in first frame after 1 tentatives
WARNING:root:Skip RandomAffine for zero-area mask in first frame after 1 tentatives
WARNING:root:Skip RandomAffine for zero-area mask in first frame after 1 tentatives
WARNING:root:Skip RandomAffine for zero-area mask in first frame after 1 tentatives
INFO 2026-09-28 11:39:20,039 train_utils.py: 271: Train Epoch: [5][1220/2110] | Batch Time: 0.74 (0.36) | Data Time: 0.59 (0.22) | Mem (GB): 7.00 (7.08/15.00) | Time Elapsed: 00d 01h 17m | Losses/train_all_loss: 2.95e-01 (3.57e+01)
WARNING:root:Skip RandomAffine for zero-area mask in first frame after 1 tentatives
WARNING:root:Skip RandomAffine for zero-area mask in first frame after 1 tentatives
INFO 2026-09-28 11:39:23,551 train_utils.py: 271: Train Epoch: [5][1230/2110] | Batch Time: 0.09 (0.36) | Data Time: 0.00 (0.22) | Mem (GB): 4.00 (7.08/15.00) | Time Elapsed: 00d 01h 17m | Losses/train_all_loss: 3.34e-01 (3.58e+01)
INFO 2026-09-28 11:39:26,172 train_utils.py: 271: Train Epoch: [5][1240/2110] | Batch Time: 0.40 (0.36) | Data Time: 0.29 (0.22) | Mem (GB): 5.00 (7.08/15.00) | Time Elapsed: 00d 01h 17m | Losses/train_all_loss: 3.41e-01 (3.56e+01)
WARNING:root:Skip RandomAffine for zero-area mask in first frame after 1 tentatives
WARNING:root:Skip RandomAffine for zero-area mask in first frame after 1 tentatives
WARNING:root:Skip RandomAffine for zero-area mask in first frame after 1 tentatives
WARNING:root:Skip RandomAffine for zero-area mask in first frame after 1 tentatives
INFO 2026-09-28 11:39:29,361 train_utils.py: 271: Train Epoch: [5][1250/2110] | Batch Time: 0.15 (0.36) | Data Time: 0.00 (0.22) | Mem (GB): 9.00 (7.07/15.00) | Time Elapsed: 00d 01h 17m | Losses/train_all_loss: 7.58e+01 (3.55e+01)
WARNING:root:Skip RandomAffine for zero-area mask in first frame after 1 tentatives
WARNING:root:Skip RandomAffine for zero-area mask in first frame after 1 tentatives
WARNING:root:Skip RandomAffine for zero-area mask in first frame after 1 tentatives
WARNING:root:Skip RandomAffine for zero-area mask in first frame after 1 tentatives
WARNING:root:Skip RandomAffine for zero-area mask in first frame after 1 tentatives
INFO 2026-09-28 11:39:32,122 train_utils.py: 271: Train Epoch: [5][1260/2110] | Batch Time: 0.58 (0.36) | Data Time: 0.40 (0.22) | Mem (GB): 11.00 (7.08/15.00) | Time Elapsed: 00d 01h 17m | Losses/train_all_loss: 6.66e-01 (3.55e+01)
WARNING:root:Skip RandomAffine for zero-area mask in first frame after 1 tentatives
WARNING:root:Skip RandomAffine for zero-area mask in first frame after 1 tentatives
WARNING:root:Skip RandomAffine for zero-area mask in first frame after 1 tentatives
WARNING:root:Skip RandomAffine for zero-area mask in first frame after 1 tentatives
WARNING:root:Skip RandomAffine for zero-area mask in first frame after 1 tentatives
WARNING:root:Skip RandomAffine for zero-area mask in first frame after 1 tentatives
INFO 2026-09-28 11:39:36,235 train_utils.py: 271: Train Epoch: [5][1270/2110] | Batch Time: 0.10 (0.36) | Data Time: 0.00 (0.22) | Mem (GB): 5.00 (7.10/15.00) | Time Elapsed: 00d 01h 17m | Losses/train_all_loss: 2.15e+02 (3.55e+01)
WARNING:root:Skip RandomAffine for zero-area mask in first frame after 1 tentatives
WARNING:root:Skip RandomAffine for zero-area mask in first frame after 1 tentatives
INFO 2026-09-28 11:39:40,066 train_utils.py: 271: Train Epoch: [5][1280/2110] | Batch Time: 1.30 (0.36) | Data Time: 1.10 (0.22) | Mem (GB): 13.00 (7.10/15.00) | Time Elapsed: 00d 01h 17m | Losses/train_all_loss: 7.42e+00 (3.53e+01)
WARNING:root:Skip RandomAffine for zero-area mask in first frame after 1 tentatives
WARNING:root:Skip RandomAffine for zero-area mask in first frame after 1 tentatives
WARNING:root:Skip RandomAffine for zero-area mask in first frame after 1 tentatives
WARNING:root:Skip RandomAffine for zero-area mask in first frame after 1 tentatives
INFO 2026-09-28 11:39:43,973 train_utils.py: 271: Train Epoch: [5][1290/2110] | Batch Time: 0.08 (0.36) | Data Time: 0.00 (0.22) | Mem (GB): 3.00 (7.11/15.00) | Time Elapsed: 00d 01h 17m | Losses/train_all_loss: 7.24e-01 (3.56e+01)
WARNING:root:Skip RandomAffine for zero-area mask in first frame after 1 tentatives
INFO 2026-09-28 11:39:46,844 train_utils.py: 271: Train Epoch: [5][1300/2110] | Batch Time: 0.11 (0.36) | Data Time: 0.00 (0.22) | Mem (GB): 2.00 (7.11/15.00) | Time Elapsed: 00d 01h 17m | Losses/train_all_loss: 3.86e-01 (3.55e+01)
WARNING:root:Skip RandomAffine for zero-area mask in first frame after 1 tentatives
WARNING:root:Skip RandomAffine for zero-area mask in first frame after 1 tentatives
WARNING:root:Skip RandomAffine for zero-area mask in first frame after 1 tentatives
INFO 2026-09-28 11:39:49,714 train_utils.py: 271: Train Epoch: [5][1310/2110] | Batch Time: 0.09 (0.36) | Data Time: 0.00 (0.22) | Mem (GB): 4.00 (7.10/15.00) | Time Elapsed: 00d 01h 17m | Losses/train_all_loss: 2.63e-01 (3.53e+01)
WARNING:root:Skip RandomAffine for zero-area mask in first frame after 1 tentatives
WARNING:root:Skip RandomAffine for zero-area mask in first frame after 1 tentatives
WARNING:root:Skip RandomAffine for zero-area mask in first frame after 1 tentatives
WARNING:root:Skip RandomAffine for zero-area mask in first frame after 1 tentatives
INFO 2026-09-28 11:39:53,575 train_utils.py: 271: Train Epoch: [5][1320/2110] | Batch Time: 0.18 (0.36) | Data Time: 0.00 (0.22) | Mem (GB): 10.00 (7.10/15.00) | Time Elapsed: 00d 01h 17m | Losses/train_all_loss: 2.56e+01 (3.52e+01)
WARNING:root:Skip RandomAffine for zero-area mask in first frame after 1 tentatives
WARNING:root:Skip RandomAffine for zero-area mask in first frame after 1 tentatives
WARNING:root:Skip RandomAffine for zero-area mask in first frame after 1 tentatives
WARNING:root:Skip RandomAffine for zero-area mask in first frame after 1 tentatives
INFO 2026-09-28 11:39:57,189 train_utils.py: 271: Train Epoch: [5][1330/2110] | Batch Time: 0.91 (0.36) | Data Time: 0.73 (0.22) | Mem (GB): 11.00 (7.12/15.00) | Time Elapsed: 00d 01h 17m | Losses/train_all_loss: 2.06e-01 (3.51e+01)
WARNING:root:Skip RandomAffine for zero-area mask in first frame after 1 tentatives
WARNING:root:Skip RandomAffine for zero-area mask in first frame after 1 tentatives
WARNING:root:Skip RandomAffine for zero-area mask in first frame after 1 tentatives
INFO 2026-09-28 11:40:00,446 train_utils.py: 271: Train Epoch: [5][1340/2110] | Batch Time: 0.20 (0.36) | Data Time: 0.00 (0.22) | Mem (GB): 13.00 (7.13/15.00) | Time Elapsed: 00d 01h 18m | Losses/train_all_loss: 2.61e-01 (3.49e+01)
WARNING:root:Skip RandomAffine for zero-area mask in first frame after 1 tentatives
WARNING:root:Skip RandomAffine for zero-area mask in first frame after 1 tentatives
WARNING:root:Skip RandomAffine for zero-area mask in first frame after 1 tentatives
WARNING:root:Skip RandomAffine for zero-area mask in first frame after 1 tentatives
INFO 2026-09-28 11:40:04,426 train_utils.py: 271: Train Epoch: [5][1350/2110] | Batch Time: 0.14 (0.36) | Data Time: 0.00 (0.22) | Mem (GB): 7.00 (7.13/15.00) | Time Elapsed: 00d 01h 18m | Losses/train_all_loss: 4.18e-01 (3.50e+01)
WARNING:root:Skip RandomAffine for zero-area mask in first frame after 1 tentatives
WARNING:root:Skip RandomAffine for zero-area mask in first frame after 1 tentatives
INFO 2026-09-28 11:40:07,946 train_utils.py: 271: Train Epoch: [5][1360/2110] | Batch Time: 0.15 (0.36) | Data Time: 0.00 (0.22) | Mem (GB): 9.00 (7.14/15.00) | Time Elapsed: 00d 01h 18m | Losses/train_all_loss: 4.68e+01 (3.51e+01)
WARNING:root:Skip RandomAffine for zero-area mask in first frame after 1 tentatives
WARNING:root:Skip RandomAffine for zero-area mask in first frame after 1 tentatives
INFO 2026-09-28 11:40:11,555 train_utils.py: 271: Train Epoch: [5][1370/2110] | Batch Time: 0.13 (0.36) | Data Time: 0.00 (0.22) | Mem (GB): 7.00 (7.14/15.00) | Time Elapsed: 00d 01h 18m | Losses/train_all_loss: 9.81e-01 (3.50e+01)
WARNING:root:Skip RandomAffine for zero-area mask in first frame after 1 tentatives
WARNING:root:Skip RandomAffine for zero-area mask in first frame after 1 tentatives
INFO 2026-09-28 11:40:14,206 train_utils.py: 271: Train Epoch: [5][1380/2110] | Batch Time: 0.25 (0.36) | Data Time: 0.09 (0.22) | Mem (GB): 9.00 (7.14/15.00) | Time Elapsed: 00d 01h 18m | Losses/train_all_loss: 4.04e+00 (3.49e+01)
WARNING:root:Skip RandomAffine for zero-area mask in first frame after 1 tentatives
WARNING:root:Skip RandomAffine for zero-area mask in first frame after 1 tentatives
WARNING:root:Skip RandomAffine for zero-area mask in first frame after 1 tentatives
WARNING:root:Skip RandomAffine for zero-area mask in first frame after 1 tentatives
WARNING:root:Skip RandomAffine for zero-area mask in first frame after 1 tentatives
WARNING:root:Skip RandomAffine for zero-area mask in first frame after 1 tentatives
INFO 2026-09-28 11:40:18,938 train_utils.py: 271: Train Epoch: [5][1390/2110] | Batch Time: 1.09 (0.36) | Data Time: 0.89 (0.22) | Mem (GB): 12.00 (7.15/15.00) | Time Elapsed: 00d 01h 18m | Losses/train_all_loss: 4.15e-01 (3.49e+01)
WARNING:root:Skip RandomAffine for zero-area mask in first frame after 1 tentatives
INFO 2026-09-28 11:40:23,183 train_utils.py: 271: Train Epoch: [5][1400/2110] | Batch Time: 1.82 (0.36) | Data Time: 1.58 (0.22) | Mem (GB): 13.00 (7.16/15.00) | Time Elapsed: 00d 01h 18m | Losses/train_all_loss: 7.24e+01 (3.48e+01)
WARNING:root:Skip RandomAffine for zero-area mask in first frame after 1 tentatives
WARNING:root:Skip RandomAffine for zero-area mask in first frame after 1 tentatives
WARNING:root:Skip RandomAffine for zero-area mask in first frame after 1 tentatives
WARNING:root:Skip RandomAffine for zero-area mask in first frame after 1 tentatives
WARNING:root:Skip RandomAffine for zero-area mask in first frame after 1 tentatives
WARNING:root:Skip RandomAffine for zero-area mask in first frame after 1 tentatives
INFO 2026-09-28 11:40:27,865 train_utils.py: 271: Train Epoch: [5][1410/2110] | Batch Time: 0.15 (0.36) | Data Time: 0.00 (0.22) | Mem (GB): 9.00 (7.17/15.00) | Time Elapsed: 00d 01h 18m | Losses/train_all_loss: 8.91e+01 (3.48e+01)
WARNING:root:Skip RandomAffine for zero-area mask in first frame after 1 tentatives
INFO 2026-09-28 11:40:32,001 train_utils.py: 271: Train Epoch: [5][1420/2110] | Batch Time: 0.28 (0.36) | Data Time: 0.17 (0.22) | Mem (GB): 3.00 (7.17/15.00) | Time Elapsed: 00d 01h 18m | Losses/train_all_loss: 6.10e+02 (3.51e+01)
WARNING:root:Skip RandomAffine for zero-area mask in first frame after 1 tentatives
WARNING:root:Skip RandomAffine for zero-area mask in first frame after 1 tentatives
WARNING:root:Skip RandomAffine for zero-area mask in first frame after 1 tentatives
WARNING:root:Skip RandomAffine for zero-area mask in first frame after 1 tentatives
WARNING:root:Skip RandomAffine for zero-area mask in first frame after 1 tentatives
WARNING:root:Skip RandomAffine for zero-area mask in first frame after 1 tentatives
INFO 2026-09-28 11:40:34,920 train_utils.py: 271: Train Epoch: [5][1430/2110] | Batch Time: 0.16 (0.36) | Data Time: 0.00 (0.22) | Mem (GB): 10.00 (7.17/15.00) | Time Elapsed: 00d 01h 18m | Losses/train_all_loss: 2.13e-01 (3.51e+01)
WARNING:root:Skip RandomAffine for zero-area mask in first frame after 1 tentatives
WARNING:root:Skip RandomAffine for zero-area mask in first frame after 1 tentatives
WARNING:root:Skip RandomAffine for zero-area mask in first frame after 1 tentatives
WARNING:root:Skip RandomAffine for zero-area mask in first frame after 1 tentatives
WARNING:root:Skip RandomAffine for zero-area mask in first frame after 1 tentatives
WARNING:root:Skip RandomAffine for zero-area mask in first frame after 1 tentatives
WARNING:root:Skip RandomAffine for zero-area mask in first frame after 1 tentatives
INFO 2026-09-28 11:40:39,563 train_utils.py: 271: Train Epoch: [5][1440/2110] | Batch Time: 0.12 (0.36) | Data Time: 0.00 (0.22) | Mem (GB): 2.00 (7.18/15.00) | Time Elapsed: 00d 01h 18m | Losses/train_all_loss: 4.41e-01 (3.50e+01)
WARNING:root:Skip RandomAffine for zero-area mask in first frame after 1 tentatives
WARNING:root:Skip RandomAffine for zero-area mask in first frame after 1 tentatives
WARNING:root:Skip RandomAffine for zero-area mask in first frame after 1 tentatives
WARNING:root:Skip RandomAffine for zero-area mask in first frame after 1 tentatives
WARNING:root:Skip RandomAffine for zero-area mask in first frame after 1 tentatives
WARNING:root:Skip RandomAffine for zero-area mask in first frame after 1 tentatives
INFO 2026-09-28 11:40:43,480 train_utils.py: 271: Train Epoch: [5][1450/2110] | Batch Time: 0.21 (0.36) | Data Time: 0.00 (0.22) | Mem (GB): 13.00 (7.20/15.00) | Time Elapsed: 00d 01h 18m | Losses/train_all_loss: 3.98e-01 (3.48e+01)
WARNING:root:Skip RandomAffine for zero-area mask in first frame after 1 tentatives
INFO 2026-09-28 11:40:47,178 train_utils.py: 271: Train Epoch: [5][1460/2110] | Batch Time: 0.16 (0.36) | Data Time: 0.00 (0.22) | Mem (GB): 10.00 (7.20/15.00) | Time Elapsed: 00d 01h 18m | Losses/train_all_loss: 1.15e+01 (3.46e+01)
WARNING:root:Skip RandomAffine for zero-area mask in first frame after 1 tentatives
WARNING:root:Skip RandomAffine for zero-area mask in first frame after 1 tentatives
WARNING:root:Skip RandomAffine for zero-area mask in first frame after 1 tentatives
INFO 2026-09-28 11:40:50,192 train_utils.py: 271: Train Epoch: [5][1470/2110] | Batch Time: 0.18 (0.36) | Data Time: 0.00 (0.22) | Mem (GB): 11.00 (7.21/15.00) | Time Elapsed: 00d 01h 18m | Losses/train_all_loss: 4.48e+01 (3.46e+01)
WARNING:root:Skip RandomAffine for zero-area mask in first frame after 1 tentatives
WARNING:root:Skip RandomAffine for zero-area mask in first frame after 1 tentatives
INFO 2026-09-28 11:40:53,626 train_utils.py: 271: Train Epoch: [5][1480/2110] | Batch Time: 0.07 (0.36) | Data Time: 0.00 (0.22) | Mem (GB): 2.00 (7.21/15.00) | Time Elapsed: 00d 01h 18m | Losses/train_all_loss: 8.18e-02 (3.45e+01)
WARNING:root:Skip RandomAffine for zero-area mask in first frame after 1 tentatives
WARNING:root:Skip RandomAffine for zero-area mask in first frame after 1 tentatives
INFO 2026-09-28 11:40:56,451 train_utils.py: 271: Train Epoch: [5][1490/2110] | Batch Time: 0.14 (0.36) | Data Time: 0.00 (0.22) | Mem (GB): 8.00 (7.21/15.00) | Time Elapsed: 00d 01h 18m | Losses/train_all_loss: 2.04e+00 (3.44e+01)
WARNING:root:Skip RandomAffine for zero-area mask in first frame after 1 tentatives
WARNING:root:Skip RandomAffine for zero-area mask in first frame after 1 tentatives
WARNING:root:Skip RandomAffine for zero-area mask in first frame after 1 tentatives
WARNING:root:Skip RandomAffine for zero-area mask in first frame after 1 tentatives
INFO 2026-09-28 11:40:59,951 train_utils.py: 271: Train Epoch: [5][1500/2110] | Batch Time: 0.14 (0.36) | Data Time: 0.00 (0.22) | Mem (GB): 7.00 (7.20/15.00) | Time Elapsed: 00d 01h 19m | Losses/train_all_loss: 3.05e-01 (3.43e+01)
WARNING:root:Skip RandomAffine for zero-area mask in first frame after 1 tentatives
WARNING:root:Skip RandomAffine for zero-area mask in first frame after 1 tentatives
WARNING:root:Skip RandomAffine for zero-area mask in first frame after 1 tentatives
WARNING:root:Skip RandomAffine for zero-area mask in first frame after 1 tentatives
WARNING:root:Skip RandomAffine for zero-area mask in first frame after 1 tentatives
INFO 2026-09-28 11:41:03,783 train_utils.py: 271: Train Epoch: [5][1510/2110] | Batch Time: 0.09 (0.36) | Data Time: 0.00 (0.22) | Mem (GB): 3.00 (7.21/15.00) | Time Elapsed: 00d 01h 19m | Losses/train_all_loss: 6.79e+01 (3.41e+01)
WARNING:root:Skip RandomAffine for zero-area mask in first frame after 1 tentatives
WARNING:root:Skip RandomAffine for zero-area mask in first frame after 1 tentatives
WARNING:root:Skip RandomAffine for zero-area mask in first frame after 1 tentatives
INFO 2026-09-28 11:41:07,876 train_utils.py: 271: Train Epoch: [5][1520/2110] | Batch Time: 0.10 (0.36) | Data Time: 0.00 (0.22) | Mem (GB): 5.00 (7.21/15.00) | Time Elapsed: 00d 01h 19m | Losses/train_all_loss: 1.48e+02 (3.40e+01)
WARNING:root:Skip RandomAffine for zero-area mask in first frame after 1 tentatives
INFO 2026-09-28 11:41:11,194 train_utils.py: 271: Train Epoch: [5][1530/2110] | Batch Time: 0.15 (0.36) | Data Time: 0.00 (0.22) | Mem (GB): 9.00 (7.21/15.00) | Time Elapsed: 00d 01h 19m | Losses/train_all_loss: 4.71e-01 (3.38e+01)
WARNING:root:Skip RandomAffine for zero-area mask in first frame after 1 tentatives
WARNING:root:Skip RandomAffine for zero-area mask in first frame after 1 tentatives
WARNING:root:Skip RandomAffine for zero-area mask in first frame after 1 tentatives
WARNING:root:Skip RandomAffine for zero-area mask in first frame after 1 tentatives
WARNING:root:Skip RandomAffine for zero-area mask in first frame after 1 tentatives
WARNING:root:Skip RandomAffine for zero-area mask in first frame after 1 tentatives
INFO 2026-09-28 11:41:13,659 train_utils.py: 271: Train Epoch: [5][1540/2110] | Batch Time: 0.08 (0.36) | Data Time: 0.00 (0.22) | Mem (GB): 2.00 (7.19/15.00) | Time Elapsed: 00d 01h 19m | Losses/train_all_loss: 3.50e-01 (3.42e+01)
WARNING:root:Skip RandomAffine for zero-area mask in first frame after 1 tentatives
WARNING:root:Skip RandomAffine for zero-area mask in first frame after 1 tentatives
WARNING:root:Skip RandomAffine for zero-area mask in first frame after 1 tentatives
INFO 2026-09-28 11:41:15,728 train_utils.py: 271: Train Epoch: [5][1550/2110] | Batch Time: 0.08 (0.36) | Data Time: 0.00 (0.22) | Mem (GB): 2.00 (7.19/15.00) | Time Elapsed: 00d 01h 19m | Losses/train_all_loss: 3.57e-01 (3.41e+01)
WARNING:root:Skip RandomAffine for zero-area mask in first frame after 1 tentatives
WARNING:root:Skip RandomAffine for zero-area mask in first frame after 1 tentatives
WARNING:root:Skip RandomAffine for zero-area mask in first frame after 1 tentatives
WARNING:root:Skip RandomAffine for zero-area mask in first frame after 1 tentatives
WARNING:root:Skip RandomAffine for zero-area mask in first frame after 1 tentatives
INFO 2026-09-28 11:41:19,240 train_utils.py: 271: Train Epoch: [5][1560/2110] | Batch Time: 0.10 (0.36) | Data Time: 0.00 (0.22) | Mem (GB): 5.00 (7.19/15.00) | Time Elapsed: 00d 01h 19m | Losses/train_all_loss: 1.85e-01 (3.40e+01)
WARNING:root:Skip RandomAffine for zero-area mask in first frame after 1 tentatives
WARNING:root:Skip RandomAffine for zero-area mask in first frame after 1 tentatives
WARNING:root:Skip RandomAffine for zero-area mask in first frame after 1 tentatives
WARNING:root:Skip RandomAffine for zero-area mask in first frame after 1 tentatives
WARNING:root:Skip RandomAffine for zero-area mask in first frame after 1 tentatives
INFO 2026-09-28 11:41:21,786 train_utils.py: 271: Train Epoch: [5][1570/2110] | Batch Time: 0.22 (0.36) | Data Time: 0.15 (0.22) | Mem (GB): 2.00 (7.19/15.00) | Time Elapsed: 00d 01h 19m | Losses/train_all_loss: 3.12e-01 (3.41e+01)
WARNING:root:Skip RandomAffine for zero-area mask in first frame after 1 tentatives
WARNING:root:Skip RandomAffine for zero-area mask in first frame after 1 tentatives
INFO 2026-09-28 11:41:25,901 train_utils.py: 271: Train Epoch: [5][1580/2110] | Batch Time: 0.13 (0.36) | Data Time: 0.00 (0.22) | Mem (GB): 7.00 (7.19/15.00) | Time Elapsed: 00d 01h 19m | Losses/train_all_loss: 3.70e-01 (3.41e+01)
WARNING:root:Skip RandomAffine for zero-area mask in first frame after 1 tentatives
WARNING:root:Skip RandomAffine for zero-area mask in first frame after 1 tentatives
WARNING:root:Skip RandomAffine for zero-area mask in first frame after 1 tentatives
WARNING:root:Skip RandomAffine for zero-area mask in first frame after 1 tentatives
WARNING:root:Skip RandomAffine for zero-area mask in first frame after 1 tentatives
INFO 2026-09-28 11:41:29,820 train_utils.py: 271: Train Epoch: [5][1590/2110] | Batch Time: 0.18 (0.36) | Data Time: 0.00 (0.22) | Mem (GB): 11.00 (7.20/15.00) | Time Elapsed: 00d 01h 19m | Losses/train_all_loss: 3.23e-01 (3.39e+01)
WARNING:root:Skip RandomAffine for zero-area mask in first frame after 1 tentatives
WARNING:root:Skip RandomAffine for zero-area mask in first frame after 1 tentatives
WARNING:root:Skip RandomAffine for zero-area mask in first frame after 1 tentatives
INFO 2026-09-28 11:41:32,473 train_utils.py: 271: Train Epoch: [5][1600/2110] | Batch Time: 0.14 (0.36) | Data Time: 0.00 (0.22) | Mem (GB): 7.00 (7.20/15.00) | Time Elapsed: 00d 01h 19m | Losses/train_all_loss: 2.22e+01 (3.38e+01)
WARNING:root:Skip RandomAffine for zero-area mask in first frame after 1 tentatives
WARNING:root:Skip RandomAffine for zero-area mask in first frame after 1 tentatives
WARNING:root:Skip RandomAffine for zero-area mask in first frame after 1 tentatives
WARNING:root:Skip RandomAffine for zero-area mask in first frame after 1 tentatives
INFO 2026-09-28 11:41:35,428 train_utils.py: 271: Train Epoch: [5][1610/2110] | Batch Time: 0.09 (0.36) | Data Time: 0.00 (0.22) | Mem (GB): 4.00 (7.19/15.00) | Time Elapsed: 00d 01h 19m | Losses/train_all_loss: 6.76e+01 (3.36e+01)
WARNING:root:Skip RandomAffine for zero-area mask in first frame after 1 tentatives
WARNING:root:Skip RandomAffine for zero-area mask in first frame after 1 tentatives
WARNING:root:Skip RandomAffine for zero-area mask in first frame after 1 tentatives
WARNING:root:Skip RandomAffine for zero-area mask in first frame after 1 tentatives
INFO 2026-09-28 11:41:39,641 train_utils.py: 271: Train Epoch: [5][1620/2110] | Batch Time: 0.12 (0.36) | Data Time: 0.00 (0.22) | Mem (GB): 6.00 (7.19/15.00) | Time Elapsed: 00d 01h 19m | Losses/train_all_loss: 3.69e-01 (3.36e+01)
WARNING:root:Skip RandomAffine for zero-area mask in first frame after 1 tentatives
WARNING:root:Skip RandomAffine for zero-area mask in first frame after 1 tentatives
WARNING:root:Skip RandomAffine for zero-area mask in first frame after 1 tentatives
INFO 2026-09-28 11:41:44,479 train_utils.py: 271: Train Epoch: [5][1630/2110] | Batch Time: 0.09 (0.36) | Data Time: 0.00 (0.22) | Mem (GB): 5.00 (7.20/15.00) | Time Elapsed: 00d 01h 19m | Losses/train_all_loss: 2.42e-01 (3.35e+01)
WARNING:root:Skip RandomAffine for zero-area mask in first frame after 1 tentatives
WARNING:root:Skip RandomAffine for zero-area mask in first frame after 1 tentatives
WARNING:root:Skip RandomAffine for zero-area mask in first frame after 1 tentatives
WARNING:root:Skip RandomAffine for zero-area mask in first frame after 1 tentatives
WARNING:root:Skip RandomAffine for zero-area mask in first frame after 1 tentatives
INFO 2026-09-28 11:41:48,345 train_utils.py: 271: Train Epoch: [5][1640/2110] | Batch Time: 0.21 (0.36) | Data Time: 0.00 (0.22) | Mem (GB): 14.00 (7.21/15.00) | Time Elapsed: 00d 01h 19m | Losses/train_all_loss: 4.55e-01 (3.36e+01)
WARNING:root:Skip RandomAffine for zero-area mask in first frame after 1 tentatives
WARNING:root:Skip RandomAffine for zero-area mask in first frame after 1 tentatives
WARNING:root:Skip RandomAffine for zero-area mask in first frame after 1 tentatives
WARNING:root:Skip RandomAffine for zero-area mask in first frame after 1 tentatives
INFO 2026-09-28 11:41:50,732 train_utils.py: 271: Train Epoch: [5][1650/2110] | Batch Time: 0.13 (0.36) | Data Time: 0.00 (0.22) | Mem (GB): 7.00 (7.21/15.00) | Time Elapsed: 00d 01h 19m | Losses/train_all_loss: 2.80e-01 (3.35e+01)
WARNING:root:Skip RandomAffine for zero-area mask in first frame after 1 tentatives
WARNING:root:Skip RandomAffine for zero-area mask in first frame after 1 tentatives
INFO 2026-09-28 11:41:53,662 train_utils.py: 271: Train Epoch: [5][1660/2110] | Batch Time: 0.08 (0.36) | Data Time: 0.00 (0.22) | Mem (GB): 2.00 (7.20/15.00) | Time Elapsed: 00d 01h 19m | Losses/train_all_loss: 1.21e-01 (3.37e+01)
WARNING:root:Skip RandomAffine for zero-area mask in first frame after 1 tentatives
WARNING:root:Skip RandomAffine for zero-area mask in first frame after 1 tentatives
INFO 2026-09-28 11:41:57,443 train_utils.py: 271: Train Epoch: [5][1670/2110] | Batch Time: 0.09 (0.36) | Data Time: 0.00 (0.22) | Mem (GB): 2.00 (7.19/15.00) | Time Elapsed: 00d 01h 19m | Losses/train_all_loss: 4.48e-01 (3.38e+01)
WARNING:root:Skip RandomAffine for zero-area mask in first frame after 1 tentatives
WARNING:root:Skip RandomAffine for zero-area mask in first frame after 1 tentatives
INFO 2026-09-28 11:42:03,099 train_utils.py: 271: Train Epoch: [5][1680/2110] | Batch Time: 0.07 (0.36) | Data Time: 0.00 (0.22) | Mem (GB): 2.00 (7.20/15.00) | Time Elapsed: 00d 01h 20m | Losses/train_all_loss: 1.00e+00 (3.37e+01)
INFO 2026-09-28 11:42:05,683 train_utils.py: 271: Train Epoch: [5][1690/2110] | Batch Time: 0.11 (0.36) | Data Time: 0.00 (0.22) | Mem (GB): 6.00 (7.20/15.00) | Time Elapsed: 00d 01h 20m | Losses/train_all_loss: 3.33e-01 (3.35e+01)
INFO 2026-09-28 11:42:09,329 train_utils.py: 271: Train Epoch: [5][1700/2110] | Batch Time: 1.08 (0.36) | Data Time: 0.89 (0.22) | Mem (GB): 9.00 (7.19/15.00) | Time Elapsed: 00d 01h 20m | Losses/train_all_loss: 4.00e-01 (3.34e+01)
WARNING:root:Skip RandomAffine for zero-area mask in first frame after 1 tentatives
WARNING:root:Skip RandomAffine for zero-area mask in first frame after 1 tentatives
WARNING:root:Skip RandomAffine for zero-area mask in first frame after 1 tentatives
WARNING:root:Skip RandomAffine for zero-area mask in first frame after 1 tentatives
WARNING:root:Skip RandomAffine for zero-area mask in first frame after 1 tentatives
WARNING:root:Skip RandomAffine for zero-area mask in first frame after 1 tentatives
INFO 2026-09-28 11:42:12,269 train_utils.py: 271: Train Epoch: [5][1710/2110] | Batch Time: 1.18 (0.36) | Data Time: 0.94 (0.22) | Mem (GB): 15.00 (7.19/15.00) | Time Elapsed: 00d 01h 20m | Losses/train_all_loss: 1.02e+00 (3.36e+01)
WARNING:root:Skip RandomAffine for zero-area mask in first frame after 1 tentatives
WARNING:root:Skip RandomAffine for zero-area mask in first frame after 1 tentatives
INFO 2026-09-28 11:42:14,435 train_utils.py: 271: Train Epoch: [5][1720/2110] | Batch Time: 0.12 (0.36) | Data Time: 0.02 (0.22) | Mem (GB): 5.00 (7.18/15.00) | Time Elapsed: 00d 01h 20m | Losses/train_all_loss: 7.55e+00 (3.34e+01)
WARNING:root:Skip RandomAffine for zero-area mask in first frame after 1 tentatives
WARNING:root:Skip RandomAffine for zero-area mask in first frame after 1 tentatives
WARNING:root:Skip RandomAffine for zero-area mask in first frame after 1 tentatives
WARNING:root:Skip RandomAffine for zero-area mask in first frame after 1 tentatives
WARNING:root:Skip RandomAffine for zero-area mask in first frame after 1 tentatives
WARNING:root:Skip RandomAffine for zero-area mask in first frame after 1 tentatives
INFO 2026-09-28 11:42:17,998 train_utils.py: 271: Train Epoch: [5][1730/2110] | Batch Time: 0.41 (0.36) | Data Time: 0.25 (0.22) | Mem (GB): 9.00 (7.18/15.00) | Time Elapsed: 00d 01h 20m | Losses/train_all_loss: 5.21e+01 (3.37e+01)
WARNING:root:Skip RandomAffine for zero-area mask in first frame after 1 tentatives
WARNING:root:Skip RandomAffine for zero-area mask in first frame after 1 tentatives
INFO 2026-09-28 11:42:20,062 train_utils.py: 271: Train Epoch: [5][1740/2110] | Batch Time: 0.08 (0.35) | Data Time: 0.00 (0.22) | Mem (GB): 2.00 (7.17/15.00) | Time Elapsed: 00d 01h 20m | Losses/train_all_loss: 9.48e+01 (3.36e+01)
WARNING:root:Skip RandomAffine for zero-area mask in first frame after 1 tentatives
WARNING:root:Skip RandomAffine for zero-area mask in first frame after 1 tentatives
WARNING:root:Skip RandomAffine for zero-area mask in first frame after 1 tentatives
WARNING:root:Skip RandomAffine for zero-area mask in first frame after 1 tentatives
INFO 2026-09-28 11:42:24,385 train_utils.py: 271: Train Epoch: [5][1750/2110] | Batch Time: 0.11 (0.35) | Data Time: 0.00 (0.22) | Mem (GB): 5.00 (7.17/15.00) | Time Elapsed: 00d 01h 20m | Losses/train_all_loss: 3.13e-01 (3.35e+01)
WARNING:root:Skip RandomAffine for zero-area mask in first frame after 1 tentatives
WARNING:root:Skip RandomAffine for zero-area mask in first frame after 1 tentatives
INFO 2026-09-28 11:42:26,418 train_utils.py: 271: Train Epoch: [5][1760/2110] | Batch Time: 0.32 (0.35) | Data Time: 0.17 (0.22) | Mem (GB): 8.00 (7.16/15.00) | Time Elapsed: 00d 01h 20m | Losses/train_all_loss: 2.61e-01 (3.35e+01)
WARNING:root:Skip RandomAffine for zero-area mask in first frame after 1 tentatives
WARNING:root:Skip RandomAffine for zero-area mask in first frame after 1 tentatives
WARNING:root:Skip RandomAffine for zero-area mask in first frame after 1 tentatives
INFO 2026-09-28 11:42:30,933 train_utils.py: 271: Train Epoch: [5][1770/2110] | Batch Time: 0.09 (0.35) | Data Time: 0.00 (0.22) | Mem (GB): 4.00 (7.17/15.00) | Time Elapsed: 00d 01h 20m | Losses/train_all_loss: 1.92e+02 (3.35e+01)
WARNING:root:Skip RandomAffine for zero-area mask in first frame after 1 tentatives
INFO 2026-09-28 11:42:34,411 train_utils.py: 271: Train Epoch: [5][1780/2110] | Batch Time: 0.11 (0.35) | Data Time: 0.00 (0.22) | Mem (GB): 6.00 (7.18/15.00) | Time Elapsed: 00d 01h 20m | Losses/train_all_loss: 4.61e-01 (3.34e+01)
WARNING:root:Skip RandomAffine for zero-area mask in first frame after 1 tentatives
WARNING:root:Skip RandomAffine for zero-area mask in first frame after 1 tentatives
WARNING:root:Skip RandomAffine for zero-area mask in first frame after 1 tentatives
WARNING:root:Skip RandomAffine for zero-area mask in first frame after 1 tentatives
INFO 2026-09-28 11:42:37,945 train_utils.py: 271: Train Epoch: [5][1790/2110] | Batch Time: 0.15 (0.35) | Data Time: 0.00 (0.22) | Mem (GB): 9.00 (7.18/15.00) | Time Elapsed: 00d 01h 20m | Losses/train_all_loss: 2.25e+01 (3.34e+01)
WARNING:root:Skip RandomAffine for zero-area mask in first frame after 1 tentatives
WARNING:root:Skip RandomAffine for zero-area mask in first frame after 1 tentatives
WARNING:root:Skip RandomAffine for zero-area mask in first frame after 1 tentatives
WARNING:root:Skip RandomAffine for zero-area mask in first frame after 1 tentatives
INFO 2026-09-28 11:42:41,011 train_utils.py: 271: Train Epoch: [5][1800/2110] | Batch Time: 0.64 (0.35) | Data Time: 0.48 (0.22) | Mem (GB): 8.00 (7.18/15.00) | Time Elapsed: 00d 01h 20m | Losses/train_all_loss: 1.08e+01 (3.34e+01)
WARNING:root:Skip RandomAffine for zero-area mask in first frame after 1 tentatives
WARNING:root:Skip RandomAffine for zero-area mask in first frame after 1 tentatives
WARNING:root:Skip RandomAffine for zero-area mask in first frame after 1 tentatives
WARNING:root:Skip RandomAffine for zero-area mask in first frame after 1 tentatives
WARNING:root:Skip RandomAffine for zero-area mask in first frame after 1 tentatives
INFO 2026-09-28 11:42:44,874 train_utils.py: 271: Train Epoch: [5][1810/2110] | Batch Time: 0.13 (0.35) | Data Time: 0.00 (0.22) | Mem (GB): 7.00 (7.19/15.00) | Time Elapsed: 00d 01h 20m | Losses/train_all_loss: 5.04e-01 (3.34e+01)
WARNING:root:Skip RandomAffine for zero-area mask in first frame after 1 tentatives
WARNING:root:Skip RandomAffine for zero-area mask in first frame after 1 tentatives
WARNING:root:Skip RandomAffine for zero-area mask in first frame after 1 tentatives
WARNING:root:Skip RandomAffine for zero-area mask in first frame after 1 tentatives
INFO 2026-09-28 11:42:48,360 train_utils.py: 271: Train Epoch: [5][1820/2110] | Batch Time: 0.93 (0.35) | Data Time: 0.75 (0.22) | Mem (GB): 10.00 (7.19/15.00) | Time Elapsed: 00d 01h 20m | Losses/train_all_loss: 4.89e-01 (3.33e+01)
WARNING:root:Skip RandomAffine for zero-area mask in first frame after 1 tentatives
WARNING:root:Skip RandomAffine for zero-area mask in first frame after 1 tentatives
WARNING:root:Skip RandomAffine for zero-area mask in first frame after 1 tentatives
WARNING:root:Skip RandomAffine for zero-area mask in first frame after 1 tentatives
INFO 2026-09-28 11:42:51,504 train_utils.py: 271: Train Epoch: [5][1830/2110] | Batch Time: 0.14 (0.35) | Data Time: 0.00 (0.22) | Mem (GB): 8.00 (7.19/15.00) | Time Elapsed: 00d 01h 20m | Losses/train_all_loss: 3.66e-01 (3.31e+01)
WARNING:root:Skip RandomAffine for zero-area mask in first frame after 1 tentatives
WARNING:root:Skip RandomAffine for zero-area mask in first frame after 1 tentatives
WARNING:root:Skip RandomAffine for zero-area mask in first frame after 1 tentatives
WARNING:root:Skip RandomAffine for zero-area mask in first frame after 1 tentatives
WARNING:root:Skip RandomAffine for zero-area mask in first frame after 1 tentatives
WARNING:root:Skip RandomAffine for zero-area mask in first frame after 1 tentatives
INFO 2026-09-28 11:42:54,090 train_utils.py: 271: Train Epoch: [5][1840/2110] | Batch Time: 0.11 (0.35) | Data Time: 0.00 (0.22) | Mem (GB): 4.00 (7.20/15.00) | Time Elapsed: 00d 01h 20m | Losses/train_all_loss: 4.43e-01 (3.30e+01)
WARNING:root:Skip RandomAffine for zero-area mask in first frame after 1 tentatives
INFO 2026-09-28 11:42:56,621 train_utils.py: 271: Train Epoch: [5][1850/2110] | Batch Time: 0.08 (0.35) | Data Time: 0.00 (0.22) | Mem (GB): 2.00 (7.19/15.00) | Time Elapsed: 00d 01h 20m | Losses/train_all_loss: 3.35e-01 (3.29e+01)
WARNING:root:Skip RandomAffine for zero-area mask in first frame after 1 tentatives
WARNING:root:Skip RandomAffine for zero-area mask in first frame after 1 tentatives
WARNING:root:Skip RandomAffine for zero-area mask in first frame after 1 tentatives
WARNING:root:Skip RandomAffine for zero-area mask in first frame after 1 tentatives
WARNING:root:Skip RandomAffine for zero-area mask in first frame after 1 tentatives
WARNING:root:Skip RandomAffine for zero-area mask in first frame after 1 tentatives
WARNING:root:Skip RandomAffine for zero-area mask in first frame after 1 tentatives
WARNING:root:Skip RandomAffine for zero-area mask in first frame after 1 tentatives
INFO 2026-09-28 11:43:00,865 train_utils.py: 271: Train Epoch: [5][1860/2110] | Batch Time: 1.02 (0.35) | Data Time: 0.84 (0.22) | Mem (GB): 11.00 (7.19/15.00) | Time Elapsed: 00d 01h 21m | Losses/train_all_loss: 6.46e+01 (3.30e+01)
WARNING:root:Skip RandomAffine for zero-area mask in first frame after 1 tentatives
WARNING:root:Skip RandomAffine for zero-area mask in first frame after 1 tentatives
WARNING:root:Skip RandomAffine for zero-area mask in first frame after 1 tentatives
WARNING:root:Skip RandomAffine for zero-area mask in first frame after 1 tentatives
INFO 2026-09-28 11:43:03,657 train_utils.py: 271: Train Epoch: [5][1870/2110] | Batch Time: 0.12 (0.35) | Data Time: 0.00 (0.22) | Mem (GB): 5.00 (7.19/15.00) | Time Elapsed: 00d 01h 21m | Losses/train_all_loss: 5.85e-01 (3.28e+01)
WARNING:root:Skip RandomAffine for zero-area mask in first frame after 1 tentatives
WARNING:root:Skip RandomAffine for zero-area mask in first frame after 1 tentatives
WARNING:root:Skip RandomAffine for zero-area mask in first frame after 1 tentatives
WARNING:root:Skip RandomAffine for zero-area mask in first frame after 1 tentatives
WARNING:root:Skip RandomAffine for zero-area mask in first frame after 1 tentatives
WARNING:root:Skip RandomAffine for zero-area mask in first frame after 1 tentatives
WARNING:root:Skip RandomAffine for zero-area mask in first frame after 1 tentatives
INFO 2026-09-28 11:43:06,397 train_utils.py: 271: Train Epoch: [5][1880/2110] | Batch Time: 0.08 (0.35) | Data Time: 0.00 (0.22) | Mem (GB): 2.00 (7.19/15.00) | Time Elapsed: 00d 01h 21m | Losses/train_all_loss: 3.27e-01 (3.27e+01)
WARNING:root:Skip RandomAffine for zero-area mask in first frame after 1 tentatives
WARNING:root:Skip RandomAffine for zero-area mask in first frame after 1 tentatives
INFO 2026-09-28 11:43:09,942 train_utils.py: 271: Train Epoch: [5][1890/2110] | Batch Time: 0.09 (0.35) | Data Time: 0.00 (0.22) | Mem (GB): 4.00 (7.19/15.00) | Time Elapsed: 00d 01h 21m | Losses/train_all_loss: 2.09e+02 (3.30e+01)
WARNING:root:Skip RandomAffine for zero-area mask in first frame after 1 tentatives
WARNING:root:Skip RandomAffine for zero-area mask in first frame after 1 tentatives
INFO 2026-09-28 11:43:12,958 train_utils.py: 271: Train Epoch: [5][1900/2110] | Batch Time: 0.09 (0.35) | Data Time: 0.00 (0.22) | Mem (GB): 2.00 (7.19/15.00) | Time Elapsed: 00d 01h 21m | Losses/train_all_loss: 6.06e-01 (3.30e+01)
WARNING:root:Skip RandomAffine for zero-area mask in first frame after 1 tentatives
INFO 2026-09-28 11:43:15,675 train_utils.py: 271: Train Epoch: [5][1910/2110] | Batch Time: 0.09 (0.35) | Data Time: 0.00 (0.22) | Mem (GB): 3.00 (7.18/15.00) | Time Elapsed: 00d 01h 21m | Losses/train_all_loss: 7.59e-01 (3.32e+01)
WARNING:root:Skip RandomAffine for zero-area mask in first frame after 1 tentatives
WARNING:root:Skip RandomAffine for zero-area mask in first frame after 1 tentatives
WARNING:root:Skip RandomAffine for zero-area mask in first frame after 1 tentatives
INFO 2026-09-28 11:43:18,241 train_utils.py: 271: Train Epoch: [5][1920/2110] | Batch Time: 0.10 (0.35) | Data Time: 0.00 (0.21) | Mem (GB): 5.00 (7.17/15.00) | Time Elapsed: 00d 01h 21m | Losses/train_all_loss: 3.24e+02 (3.35e+01)
WARNING:root:Skip RandomAffine for zero-area mask in first frame after 1 tentatives
WARNING:root:Skip RandomAffine for zero-area mask in first frame after 1 tentatives
WARNING:root:Skip RandomAffine for zero-area mask in first frame after 1 tentatives
WARNING:root:Skip RandomAffine for zero-area mask in first frame after 1 tentatives
INFO 2026-09-28 11:43:20,987 train_utils.py: 271: Train Epoch: [5][1930/2110] | Batch Time: 0.10 (0.35) | Data Time: 0.00 (0.21) | Mem (GB): 5.00 (7.16/15.00) | Time Elapsed: 00d 01h 21m | Losses/train_all_loss: 1.75e-01 (3.33e+01)
WARNING:root:Skip RandomAffine for zero-area mask in first frame after 1 tentatives
WARNING:root:Skip RandomAffine for zero-area mask in first frame after 1 tentatives
WARNING:root:Skip RandomAffine for zero-area mask in first frame after 1 tentatives
WARNING:root:Skip RandomAffine for zero-area mask in first frame after 1 tentatives
WARNING:root:Skip RandomAffine for zero-area mask in first frame after 1 tentatives
WARNING:root:Skip RandomAffine for zero-area mask in first frame after 1 tentatives
INFO 2026-09-28 11:43:26,142 train_utils.py: 271: Train Epoch: [5][1940/2110] | Batch Time: 0.95 (0.35) | Data Time: 0.79 (0.22) | Mem (GB): 8.00 (7.17/15.00) | Time Elapsed: 00d 01h 21m | Losses/train_all_loss: 2.27e+01 (3.32e+01)
WARNING:root:Skip RandomAffine for zero-area mask in first frame after 1 tentatives
WARNING:root:Skip RandomAffine for zero-area mask in first frame after 1 tentatives
INFO 2026-09-28 11:43:29,120 train_utils.py: 271: Train Epoch: [5][1950/2110] | Batch Time: 0.15 (0.35) | Data Time: 0.00 (0.21) | Mem (GB): 9.00 (7.17/15.00) | Time Elapsed: 00d 01h 21m | Losses/train_all_loss: 5.56e-01 (3.32e+01)
WARNING:root:Skip RandomAffine for zero-area mask in first frame after 1 tentatives
WARNING:root:Skip RandomAffine for zero-area mask in first frame after 1 tentatives
WARNING:root:Skip RandomAffine for zero-area mask in first frame after 1 tentatives
WARNING:root:Skip RandomAffine for zero-area mask in first frame after 1 tentatives
WARNING:root:Skip RandomAffine for zero-area mask in first frame after 1 tentatives
INFO 2026-09-28 11:43:33,281 train_utils.py: 271: Train Epoch: [5][1960/2110] | Batch Time: 0.09 (0.35) | Data Time: 0.00 (0.22) | Mem (GB): 5.00 (7.17/15.00) | Time Elapsed: 00d 01h 21m | Losses/train_all_loss: 1.40e+00 (3.30e+01)
WARNING:root:Skip RandomAffine for zero-area mask in first frame after 1 tentatives
WARNING:root:Skip RandomAffine for zero-area mask in first frame after 1 tentatives
WARNING:root:Skip RandomAffine for zero-area mask in first frame after 1 tentatives
WARNING:root:Skip RandomAffine for zero-area mask in first frame after 1 tentatives
WARNING:root:Skip RandomAffine for zero-area mask in first frame after 1 tentatives
INFO 2026-09-28 11:43:37,005 train_utils.py: 271: Train Epoch: [5][1970/2110] | Batch Time: 0.16 (0.35) | Data Time: 0.00 (0.22) | Mem (GB): 9.00 (7.19/15.00) | Time Elapsed: 00d 01h 21m | Losses/train_all_loss: 4.63e-01 (3.30e+01)
WARNING:root:Skip RandomAffine for zero-area mask in first frame after 1 tentatives
WARNING:root:Skip RandomAffine for zero-area mask in first frame after 1 tentatives
INFO 2026-09-28 11:43:39,771 train_utils.py: 271: Train Epoch: [5][1980/2110] | Batch Time: 0.18 (0.35) | Data Time: 0.00 (0.21) | Mem (GB): 11.00 (7.19/15.00) | Time Elapsed: 00d 01h 21m | Losses/train_all_loss: 1.92e+01 (3.32e+01)
WARNING:root:Skip RandomAffine for zero-area mask in first frame after 1 tentatives
INFO 2026-09-28 11:43:42,937 train_utils.py: 271: Train Epoch: [5][1990/2110] | Batch Time: 0.15 (0.35) | Data Time: 0.00 (0.21) | Mem (GB): 8.00 (7.20/15.00) | Time Elapsed: 00d 01h 21m | Losses/train_all_loss: 7.78e+01 (3.32e+01)
WARNING:root:Skip RandomAffine for zero-area mask in first frame after 1 tentatives
INFO 2026-09-28 11:43:47,410 train_utils.py: 271: Train Epoch: [5][2000/2110] | Batch Time: 0.17 (0.35) | Data Time: 0.00 (0.21) | Mem (GB): 9.00 (7.20/15.00) | Time Elapsed: 00d 01h 21m | Losses/train_all_loss: 2.66e+01 (3.31e+01)
WARNING:root:Skip RandomAffine for zero-area mask in first frame after 1 tentatives
WARNING:root:Skip RandomAffine for zero-area mask in first frame after 1 tentatives
WARNING:root:Skip RandomAffine for zero-area mask in first frame after 1 tentatives
WARNING:root:Skip RandomAffine for zero-area mask in first frame after 1 tentatives
WARNING:root:Skip RandomAffine for zero-area mask in first frame after 1 tentatives
WARNING:root:Skip RandomAffine for zero-area mask in first frame after 1 tentatives
WARNING:root:Skip RandomAffine for zero-area mask in first frame after 1 tentatives
INFO 2026-09-28 11:43:51,157 train_utils.py: 271: Train Epoch: [5][2010/2110] | Batch Time: 0.13 (0.35) | Data Time: 0.00 (0.22) | Mem (GB): 7.00 (7.20/15.00) | Time Elapsed: 00d 01h 21m | Losses/train_all_loss: 4.17e-01 (3.30e+01)
WARNING:root:Skip RandomAffine for zero-area mask in first frame after 1 tentatives
INFO 2026-09-28 11:43:52,641 train_utils.py: 271: Train Epoch: [5][2020/2110] | Batch Time: 0.09 (0.35) | Data Time: 0.00 (0.21) | Mem (GB): 3.00 (7.19/15.00) | Time Elapsed: 00d 01h 21m | Losses/train_all_loss: 1.41e+00 (3.30e+01)
WARNING:root:Skip RandomAffine for zero-area mask in first frame after 1 tentatives
WARNING:root:Skip RandomAffine for zero-area mask in first frame after 1 tentatives
WARNING:root:Skip RandomAffine for zero-area mask in first frame after 1 tentatives
WARNING:root:Skip RandomAffine for zero-area mask in first frame after 1 tentatives
INFO 2026-09-28 11:43:55,578 train_utils.py: 271: Train Epoch: [5][2030/2110] | Batch Time: 0.14 (0.35) | Data Time: 0.00 (0.21) | Mem (GB): 8.00 (7.19/15.00) | Time Elapsed: 00d 01h 21m | Losses/train_all_loss: 3.91e+01 (3.30e+01)
WARNING:root:Skip RandomAffine for zero-area mask in first frame after 1 tentatives
WARNING:root:Skip RandomAffine for zero-area mask in first frame after 1 tentatives
INFO 2026-09-28 11:43:59,470 train_utils.py: 271: Train Epoch: [5][2040/2110] | Batch Time: 0.38 (0.35) | Data Time: 0.14 (0.21) | Mem (GB): 15.00 (7.20/15.00) | Time Elapsed: 00d 01h 22m | Losses/train_all_loss: 6.59e+01 (3.31e+01)
WARNING:root:Skip RandomAffine for zero-area mask in first frame after 1 tentatives
WARNING:root:Skip RandomAffine for zero-area mask in first frame after 1 tentatives
INFO 2026-09-28 11:44:02,209 train_utils.py: 271: Train Epoch: [5][2050/2110] | Batch Time: 0.14 (0.35) | Data Time: 0.00 (0.21) | Mem (GB): 8.00 (7.19/15.00) | Time Elapsed: 00d 01h 22m | Losses/train_all_loss: 3.46e-01 (3.31e+01)
WARNING:root:Skip RandomAffine for zero-area mask in first frame after 1 tentatives
WARNING:root:Skip RandomAffine for zero-area mask in first frame after 1 tentatives
WARNING:root:Skip RandomAffine for zero-area mask in first frame after 1 tentatives
WARNING:root:Skip RandomAffine for zero-area mask in first frame after 1 tentatives
INFO 2026-09-28 11:44:05,428 train_utils.py: 271: Train Epoch: [5][2060/2110] | Batch Time: 0.14 (0.35) | Data Time: 0.00 (0.21) | Mem (GB): 8.00 (7.19/15.00) | Time Elapsed: 00d 01h 22m | Losses/train_all_loss: 8.38e+00 (3.30e+01)
WARNING:root:Skip RandomAffine for zero-area mask in first frame after 1 tentatives
WARNING:root:Skip RandomAffine for zero-area mask in first frame after 1 tentatives
INFO 2026-09-28 11:44:09,364 train_utils.py: 271: Train Epoch: [5][2070/2110] | Batch Time: 1.18 (0.35) | Data Time: 1.00 (0.21) | Mem (GB): 12.00 (7.19/15.00) | Time Elapsed: 00d 01h 22m | Losses/train_all_loss: 2.62e+00 (3.29e+01)
INFO 2026-09-28 11:44:11,435 train_utils.py: 271: Train Epoch: [5][2080/2110] | Batch Time: 0.18 (0.35) | Data Time: 0.04 (0.21) | Mem (GB): 8.00 (7.19/15.00) | Time Elapsed: 00d 01h 22m | Losses/train_all_loss: 2.56e+01 (3.31e+01)
WARNING:root:Skip RandomAffine for zero-area mask in first frame after 1 tentatives
WARNING:root:Skip RandomAffine for zero-area mask in first frame after 1 tentatives
WARNING:root:Skip RandomAffine for zero-area mask in first frame after 1 tentatives
INFO 2026-09-28 11:44:14,149 train_utils.py: 271: Train Epoch: [5][2090/2110] | Batch Time: 0.09 (0.35) | Data Time: 0.00 (0.21) | Mem (GB): 3.00 (7.18/15.00) | Time Elapsed: 00d 01h 22m | Losses/train_all_loss: 8.62e-01 (3.31e+01)
WARNING:root:Skip RandomAffine for zero-area mask in first frame after 1 tentatives
WARNING:root:Skip RandomAffine for zero-area mask in first frame after 1 tentatives
INFO 2026-09-28 11:44:18,660 train_utils.py: 271: Train Epoch: [5][2100/2110] | Batch Time: 0.08 (0.35) | Data Time: 0.00 (0.21) | Mem (GB): 2.00 (7.18/15.00) | Time Elapsed: 00d 01h 22m | Losses/train_all_loss: 1.78e-01 (3.32e+01)
WARNING:root:Skip RandomAffine for zero-area mask in first frame after 1 tentatives
WARNING:root:Skip RandomAffine for zero-area mask in first frame after 1 tentatives
INFO 2026-09-28 11:44:22,723 trainer.py: 950: Estimated time remaining: 00d 19h 17m
INFO 2026-09-28 11:44:22,726 trainer.py: 892: Synchronizing meters
INFO 2026-09-28 11:44:22,727 trainer.py: 830: Losses and meters: {'Losses/train_all_loss': 33.22067765750132, 'Losses/train_all_loss_mask': 1.6360049089561035, 'Losses/train_all_loss_dice': 0.12562855731572303, 'Losses/train_all_loss_iou': 0.07397939320752989, 'Losses/train_all_loss_class': 0.30097137277353314, 'Losses/train_all_core_loss': 33.22067765750132, 'Trainer/where': 0.05999526066350711, 'Trainer/epoch': 5, 'Trainer/steps_train': 12660}
INFO 2026-09-28 11:44:22,816 sam2_image_predictor.py: 102: For numpy array image, we assume (HxWxC) format
INFO 2026-09-28 11:44:22,841 sam2_image_predictor.py: 116: Computing image embeddings for the provided image...
INFO 2026-09-28 11:44:22,849 sam2_image_predictor.py: 129: Image embeddings computed.
INFO 2026-09-28 11:44:23,536 sam2_image_predictor.py: 102: For numpy array image, we assume (HxWxC) format
INFO 2026-09-28 11:44:23,556 sam2_image_predictor.py: 116: Computing image embeddings for the provided image...
INFO 2026-09-28 11:44:23,564 sam2_image_predictor.py: 129: Image embeddings computed.
INFO 2026-09-28 11:44:24,210 sam2_image_predictor.py: 102: For numpy array image, we assume (HxWxC) format
INFO 2026-09-28 11:44:24,245 sam2_image_predictor.py: 116: Computing image embeddings for the provided image...
INFO 2026-09-28 11:44:24,253 sam2_image_predictor.py: 129: Image embeddings computed.
INFO 2026-09-28 11:44:24,930 sam2_image_predictor.py: 102: For numpy array image, we assume (HxWxC) format
INFO 2026-09-28 11:44:24,950 sam2_image_predictor.py: 116: Computing image embeddings for the provided image...
INFO 2026-09-28 11:44:24,958 sam2_image_predictor.py: 129: Image embeddings computed.
INFO 2026-09-28 11:44:25,688 sam2_image_predictor.py: 102: For numpy array image, we assume (HxWxC) format
INFO 2026-09-28 11:44:25,699 sam2_image_predictor.py: 116: Computing image embeddings for the provided image...
INFO 2026-09-28 11:44:25,708 sam2_image_predictor.py: 129: Image embeddings computed.
INFO 2026-09-28 11:44:26,554 sam2_image_predictor.py: 102: For numpy array image, we assume (HxWxC) format
INFO 2026-09-28 11:44:26,575 sam2_image_predictor.py: 116: Computing image embeddings for the provided image...
INFO 2026-09-28 11:44:26,584 sam2_image_predictor.py: 129: Image embeddings computed.
INFO 2026-09-28 11:44:27,278 sam2_image_predictor.py: 102: For numpy array image, we assume (HxWxC) format
INFO 2026-09-28 11:44:27,299 sam2_image_predictor.py: 116: Computing image embeddings for the provided image...
INFO 2026-09-28 11:44:27,306 sam2_image_predictor.py: 129: Image embeddings computed.
INFO 2026-09-28 11:44:28,036 sam2_image_predictor.py: 102: For numpy array image, we assume (HxWxC) format
INFO 2026-09-28 11:44:28,072 sam2_image_predictor.py: 116: Computing image embeddings for the provided image...
INFO 2026-09-28 11:44:28,143 sam2_image_predictor.py: 129: Image embeddings computed.
INFO 2026-09-28 11:44:28,806 sam2_image_predictor.py: 102: For numpy array image, we assume (HxWxC) format
INFO 2026-09-28 11:44:28,822 sam2_image_predictor.py: 116: Computing image embeddings for the provided image...
INFO 2026-09-28 11:44:28,830 sam2_image_predictor.py: 129: Image embeddings computed.
INFO 2026-09-28 11:44:29,439 sam2_image_predictor.py: 102: For numpy array image, we assume (HxWxC) format
INFO 2026-09-28 11:44:29,445 sam2_image_predictor.py: 116: Computing image embeddings for the provided image...
INFO 2026-09-28 11:44:29,453 sam2_image_predictor.py: 129: Image embeddings computed.
INFO 2026-09-28 11:44:30,003 sam2_image_predictor.py: 102: For numpy array image, we assume (HxWxC) format
INFO 2026-09-28 11:44:30,009 sam2_image_predictor.py: 116: Computing image embeddings for the provided image...
INFO 2026-09-28 11:44:30,017 sam2_image_predictor.py: 129: Image embeddings computed.
INFO 2026-09-28 11:44:30,589 sam2_image_predictor.py: 102: For numpy array image, we assume (HxWxC) format
INFO 2026-09-28 11:44:30,617 sam2_image_predictor.py: 116: Computing image embeddings for the provided image...
INFO 2026-09-28 11:44:30,643 sam2_image_predictor.py: 129: Image embeddings computed.
INFO 2026-09-28 11:44:31,237 sam2_image_predictor.py: 102: For numpy array image, we assume (HxWxC) format
INFO 2026-09-28 11:44:31,257 sam2_image_predictor.py: 116: Computing image embeddings for the provided image...
INFO 2026-09-28 11:44:31,265 sam2_image_predictor.py: 129: Image embeddings computed.
INFO 2026-09-28 11:44:31,846 sam2_image_predictor.py: 102: For numpy array image, we assume (HxWxC) format
INFO 2026-09-28 11:44:31,852 sam2_image_predictor.py: 116: Computing image embeddings for the provided image...
INFO 2026-09-28 11:44:31,860 sam2_image_predictor.py: 129: Image embeddings computed.
INFO 2026-09-28 11:44:32,397 sam2_image_predictor.py: 102: For numpy array image, we assume (HxWxC) format
INFO 2026-09-28 11:44:32,419 sam2_image_predictor.py: 116: Computing image embeddings for the provided image...
INFO 2026-09-28 11:44:32,442 sam2_image_predictor.py: 129: Image embeddings computed.
INFO 2026-09-28 11:44:33,039 sam2_image_predictor.py: 102: For numpy array image, we assume (HxWxC) format
INFO 2026-09-28 11:44:33,060 sam2_image_predictor.py: 116: Computing image embeddings for the provided image...
INFO 2026-09-28 11:44:33,068 sam2_image_predictor.py: 129: Image embeddings computed.
INFO 2026-09-28 11:44:33,668 sam2_image_predictor.py: 102: For numpy array image, we assume (HxWxC) format
INFO 2026-09-28 11:44:33,742 sam2_image_predictor.py: 116: Computing image embeddings for the provided image...
INFO 2026-09-28 11:44:33,751 sam2_image_predictor.py: 129: Image embeddings computed.
INFO 2026-09-28 11:44:34,333 sam2_image_predictor.py: 102: For numpy array image, we assume (HxWxC) format
INFO 2026-09-28 11:44:34,351 sam2_image_predictor.py: 116: Computing image embeddings for the provided image...
INFO 2026-09-28 11:44:34,359 sam2_image_predictor.py: 129: Image embeddings computed.
INFO 2026-09-28 11:44:34,979 sam2_image_predictor.py: 102: For numpy array image, we assume (HxWxC) format
INFO 2026-09-28 11:44:35,010 sam2_image_predictor.py: 116: Computing image embeddings for the provided image...
INFO 2026-09-28 11:44:35,044 sam2_image_predictor.py: 129: Image embeddings computed.
INFO 2026-09-28 11:44:35,654 sam2_image_predictor.py: 102: For numpy array image, we assume (HxWxC) format
INFO 2026-09-28 11:44:35,659 sam2_image_predictor.py: 116: Computing image embeddings for the provided image...
INFO 2026-09-28 11:44:35,667 sam2_image_predictor.py: 129: Image embeddings computed.
INFO 2026-09-28 11:44:36,258 best_coco_trainer.py: 114: COCO eval rank 0: 20/100 images
INFO 2026-09-28 11:44:36,274 sam2_image_predictor.py: 102: For numpy array image, we assume (HxWxC) format
INFO 2026-09-28 11:44:36,306 sam2_image_predictor.py: 116: Computing image embeddings for the provided image...
INFO 2026-09-28 11:44:36,348 sam2_image_predictor.py: 129: Image embeddings computed.
INFO 2026-09-28 11:44:36,965 sam2_image_predictor.py: 102: For numpy array image, we assume (HxWxC) format
INFO 2026-09-28 11:44:36,995 sam2_image_predictor.py: 116: Computing image embeddings for the provided image...
INFO 2026-09-28 11:44:37,043 sam2_image_predictor.py: 129: Image embeddings computed.
INFO 2026-09-28 11:44:37,710 sam2_image_predictor.py: 102: For numpy array image, we assume (HxWxC) format
INFO 2026-09-28 11:44:37,728 sam2_image_predictor.py: 116: Computing image embeddings for the provided image...
INFO 2026-09-28 11:44:37,736 sam2_image_predictor.py: 129: Image embeddings computed.
INFO 2026-09-28 11:44:38,342 sam2_image_predictor.py: 102: For numpy array image, we assume (HxWxC) format
INFO 2026-09-28 11:44:38,372 sam2_image_predictor.py: 116: Computing image embeddings for the provided image...
INFO 2026-09-28 11:44:38,443 sam2_image_predictor.py: 129: Image embeddings computed.
INFO 2026-09-28 11:44:39,078 sam2_image_predictor.py: 102: For numpy array image, we assume (HxWxC) format
INFO 2026-09-28 11:44:39,083 sam2_image_predictor.py: 116: Computing image embeddings for the provided image...
INFO 2026-09-28 11:44:39,091 sam2_image_predictor.py: 129: Image embeddings computed.
INFO 2026-09-28 11:44:39,626 sam2_image_predictor.py: 102: For numpy array image, we assume (HxWxC) format
INFO 2026-09-28 11:44:39,659 sam2_image_predictor.py: 116: Computing image embeddings for the provided image...
INFO 2026-09-28 11:44:39,667 sam2_image_predictor.py: 129: Image embeddings computed.
INFO 2026-09-28 11:44:40,316 sam2_image_predictor.py: 102: For numpy array image, we assume (HxWxC) format
INFO 2026-09-28 11:44:40,327 sam2_image_predictor.py: 116: Computing image embeddings for the provided image...
INFO 2026-09-28 11:44:40,335 sam2_image_predictor.py: 129: Image embeddings computed.
INFO 2026-09-28 11:44:40,872 sam2_image_predictor.py: 102: For numpy array image, we assume (HxWxC) format
INFO 2026-09-28 11:44:40,876 sam2_image_predictor.py: 116: Computing image embeddings for the provided image...
INFO 2026-09-28 11:44:40,884 sam2_image_predictor.py: 129: Image embeddings computed.
INFO 2026-09-28 11:44:41,399 sam2_image_predictor.py: 102: For numpy array image, we assume (HxWxC) format
INFO 2026-09-28 11:44:41,420 sam2_image_predictor.py: 116: Computing image embeddings for the provided image...
INFO 2026-09-28 11:44:41,428 sam2_image_predictor.py: 129: Image embeddings computed.
INFO 2026-09-28 11:44:42,017 sam2_image_predictor.py: 102: For numpy array image, we assume (HxWxC) format
INFO 2026-09-28 11:44:42,036 sam2_image_predictor.py: 116: Computing image embeddings for the provided image...
INFO 2026-09-28 11:44:42,044 sam2_image_predictor.py: 129: Image embeddings computed.
INFO 2026-09-28 11:44:42,764 sam2_image_predictor.py: 102: For numpy array image, we assume (HxWxC) format
INFO 2026-09-28 11:44:42,841 sam2_image_predictor.py: 116: Computing image embeddings for the provided image...
INFO 2026-09-28 11:44:42,849 sam2_image_predictor.py: 129: Image embeddings computed.
INFO 2026-09-28 11:44:43,651 sam2_image_predictor.py: 102: For numpy array image, we assume (HxWxC) format
INFO 2026-09-28 11:44:43,669 sam2_image_predictor.py: 116: Computing image embeddings for the provided image...
INFO 2026-09-28 11:44:43,677 sam2_image_predictor.py: 129: Image embeddings computed.
INFO 2026-09-28 11:44:44,378 sam2_image_predictor.py: 102: For numpy array image, we assume (HxWxC) format
INFO 2026-09-28 11:44:44,406 sam2_image_predictor.py: 116: Computing image embeddings for the provided image...
INFO 2026-09-28 11:44:44,442 sam2_image_predictor.py: 129: Image embeddings computed.
INFO 2026-09-28 11:44:45,131 sam2_image_predictor.py: 102: For numpy array image, we assume (HxWxC) format
INFO 2026-09-28 11:44:45,137 sam2_image_predictor.py: 116: Computing image embeddings for the provided image...
INFO 2026-09-28 11:44:45,145 sam2_image_predictor.py: 129: Image embeddings computed.
INFO 2026-09-28 11:44:45,914 sam2_image_predictor.py: 102: For numpy array image, we assume (HxWxC) format
INFO 2026-09-28 11:44:45,935 sam2_image_predictor.py: 116: Computing image embeddings for the provided image...
INFO 2026-09-28 11:44:45,944 sam2_image_predictor.py: 129: Image embeddings computed.
INFO 2026-09-28 11:44:46,581 sam2_image_predictor.py: 102: For numpy array image, we assume (HxWxC) format
INFO 2026-09-28 11:44:46,602 sam2_image_predictor.py: 116: Computing image embeddings for the provided image...
INFO 2026-09-28 11:44:46,610 sam2_image_predictor.py: 129: Image embeddings computed.
INFO 2026-09-28 11:44:47,222 sam2_image_predictor.py: 102: For numpy array image, we assume (HxWxC) format
INFO 2026-09-28 11:44:47,255 sam2_image_predictor.py: 116: Computing image embeddings for the provided image...
INFO 2026-09-28 11:44:47,265 sam2_image_predictor.py: 129: Image embeddings computed.
INFO 2026-09-28 11:44:47,945 sam2_image_predictor.py: 102: For numpy array image, we assume (HxWxC) format
INFO 2026-09-28 11:44:47,960 sam2_image_predictor.py: 116: Computing image embeddings for the provided image...
INFO 2026-09-28 11:44:47,968 sam2_image_predictor.py: 129: Image embeddings computed.
INFO 2026-09-28 11:44:48,618 sam2_image_predictor.py: 102: For numpy array image, we assume (HxWxC) format
INFO 2026-09-28 11:44:48,623 sam2_image_predictor.py: 116: Computing image embeddings for the provided image...
INFO 2026-09-28 11:44:48,631 sam2_image_predictor.py: 129: Image embeddings computed.
INFO 2026-09-28 11:44:49,438 sam2_image_predictor.py: 102: For numpy array image, we assume (HxWxC) format
INFO 2026-09-28 11:44:49,444 sam2_image_predictor.py: 116: Computing image embeddings for the provided image...
INFO 2026-09-28 11:44:49,452 sam2_image_predictor.py: 129: Image embeddings computed.
INFO 2026-09-28 11:44:50,046 best_coco_trainer.py: 114: COCO eval rank 0: 40/100 images
INFO 2026-09-28 11:44:50,062 sam2_image_predictor.py: 102: For numpy array image, we assume (HxWxC) format
INFO 2026-09-28 11:44:50,084 sam2_image_predictor.py: 116: Computing image embeddings for the provided image...
INFO 2026-09-28 11:44:50,091 sam2_image_predictor.py: 129: Image embeddings computed.
INFO 2026-09-28 11:44:50,815 sam2_image_predictor.py: 102: For numpy array image, we assume (HxWxC) format
INFO 2026-09-28 11:44:50,832 sam2_image_predictor.py: 116: Computing image embeddings for the provided image...
INFO 2026-09-28 11:44:50,840 sam2_image_predictor.py: 129: Image embeddings computed.
INFO 2026-09-28 11:44:51,475 sam2_image_predictor.py: 102: For numpy array image, we assume (HxWxC) format
INFO 2026-09-28 11:44:51,480 sam2_image_predictor.py: 116: Computing image embeddings for the provided image...
INFO 2026-09-28 11:44:51,488 sam2_image_predictor.py: 129: Image embeddings computed.
INFO 2026-09-28 11:44:52,098 sam2_image_predictor.py: 102: For numpy array image, we assume (HxWxC) format
INFO 2026-09-28 11:44:52,103 sam2_image_predictor.py: 116: Computing image embeddings for the provided image...
INFO 2026-09-28 11:44:52,112 sam2_image_predictor.py: 129: Image embeddings computed.
INFO 2026-09-28 11:44:52,685 sam2_image_predictor.py: 102: For numpy array image, we assume (HxWxC) format
INFO 2026-09-28 11:44:52,701 sam2_image_predictor.py: 116: Computing image embeddings for the provided image...
INFO 2026-09-28 11:44:52,709 sam2_image_predictor.py: 129: Image embeddings computed.
INFO 2026-09-28 11:44:53,295 sam2_image_predictor.py: 102: For numpy array image, we assume (HxWxC) format
INFO 2026-09-28 11:44:53,303 sam2_image_predictor.py: 116: Computing image embeddings for the provided image...
INFO 2026-09-28 11:44:53,311 sam2_image_predictor.py: 129: Image embeddings computed.
INFO 2026-09-28 11:44:53,838 sam2_image_predictor.py: 102: For numpy array image, we assume (HxWxC) format
INFO 2026-09-28 11:44:53,845 sam2_image_predictor.py: 116: Computing image embeddings for the provided image...
INFO 2026-09-28 11:44:53,852 sam2_image_predictor.py: 129: Image embeddings computed.
INFO 2026-09-28 11:44:54,388 sam2_image_predictor.py: 102: For numpy array image, we assume (HxWxC) format
INFO 2026-09-28 11:44:54,394 sam2_image_predictor.py: 116: Computing image embeddings for the provided image...
INFO 2026-09-28 11:44:54,402 sam2_image_predictor.py: 129: Image embeddings computed.
INFO 2026-09-28 11:44:54,955 sam2_image_predictor.py: 102: For numpy array image, we assume (HxWxC) format
INFO 2026-09-28 11:44:54,962 sam2_image_predictor.py: 116: Computing image embeddings for the provided image...
INFO 2026-09-28 11:44:54,969 sam2_image_predictor.py: 129: Image embeddings computed.
INFO 2026-09-28 11:44:55,580 sam2_image_predictor.py: 102: For numpy array image, we assume (HxWxC) format
INFO 2026-09-28 11:44:55,612 sam2_image_predictor.py: 116: Computing image embeddings for the provided image...
INFO 2026-09-28 11:44:55,646 sam2_image_predictor.py: 129: Image embeddings computed.
INFO 2026-09-28 11:44:56,262 sam2_image_predictor.py: 102: For numpy array image, we assume (HxWxC) format
INFO 2026-09-28 11:44:56,283 sam2_image_predictor.py: 116: Computing image embeddings for the provided image...
INFO 2026-09-28 11:44:56,291 sam2_image_predictor.py: 129: Image embeddings computed.
INFO 2026-09-28 11:44:56,961 sam2_image_predictor.py: 102: For numpy array image, we assume (HxWxC) format
INFO 2026-09-28 11:44:56,983 sam2_image_predictor.py: 116: Computing image embeddings for the provided image...
INFO 2026-09-28 11:44:56,990 sam2_image_predictor.py: 129: Image embeddings computed.
INFO 2026-09-28 11:44:57,583 sam2_image_predictor.py: 102: For numpy array image, we assume (HxWxC) format
INFO 2026-09-28 11:44:57,600 sam2_image_predictor.py: 116: Computing image embeddings for the provided image...
INFO 2026-09-28 11:44:57,608 sam2_image_predictor.py: 129: Image embeddings computed.
INFO 2026-09-28 11:44:58,209 sam2_image_predictor.py: 102: For numpy array image, we assume (HxWxC) format
INFO 2026-09-28 11:44:58,220 sam2_image_predictor.py: 116: Computing image embeddings for the provided image...
INFO 2026-09-28 11:44:58,228 sam2_image_predictor.py: 129: Image embeddings computed.
INFO 2026-09-28 11:44:58,767 sam2_image_predictor.py: 102: For numpy array image, we assume (HxWxC) format
INFO 2026-09-28 11:44:58,772 sam2_image_predictor.py: 116: Computing image embeddings for the provided image...
INFO 2026-09-28 11:44:58,780 sam2_image_predictor.py: 129: Image embeddings computed.
INFO 2026-09-28 11:44:59,304 sam2_image_predictor.py: 102: For numpy array image, we assume (HxWxC) format
INFO 2026-09-28 11:44:59,323 sam2_image_predictor.py: 116: Computing image embeddings for the provided image...
INFO 2026-09-28 11:44:59,331 sam2_image_predictor.py: 129: Image embeddings computed.
INFO 2026-09-28 11:45:00,076 sam2_image_predictor.py: 102: For numpy array image, we assume (HxWxC) format
INFO 2026-09-28 11:45:00,083 sam2_image_predictor.py: 116: Computing image embeddings for the provided image...
INFO 2026-09-28 11:45:00,091 sam2_image_predictor.py: 129: Image embeddings computed.
INFO 2026-09-28 11:45:00,647 sam2_image_predictor.py: 102: For numpy array image, we assume (HxWxC) format
INFO 2026-09-28 11:45:00,748 sam2_image_predictor.py: 116: Computing image embeddings for the provided image...
INFO 2026-09-28 11:45:00,757 sam2_image_predictor.py: 129: Image embeddings computed.
INFO 2026-09-28 11:45:01,389 sam2_image_predictor.py: 102: For numpy array image, we assume (HxWxC) format
INFO 2026-09-28 11:45:01,415 sam2_image_predictor.py: 116: Computing image embeddings for the provided image...
INFO 2026-09-28 11:45:01,423 sam2_image_predictor.py: 129: Image embeddings computed.
INFO 2026-09-28 11:45:02,135 sam2_image_predictor.py: 102: For numpy array image, we assume (HxWxC) format
INFO 2026-09-28 11:45:02,152 sam2_image_predictor.py: 116: Computing image embeddings for the provided image...
INFO 2026-09-28 11:45:02,160 sam2_image_predictor.py: 129: Image embeddings computed.
INFO 2026-09-28 11:45:02,813 best_coco_trainer.py: 114: COCO eval rank 0: 60/100 images
INFO 2026-09-28 11:45:02,837 sam2_image_predictor.py: 102: For numpy array image, we assume (HxWxC) format
INFO 2026-09-28 11:45:02,865 sam2_image_predictor.py: 116: Computing image embeddings for the provided image...
INFO 2026-09-28 11:45:02,873 sam2_image_predictor.py: 129: Image embeddings computed.
INFO 2026-09-28 11:45:03,518 sam2_image_predictor.py: 102: For numpy array image, we assume (HxWxC) format
INFO 2026-09-28 11:45:03,536 sam2_image_predictor.py: 116: Computing image embeddings for the provided image...
INFO 2026-09-28 11:45:03,543 sam2_image_predictor.py: 129: Image embeddings computed.
INFO 2026-09-28 11:45:04,145 sam2_image_predictor.py: 102: For numpy array image, we assume (HxWxC) format
INFO 2026-09-28 11:45:04,150 sam2_image_predictor.py: 116: Computing image embeddings for the provided image...
INFO 2026-09-28 11:45:04,158 sam2_image_predictor.py: 129: Image embeddings computed.
INFO 2026-09-28 11:45:04,759 sam2_image_predictor.py: 102: For numpy array image, we assume (HxWxC) format
INFO 2026-09-28 11:45:04,765 sam2_image_predictor.py: 116: Computing image embeddings for the provided image...
INFO 2026-09-28 11:45:04,773 sam2_image_predictor.py: 129: Image embeddings computed.
INFO 2026-09-28 11:45:05,324 sam2_image_predictor.py: 102: For numpy array image, we assume (HxWxC) format
INFO 2026-09-28 11:45:05,329 sam2_image_predictor.py: 116: Computing image embeddings for the provided image...
INFO 2026-09-28 11:45:05,337 sam2_image_predictor.py: 129: Image embeddings computed.
INFO 2026-09-28 11:45:05,841 sam2_image_predictor.py: 102: For numpy array image, we assume (HxWxC) format
INFO 2026-09-28 11:45:05,846 sam2_image_predictor.py: 116: Computing image embeddings for the provided image...
INFO 2026-09-28 11:45:05,854 sam2_image_predictor.py: 129: Image embeddings computed.
INFO 2026-09-28 11:45:06,387 sam2_image_predictor.py: 102: For numpy array image, we assume (HxWxC) format
INFO 2026-09-28 11:45:06,393 sam2_image_predictor.py: 116: Computing image embeddings for the provided image...
INFO 2026-09-28 11:45:06,401 sam2_image_predictor.py: 129: Image embeddings computed.
INFO 2026-09-28 11:45:06,943 sam2_image_predictor.py: 102: For numpy array image, we assume (HxWxC) format
INFO 2026-09-28 11:45:06,949 sam2_image_predictor.py: 116: Computing image embeddings for the provided image...
INFO 2026-09-28 11:45:06,956 sam2_image_predictor.py: 129: Image embeddings computed.
INFO 2026-09-28 11:45:07,509 sam2_image_predictor.py: 102: For numpy array image, we assume (HxWxC) format
INFO 2026-09-28 11:45:07,530 sam2_image_predictor.py: 116: Computing image embeddings for the provided image...
INFO 2026-09-28 11:45:07,538 sam2_image_predictor.py: 129: Image embeddings computed.
INFO 2026-09-28 11:45:08,234 sam2_image_predictor.py: 102: For numpy array image, we assume (HxWxC) format
INFO 2026-09-28 11:45:08,253 sam2_image_predictor.py: 116: Computing image embeddings for the provided image...
INFO 2026-09-28 11:45:08,260 sam2_image_predictor.py: 129: Image embeddings computed.
INFO 2026-09-28 11:45:08,905 sam2_image_predictor.py: 102: For numpy array image, we assume (HxWxC) format
INFO 2026-09-28 11:45:08,924 sam2_image_predictor.py: 116: Computing image embeddings for the provided image...
INFO 2026-09-28 11:45:08,932 sam2_image_predictor.py: 129: Image embeddings computed.
INFO 2026-09-28 11:45:09,572 sam2_image_predictor.py: 102: For numpy array image, we assume (HxWxC) format
INFO 2026-09-28 11:45:09,604 sam2_image_predictor.py: 116: Computing image embeddings for the provided image...
INFO 2026-09-28 11:45:09,647 sam2_image_predictor.py: 129: Image embeddings computed.
INFO 2026-09-28 11:45:10,326 sam2_image_predictor.py: 102: For numpy array image, we assume (HxWxC) format
INFO 2026-09-28 11:45:10,344 sam2_image_predictor.py: 116: Computing image embeddings for the provided image...
INFO 2026-09-28 11:45:10,352 sam2_image_predictor.py: 129: Image embeddings computed.
INFO 2026-09-28 11:45:11,234 sam2_image_predictor.py: 102: For numpy array image, we assume (HxWxC) format
INFO 2026-09-28 11:45:11,267 sam2_image_predictor.py: 116: Computing image embeddings for the provided image...
INFO 2026-09-28 11:45:11,345 sam2_image_predictor.py: 129: Image embeddings computed.
INFO 2026-09-28 11:45:11,935 sam2_image_predictor.py: 102: For numpy array image, we assume (HxWxC) format
INFO 2026-09-28 11:45:11,950 sam2_image_predictor.py: 116: Computing image embeddings for the provided image...
INFO 2026-09-28 11:45:11,958 sam2_image_predictor.py: 129: Image embeddings computed.
INFO 2026-09-28 11:45:12,576 sam2_image_predictor.py: 102: For numpy array image, we assume (HxWxC) format
INFO 2026-09-28 11:45:12,603 sam2_image_predictor.py: 116: Computing image embeddings for the provided image...
INFO 2026-09-28 11:45:12,646 sam2_image_predictor.py: 129: Image embeddings computed.
INFO 2026-09-28 11:45:13,231 sam2_image_predictor.py: 102: For numpy array image, we assume (HxWxC) format
INFO 2026-09-28 11:45:13,247 sam2_image_predictor.py: 116: Computing image embeddings for the provided image...
INFO 2026-09-28 11:45:13,255 sam2_image_predictor.py: 129: Image embeddings computed.
INFO 2026-09-28 11:45:13,928 sam2_image_predictor.py: 102: For numpy array image, we assume (HxWxC) format
INFO 2026-09-28 11:45:13,956 sam2_image_predictor.py: 116: Computing image embeddings for the provided image...
INFO 2026-09-28 11:45:13,964 sam2_image_predictor.py: 129: Image embeddings computed.
INFO 2026-09-28 11:45:14,546 sam2_image_predictor.py: 102: For numpy array image, we assume (HxWxC) format
INFO 2026-09-28 11:45:14,551 sam2_image_predictor.py: 116: Computing image embeddings for the provided image...
INFO 2026-09-28 11:45:14,559 sam2_image_predictor.py: 129: Image embeddings computed.
INFO 2026-09-28 11:45:15,124 sam2_image_predictor.py: 102: For numpy array image, we assume (HxWxC) format
INFO 2026-09-28 11:45:15,144 sam2_image_predictor.py: 116: Computing image embeddings for the provided image...
INFO 2026-09-28 11:45:15,156 sam2_image_predictor.py: 129: Image embeddings computed.
INFO 2026-09-28 11:45:15,859 best_coco_trainer.py: 114: COCO eval rank 0: 80/100 images
INFO 2026-09-28 11:45:15,886 sam2_image_predictor.py: 102: For numpy array image, we assume (HxWxC) format
INFO 2026-09-28 11:45:15,941 sam2_image_predictor.py: 116: Computing image embeddings for the provided image...
INFO 2026-09-28 11:45:15,952 sam2_image_predictor.py: 129: Image embeddings computed.
INFO 2026-09-28 11:45:16,644 sam2_image_predictor.py: 102: For numpy array image, we assume (HxWxC) format
INFO 2026-09-28 11:45:16,650 sam2_image_predictor.py: 116: Computing image embeddings for the provided image...
INFO 2026-09-28 11:45:16,661 sam2_image_predictor.py: 129: Image embeddings computed.
INFO 2026-09-28 11:45:17,221 sam2_image_predictor.py: 102: For numpy array image, we assume (HxWxC) format
INFO 2026-09-28 11:45:17,227 sam2_image_predictor.py: 116: Computing image embeddings for the provided image...
INFO 2026-09-28 11:45:17,239 sam2_image_predictor.py: 129: Image embeddings computed.
INFO 2026-09-28 11:45:17,820 sam2_image_predictor.py: 102: For numpy array image, we assume (HxWxC) format
INFO 2026-09-28 11:45:17,855 sam2_image_predictor.py: 116: Computing image embeddings for the provided image...
INFO 2026-09-28 11:45:17,866 sam2_image_predictor.py: 129: Image embeddings computed.
INFO 2026-09-28 11:45:18,739 sam2_image_predictor.py: 102: For numpy array image, we assume (HxWxC) format
INFO 2026-09-28 11:45:18,769 sam2_image_predictor.py: 116: Computing image embeddings for the provided image...
INFO 2026-09-28 11:45:18,847 sam2_image_predictor.py: 129: Image embeddings computed.
